player_id,player_name,season,position_group,age_band,games_played,expected_games,claim_classification,games_missed,is_ptd,is_ttd
00-0000045,Flozell Adams,2009,OL,31+,,,no_claim,,0,0
00-0000865,Charlie Batch,2009,QB,31+,1.0,16.0,PTD,15.0,1,0
00-0001263,Matt Birk,2009,OL,31+,,,no_claim,,0,0
00-0002110,Mark Brunell,2009,QB,31+,4.0,16.0,no_claim,,0,0
00-0003292,Kerry Collins,2009,QB,31+,7.0,16.0,no_claim,,0,0
00-0003315,Todd Collins,2009,QB,31+,3.0,16.0,no_claim,,0,0
00-0003739,Daunte Culpepper,2009,QB,31+,8.0,16.0,no_claim,,0,0
00-0004161,Jake Delhomme,2009,QB,31+,11.0,16.0,excluded_sub_threshold,5.0,0,0
00-0005058,Alan Faneca,2009,OL,31+,,,no_claim,,0,0
00-0005091,Kevin Faulk,2009,RB,31+,15.0,16.0,no_claim,,0,0
00-0005106,Brett Favre,2009,QB,31+,16.0,16.0,no_claim,,0,0
00-0005755,Jeff Garcia,2009,QB,31+,1.0,16.0,no_claim,,0,0
00-0006072,Mike Goff,2009,OL,31+,,,no_claim,,0,0
00-0006305,Ahman Green,2009,RB,31+,7.0,16.0,PTD,9.0,1,0
00-0007091,Matt Hasselbeck,2009,QB,31+,14.0,16.0,excluded_sub_threshold,2.0,0,0
00-0008241,Edgerrin James,2009,RB,31+,7.0,16.0,no_claim,,0,0
00-0008271,Jon Jansen,2009,OL,31+,,,no_claim,,0,0
00-0008894,Walter Jones,2009,OL,31+,,,no_claim,,0,0
00-0009311,Jon Kitna,2009,QB,31+,,,no_claim,,0,0
00-0009472,Olin Kreutz,2009,OL,31+,,,no_claim,,0,0
00-0010346,Peyton Manning,2009,QB,31+,16.0,16.0,no_claim,,0,0
00-0010577,Kevin Mawae,2009,OL,31+,,,no_claim,,0,0
00-0010711,Todd McClure,2009,OL,31+,,,no_claim,,0,0
00-0011022,Donovan McNabb,2009,QB,31+,14.0,16.0,excluded_sub_threshold,2.0,0,0
00-0012023,Jamar Nesbit,2009,OL,31+,,,no_claim,,0,0
00-0012485,Orlando Pace,2009,OL,31+,,,no_claim,,0,0
00-0013694,Tony Richardson,2009,RB,31+,9.0,16.0,no_claim,,0,0
00-0014169,Jon Runyan,2009,OL,31+,,,no_claim,,0,0
00-0014255,Ephraim Salaam,2009,OL,31+,,,no_claim,,0,0
00-0014375,Jeff Saturday,2009,OL,31+,,,no_claim,,0,0
00-0014655,Mike Sellers,2009,RB,31+,14.0,16.0,excluded_sub_threshold,2.0,0,0
00-0015601,Aaron Stecker,2009,RB,31+,3.0,16.0,no_claim,,0,0
00-0016098,Fred Taylor,2009,RB,31+,6.0,16.0,PTD,10.0,1,0
00-0016098,Fred Taylor,2009,RB,31+,6.0,16.0,PTD,10.0,1,0
00-0016310,Randy Thomas,2009,OL,31+,,,no_claim,,0,0
00-0016334,Tra Thomas,2009,OL,31+,,,no_claim,,0,0
00-0017200,Kurt Warner,2009,QB,31+,15.0,16.0,no_claim,,0,0
00-0017638,Casey Wiegmann,2009,OL,31+,,,no_claim,,0,0
00-0017915,Ricky Williams,2009,RB,31+,16.0,16.0,no_claim,,0,0
00-0018234,Damien Woody,2009,OL,31+,,,no_claim,,0,0
00-0018584,Brian Waters,2009,OL,31+,,,no_claim,,0,0
00-0018613,Cornell Green,2009,OL,31+,,,no_claim,,0,0
00-0018925,Barry Sims,2009,OL,31+,,,no_claim,,0,0
00-0018956,Brad Meester,2009,OL,31+,,,no_claim,,0,0
00-0019041,Billy Volek,2009,QB,31+,4.0,16.0,no_claim,,0,0
00-0019100,Brad Hoover,2009,RB,31+,7.0,16.0,PTD,9.0,1,0
00-0019133,Hank Fraley,2009,OL,31+,,,no_claim,,0,0
00-0019135,Dan Kreider,2009,RB,31+,6.0,16.0,no_claim,,0,0
00-0019276,Shaun O'Hara,2009,OL,31+,,,no_claim,,0,0
00-0019484,Sammy Morris,2009,RB,31+,12.0,16.0,excluded_sub_threshold,4.0,0,0
00-0019502,Mark Tauscher,2009,OL,31+,,,no_claim,,0,0
00-0019559,Chad Pennington,2009,QB,31+,3.0,16.0,no_claim,,0,0
00-0019587,Terrelle Smith,2009,RB,31+,2.0,16.0,no_claim,,0,0
00-0019596,Tom Brady,2009,QB,31+,16.0,16.0,no_claim,,0,0
00-0019597,Tutan Reyes,2009,OL,31+,,,no_claim,,0,0
00-0019599,Marc Bulger,2009,QB,31+,9.0,16.0,PTD,7.0,1,0
00-0019629,Bobbie Williams,2009,OL,31+,,,no_claim,,0,0
00-0019632,Cooper Carlisle,2009,OL,31+,,,no_claim,,0,0
00-0019640,Chris Samuels,2009,OL,31+,,,no_claim,,0,0
00-0019641,Thomas Jones,2009,RB,31+,16.0,16.0,no_claim,,0,0
00-0019664,Damion McIntosh,2009,OL,31+,,,no_claim,,0,0
00-0019666,John St. Clair,2009,OL,31+,,,no_claim,,0,0
00-0019693,Jamal Lewis,2009,RB,31+,9.0,16.0,PTD,7.0,1,0
00-0019702,Chad Clifton,2009,OL,31+,,,no_claim,,0,0
00-0019709,Chris Redman,2009,QB,31+,5.0,16.0,no_claim,,0,0
00-0019954,Keydrick Vincent,2009,OL,31+,,,no_claim,,0,0
00-0020138,Rich Seubert,2009,OL,31+,,,no_claim,,0,0
00-0020245,Michael Vick,2009,QB,28-30,12.0,16.0,no_claim,,0,0
00-0020260,Roberto Garza,2009,OL,31+,,,no_claim,,0,0
00-0020262,Kynan Forney,2009,OL,31+,,,no_claim,,0,0
00-0020270,Correll Buckhalter,2009,RB,31+,14.0,16.0,excluded_sub_threshold,2.0,0,0
00-0020270,Correll Buckhalter,2009,RB,31+,14.0,16.0,excluded_sub_threshold,2.0,0,0
00-0020305,A.J. Feeley,2009,QB,31+,,,no_claim,,0,0
00-0020342,Brandon Manumaleuna,2009,RB,28-30,6.0,16.0,no_claim,,0,0
00-0020344,Brandon Gorin,2009,OL,31+,,,no_claim,,0,0
00-0020348,Floyd Womack,2009,OL,31+,,,no_claim,,0,0
00-0020368,Ben Hamilton,2009,OL,31+,,,no_claim,,0,0
00-0020369,Dennis Norman,2009,OL,28-30,,,no_claim,,0,0
00-0020389,Russ Hochstein,2009,OL,31+,,,no_claim,,0,0
00-0020399,Ryan Diem,2009,OL,31+,,,no_claim,,0,0
00-0020406,Mike Gandy,2009,OL,31+,,,no_claim,,0,0
00-0020444,Jeff Backus,2009,OL,31+,,,no_claim,,0,0
00-0020445,Dominic Raiola,2009,OL,31+,,,no_claim,,0,0
00-0020450,Casey Rabach,2009,OL,31+,,,no_claim,,0,0
00-0020457,Steve Neal,2009,OL,31+,,,no_claim,,0,0
00-0020461,Maurice Williams,2009,OL,31+,,,no_claim,,0,0
00-0020462,LaMont Jordan,2009,RB,31+,6.0,16.0,PTD,10.0,1,0
00-0020463,Kareem McKenzie,2009,OL,31+,,,no_claim,,0,0
00-0020466,Steve Hutchinson,2009,OL,31+,,,no_claim,,0,0
00-0020480,Sage Rosenfels,2009,QB,31+,,,no_claim,,0,0
00-0020507,Heath Evans,2009,RB,31+,6.0,16.0,no_claim,,0,0
00-0020508,Moran Norris,2009,RB,31+,11.0,16.0,no_claim,,0,0
00-0020514,Michael Bennett,2009,RB,31+,3.0,16.0,no_claim,,0,0
00-0020527,Deuce McAllister,2009,RB,31+,,,no_claim,,0,0
00-0020531,Drew Brees,2009,QB,31+,15.0,16.0,no_claim,,0,0
00-0020533,Leonard Davis,2009,OL,31+,,,no_claim,,0,0
00-0020536,LaDainian Tomlinson,2009,RB,31+,14.0,16.0,excluded_sub_threshold,2.0,0,0
00-0020543,Matt Light,2009,OL,31+,,,no_claim,,0,0
00-0020608,David Carr,2009,QB,31+,6.0,16.0,no_claim,,0,0
00-0020679,Shaun Hill,2009,QB,28-30,6.0,16.0,no_claim,,0,0
00-0020801,Artis Hicks,2009,OL,31+,,,no_claim,,0,0
00-0020804,Corey McIntyre,2009,RB,31+,4.0,16.0,TTD,12.0,0,1
00-0020805,Jason McKie,2009,RB,28-30,8.0,16.0,no_claim,,0,0
00-0020969,Brandon Moore,2009,OL,28-30,,,no_claim,,0,0
00-0021064,Tony Wragge,2009,OL,31+,,,no_claim,,0,0
00-0021106,Kevin Shaffer,2009,OL,28-30,,,no_claim,,0,0
00-0021142,Mike Williams,2009,OL,28-30,,,no_claim,,0,0
00-0021145,Levi Jones,2009,OL,31+,,,no_claim,,0,0
00-0021160,Marc Colombo,2009,OL,31+,,,no_claim,,0,0
00-0021161,Kendall Simmons,2009,OL,31+,,,no_claim,,0,0
00-0021178,Chester Pitts,2009,OL,31+,,,no_claim,,0,0
00-0021179,Clinton Portis,2009,RB,28-30,8.0,16.0,PTD,8.0,1,0
00-0021181,Langston Walker,2009,OL,28-30,,,no_claim,,0,0
00-0021182,Maurice Morris,2009,RB,28-30,14.0,16.0,no_claim,,0,0
00-0021184,Ladell Betts,2009,RB,31+,10.0,16.0,no_claim,,0,0
00-0021201,Melvin Fowler,2009,OL,31+,,,no_claim,,0,0
00-0021206,Josh McCown,2009,QB,31+,1.0,16.0,no_claim,,0,0
00-0021215,Seth McKinney,2009,OL,31+,,,no_claim,,0,0
00-0021216,Brian Westbrook,2009,RB,28-30,8.0,16.0,TTD,8.0,0,1
00-0021231,David Garrard,2009,QB,31+,16.0,16.0,no_claim,,0,0
00-0021267,Jonathan Goodwin,2009,OL,31+,,,no_claim,,0,0
00-0021279,Verron Haynes,2009,RB,31+,2.0,16.0,no_claim,,0,0
00-0021296,J.T. O'Sullivan,2009,QB,31+,3.0,16.0,no_claim,,0,0
00-0021297,Justin Hartwig,2009,OL,31+,,,no_claim,,0,0
00-0021306,Adrian Peterson,2009,RB,31+,3.0,16.0,PTD,13.0,1,0
00-0021314,Chester Taylor,2009,RB,28-30,16.0,16.0,no_claim,,0,0
00-0021341,Eric Heitmann,2009,OL,28-30,,,no_claim,,0,0
00-0021348,Kyle Kosier,2009,OL,31+,,,no_claim,,0,0
00-0021357,Rock Cartwright,2009,RB,28-30,11.0,16.0,no_claim,,0,0
00-0021379,Patrick Ramsey,2009,QB,31+,,,no_claim,,0,0
00-0021383,Bryant McKinnie,2009,OL,28-30,,,no_claim,,0,0
00-0021385,Andre Gurode,2009,OL,31+,,,no_claim,,0,0
00-0021429,Carson Palmer,2009,QB,28-30,16.0,16.0,no_claim,,0,0
00-0021464,Brett Romberg,2009,OL,28-30,,,no_claim,,0,0
00-0021504,Jamaal Jackson,2009,OL,28-30,,,no_claim,,0,0
00-0021546,Kris Dielman,2009,OL,28-30,,,no_claim,,0,0
00-0021637,Adam Goldberg,2009,OL,28-30,,,no_claim,,0,0
00-0021678,Tony Romo,2009,QB,28-30,16.0,16.0,no_claim,,0,0
00-0021755,Earnest Graham,2009,RB,28-30,11.0,16.0,no_claim,,0,0
00-0021798,Billy Yates,2009,OL,28-30,,,no_claim,,0,0
00-0021902,Scott Kooistra,2009,OL,28-30,,,no_claim,,0,0
00-0021911,Reggie Wells,2009,OL,28-30,,,no_claim,,0,0
00-0021922,David Diehl,2009,OL,28-30,,,no_claim,,0,0
00-0021959,Jordan Black,2009,OL,28-30,,,no_claim,,0,0
00-0021974,Jeremy Bridges,2009,OL,28-30,,,no_claim,,0,0
00-0021976,Larry Johnson,2009,RB,28-30,14.0,16.0,no_claim,,0,0
00-0022000,Wayne Hunter,2009,OL,28-30,,,no_claim,,0,0
00-0022003,B.J. Askew,2009,RB,28-30,3.0,16.0,PTD,13.0,1,0
00-0022005,Chris Simms,2009,QB,28-30,3.0,16.0,no_claim,,0,0
00-0022011,Justin Griffith,2009,RB,28-30,12.0,16.0,excluded_sub_threshold,4.0,0,0
00-0022018,Ben Claxton,2009,OL,28-30,,,no_claim,,0,0
00-0022019,Dan Koppen,2009,OL,28-30,,,no_claim,,0,0
00-0022021,Sean Mahan,2009,OL,28-30,,,no_claim,,0,0
00-0022055,Seneca Wallace,2009,QB,28-30,13.0,16.0,no_claim,,0,0
00-0022078,Jon Stinchcomb,2009,OL,31+,,,no_claim,,0,0
00-0022089,Vincent Manuwai,2009,OL,28-30,,,no_claim,,0,0
00-0022092,Chris Brown,2009,RB,28-30,14.0,16.0,no_claim,,0,0
00-0022093,Justin Fargas,2009,RB,28-30,12.0,16.0,excluded_sub_threshold,4.0,0,0
00-0022094,Montrae Holland,2009,OL,28-30,,,no_claim,,0,0
00-0022101,Brian St. Pierre,2009,QB,28-30,1.0,16.0,no_claim,,0,0
00-0022112,Gibran Hamdan,2009,QB,28-30,,,no_claim,,0,0
00-0022117,Jordan Gross,2009,OL,28-30,,,no_claim,,0,0
00-0022121,Rex Grossman,2009,QB,28-30,1.0,16.0,no_claim,,0,0
00-0022122,Eric Steinbach,2009,OL,28-30,,,no_claim,,0,0
00-0022131,Wade Smith,2009,OL,28-30,,,no_claim,,0,0
00-0022132,Derrick Dockery,2009,OL,28-30,,,no_claim,,0,0
00-0022141,Jeremi Johnson,2009,RB,28-30,12.0,16.0,no_claim,,0,0
00-0022143,Ovie Mughelli,2009,RB,28-30,7.0,16.0,no_claim,,0,0
00-0022149,Tony Pashos,2009,OL,28-30,,,no_claim,,0,0
00-0022157,Jeff Faine,2009,OL,28-30,,,no_claim,,0,0
00-0022164,Kyle Boller,2009,QB,28-30,7.0,16.0,no_claim,,0,0
00-0022177,Byron Leftwich,2009,QB,28-30,3.0,16.0,no_claim,,0,0
00-0022178,Willis McGahee,2009,RB,28-30,15.0,16.0,no_claim,,0,0
00-0022214,Travelle Wharton,2009,OL,28-30,,,no_claim,,0,0
00-0022217,Mewelde Moore,2009,RB,28-30,15.0,16.0,no_claim,,0,0
00-0022245,Tyson Clabo,2009,OL,28-30,,,no_claim,,0,0
00-0022250,Willie Parker,2009,RB,28-30,13.0,16.0,excluded_sub_threshold,3.0,0,0
00-0022266,Anthony Herrera,2009,OL,28-30,,,no_claim,,0,0
00-0022288,Jason Wright,2009,RB,28-30,10.0,16.0,no_claim,,0,0
00-0022350,Ryan Lilja,2009,OL,28-30,,,no_claim,,0,0
00-0022397,Vonta Leach,2009,RB,28-30,13.0,16.0,no_claim,,0,0
00-0022405,Lousaka Polite,2009,RB,28-30,16.0,16.0,no_claim,,0,0
00-0022434,Carey Davis,2009,RB,28-30,1.0,16.0,PTD,15.0,1,0
00-0022529,Luke Lawton,2009,RB,28-30,7.0,16.0,PTD,9.0,1,0
00-0022531,Jason Peters,2009,OL,28-30,,,no_claim,,0,0
00-0022728,Kirk Chambers,2009,OL,31+,,,no_claim,,0,0
00-0022736,Steven Jackson,2009,RB,25-27,15.0,16.0,no_claim,,0,0
00-0022744,Jim Sorgi,2009,QB,28-30,,,no_claim,,0,0
00-0022755,Jake Scott,2009,OL,28-30,,,no_claim,,0,0
00-0022770,Derrick Ward,2009,RB,28-30,14.0,16.0,no_claim,,0,0
00-0022771,Eugene Amano,2009,OL,28-30,,,no_claim,,0,0
00-0022779,Shawn Andrews,2009,OL,25-27,,,no_claim,,0,0
00-0022785,Max Starks,2009,OL,28-30,,,no_claim,,0,0
00-0022787,Matt Schaub,2009,QB,28-30,16.0,16.0,no_claim,,0,0
00-0022796,Mike Karney,2009,RB,28-30,7.0,16.0,PTD,9.0,1,0
00-0022803,Eli Manning,2009,QB,28-30,16.0,16.0,no_claim,,0,0
00-0022804,Nick Hardwick,2009,OL,28-30,,,no_claim,,0,0
00-0022808,Stephen Peterman,2009,OL,28-30,,,no_claim,,0,0
00-0022821,Michael Turner,2009,RB,28-30,11.0,16.0,excluded_sub_threshold,5.0,0,0
00-0022832,Scott Wells,2009,OL,28-30,,,no_claim,,0,0
00-0022836,Robert Gallery,2009,OL,28-30,,,no_claim,,0,0
00-0022838,Chris Snee,2009,OL,28-30,,,no_claim,,0,0
00-0022840,Julius Jones,2009,RB,28-30,14.0,16.0,excluded_sub_threshold,2.0,0,0
00-0022841,Jake Grove,2009,OL,28-30,,,no_claim,,0,0
00-0022855,Sean Locklear,2009,OL,28-30,,,no_claim,,0,0
00-0022864,Luke McCown,2009,QB,28-30,2.0,16.0,no_claim,,0,0
00-0022870,Stacy Andrews,2009,OL,28-30,,,no_claim,,0,0
00-0022875,Jacob Bell,2009,OL,28-30,,,no_claim,,0,0
00-0022890,Vernon Carey,2009,OL,28-30,,,no_claim,,0,0
00-0022895,Justin Smiley,2009,OL,28-30,,,no_claim,,0,0
00-0022897,Greg Jones,2009,RB,28-30,9.0,16.0,TTD,7.0,0,1
00-0022904,Nick Leckey,2009,OL,28-30,,,no_claim,,0,0
00-0022905,Rex Hadnot,2009,OL,28-30,,,no_claim,,0,0
00-0022912,J.P. Losman,2009,QB,28-30,1.0,16.0,no_claim,,0,0
00-0022924,Ben Roethlisberger,2009,QB,28-30,15.0,16.0,no_claim,,0,0
00-0022942,Philip Rivers,2009,QB,28-30,16.0,16.0,no_claim,,0,0
00-0022979,Dan Connolly,2009,OL,25-27,,,no_claim,,0,0
00-0022984,Ryan Grant,2009,RB,25-27,16.0,16.0,no_claim,,0,0
00-0022999,John Kuhn,2009,RB,25-27,8.0,16.0,no_claim,,0,0
00-0023016,Erik Pears,2009,OL,28-30,,,no_claim,,0,0
00-0023023,Cory Procter,2009,OL,25-27,,,no_claim,,0,0
00-0023063,Leonard Weaver,2009,RB,25-27,16.0,16.0,no_claim,,0,0
00-0023074,Sam Gado,2009,RB,25-27,9.0,16.0,no_claim,,0,0
00-0023180,Harvey Dahl,2009,OL,28-30,,,no_claim,,0,0
00-0023251,Kyle Eckel,2009,RB,28-30,3.0,16.0,no_claim,,0,0
00-0023299,Ikechuku Ndukwe,2009,OL,28-30,,,no_claim,,0,0
00-0023318,Chris White,2009,OL,25-27,,,no_claim,,0,0
00-0023362,Chris Kemoeatu,2009,OL,25-27,,,no_claim,,0,0
00-0023436,Alex Smith,2009,QB,25-27,11.0,16.0,no_claim,,0,0
00-0023437,Ronnie Brown,2009,RB,28-30,9.0,16.0,TTD,7.0,0,1
00-0023439,Cedric Benson,2009,RB,25-27,13.0,16.0,excluded_sub_threshold,3.0,0,0
00-0023440,Carnell Williams,2009,RB,28-30,16.0,16.0,no_claim,,0,0
00-0023447,Jammal Brown,2009,OL,28-30,,,no_claim,,0,0
00-0023454,Alex Barron,2009,OL,25-27,,,no_claim,,0,0
00-0023459,Aaron Rodgers,2009,QB,25-27,16.0,16.0,no_claim,,0,0
00-0023460,Jason Campbell,2009,QB,28-30,16.0,16.0,no_claim,,0,0
00-0023461,Chris Spencer,2009,OL,28-30,,,no_claim,,0,0
00-0023467,Logan Mankins,2009,OL,28-30,,,no_claim,,0,0
00-0023468,David Baas,2009,OL,28-30,,,no_claim,,0,0
00-0023476,Michael Roos,2009,OL,25-27,,,no_claim,,0,0
00-0023484,Marcus Johnson,2009,OL,28-30,,,no_claim,,0,0
00-0023487,Khalif Barnes,2009,OL,28-30,,,no_claim,,0,0
00-0023500,Frank Gore,2009,RB,25-27,14.0,16.0,excluded_sub_threshold,2.0,0,0
00-0023502,Charlie Frye,2009,QB,28-30,3.0,16.0,no_claim,,0,0
00-0023512,Ryan Moats,2009,RB,25-27,8.0,16.0,no_claim,,0,0
00-0023514,Evan Mathis,2009,OL,28-30,,,no_claim,,0,0
00-0023516,Richie Incognito,2009,OL,25-27,,,no_claim,,0,0
00-0023528,Trai Essex,2009,OL,25-27,,,no_claim,,0,0
00-0023529,Adam Snyder,2009,OL,28-30,,,no_claim,,0,0
00-0023535,Nick Kaczur,2009,OL,31+,,,no_claim,,0,0
00-0023540,Ray Willis,2009,OL,28-30,,,no_claim,,0,0
00-0023541,Kyle Orton,2009,QB,25-27,16.0,16.0,no_claim,,0,0
00-0023544,Marion Barber,2009,RB,25-27,15.0,16.0,no_claim,,0,0
00-0023545,Brandon Jacobs,2009,RB,28-30,15.0,16.0,no_claim,,0,0
00-0023548,David Stewart,2009,OL,28-30,,,no_claim,,0,0
00-0023553,Eric Ghiaciuc,2009,OL,28-30,,,no_claim,,0,0
00-0023556,Duke Preston,2009,OL,28-30,,,no_claim,,0,0
00-0023558,Jason Brown,2009,OL,25-27,,,no_claim,,0,0
00-0023560,Todd Herremans,2009,OL,25-27,,,no_claim,,0,0
00-0023561,Alvin Pearman,2009,RB,28-30,,,no_claim,,0,0
00-0023563,Dylan Gandy,2009,OL,28-30,,,no_claim,,0,0
00-0023564,Darren Sproles,2009,RB,25-27,16.0,16.0,no_claim,,0,0
00-0023578,Dan Orlovsky,2009,QB,25-27,,,no_claim,,0,0
00-0023583,Daniel Loper,2009,OL,28-30,,,no_claim,,0,0
00-0023596,Frank Omiyale,2009,OL,25-27,,,no_claim,,0,0
00-0023602,Geoff Hangartner,2009,OL,28-30,,,no_claim,,0,0
00-0023620,Will Svitek,2009,OL,28-30,,,no_claim,,0,0
00-0023633,Chris Myers,2009,OL,28-30,,,no_claim,,0,0
00-0023639,Joe Berger,2009,OL,28-30,,,no_claim,,0,0
00-0023641,Rob Petitti,2009,OL,28-30,,,no_claim,,0,0
00-0023645,Derek Anderson,2009,QB,25-27,8.0,16.0,no_claim,,0,0
00-0023654,Nehemiah Broughton,2009,RB,25-27,,,no_claim,,0,0
00-0023662,Matt Cassel,2009,QB,28-30,15.0,16.0,no_claim,,0,0
00-0023674,Scott Mruczkowski,2009,OL,28-30,,,no_claim,,0,0
00-0023682,Ryan Fitzpatrick,2009,QB,25-27,10.0,16.0,no_claim,,0,0
00-0023683,Madison Hedgecock,2009,RB,28-30,7.0,16.0,no_claim,,0,0
00-0023774,Naufahu Tahi,2009,RB,28-30,10.0,16.0,no_claim,,0,0
00-0023806,De De Dorsey,2009,RB,25-27,,,no_claim,,0,0
00-0023846,Mike Brisiel,2009,OL,25-27,,,no_claim,,0,0
00-0023859,Brett Basanez,2009,QB,25-27,,,no_claim,,0,0
00-0023880,Mark LeVoir,2009,OL,28-30,,,no_claim,,0,0
00-0023894,Donald Penn,2009,OL,25-27,,,no_claim,,0,0
00-0023920,Dennis Roland,2009,OL,25-27,,,no_claim,,0,0
00-0023926,Daniel Federkeil,2009,OL,25-27,,,no_claim,,0,0
00-0023958,Nate Livings,2009,OL,28-30,,,no_claim,,0,0
00-0024011,Mike Bell,2009,RB,25-27,13.0,16.0,excluded_sub_threshold,3.0,0,0
00-0024103,Montell Owens,2009,RB,25-27,2.0,16.0,no_claim,,0,0
00-0024156,Nick Cole,2009,OL,25-27,,,no_claim,,0,0
00-0024172,Patrick Cobbs,2009,RB,25-27,4.0,16.0,no_claim,,0,0
00-0024188,Rudy Niswanger,2009,OL,25-27,,,no_claim,,0,0
00-0024193,Willie Colon,2009,OL,25-27,,,no_claim,,0,0
00-0024204,Fred Jackson,2009,RB,28-30,16.0,16.0,no_claim,,0,0
00-0024217,Reggie Bush,2009,RB,25-27,14.0,16.0,no_claim,,0,0
00-0024218,Vince Young,2009,QB,25-27,12.0,16.0,no_claim,,0,0
00-0024219,D'Brickashaw Ferguson,2009,OL,25-27,,,no_claim,,0,0
00-0024225,Matt Leinart,2009,QB,25-27,8.0,16.0,no_claim,,0,0
00-0024226,Jay Cutler,2009,QB,25-27,16.0,16.0,no_claim,,0,0
00-0024236,Laurence Maroney,2009,RB,25-27,15.0,16.0,no_claim,,0,0
00-0024238,Davin Joseph,2009,OL,25-27,,,no_claim,,0,0
00-0024242,DeAngelo Williams,2009,RB,25-27,13.0,16.0,excluded_sub_threshold,3.0,0,0
00-0024244,Nick Mangold,2009,OL,25-27,,,no_claim,,0,0
00-0024245,Joseph Addai,2009,RB,25-27,15.0,16.0,no_claim,,0,0
00-0024254,Winston Justice,2009,OL,25-27,,,no_claim,,0,0
00-0024256,Deuce Lutui,2009,OL,25-27,,,no_claim,,0,0
00-0024260,LenDale White,2009,RB,25-27,13.0,16.0,no_claim,,0,0
00-0024262,Daryn Colledge,2009,OL,28-30,,,no_claim,,0,0
00-0024264,Kellen Clemens,2009,QB,25-27,6.0,16.0,no_claim,,0,0
00-0024265,Marcus McNeill,2009,OL,25-27,,,no_claim,,0,0
00-0024266,Ryan Cook,2009,OL,25-27,,,no_claim,,0,0
00-0024270,Andrew Whitworth,2009,OL,28-30,,,no_claim,,0,0
00-0024271,Chris Chester,2009,OL,25-27,,,no_claim,,0,0
00-0024274,Jeremy Trueblood,2009,OL,25-27,,,no_claim,,0,0
00-0024275,Maurice Jones-Drew,2009,RB,25-27,16.0,16.0,no_claim,,0,0
00-0024279,Tarvaris Jackson,2009,QB,25-27,8.0,16.0,no_claim,,0,0
00-0024281,Eric Winston,2009,OL,25-27,,,no_claim,,0,0
00-0024284,Paul McQuistan,2009,OL,25-27,,,no_claim,,0,0
00-0024290,Jason Spitz,2009,OL,25-27,,,no_claim,,0,0
00-0024294,Jerious Norwood,2009,RB,25-27,10.0,16.0,PTD,6.0,1,0
00-0024296,Charlie Whitehurst,2009,QB,28-30,,,no_claim,,0,0
00-0024300,Brodie Croyle,2009,QB,25-27,3.0,16.0,no_claim,,0,0
00-0024304,Rashad Butler,2009,OL,25-27,,,no_claim,,0,0
00-0024314,Max Jean-Gilles,2009,OL,25-27,,,no_claim,,0,0
00-0024315,Michael Robinson,2009,RB,25-27,9.0,16.0,TTD,7.0,0,1
00-0024323,Jahri Evans,2009,OL,25-27,,,no_claim,,0,0
00-0024332,Leon Washington,2009,RB,28-30,7.0,16.0,no_claim,,0,0
00-0024343,Rob Sims,2009,OL,25-27,,,no_claim,,0,0
00-0024344,Guy Whimper,2009,OL,25-27,,,no_claim,,0,0
00-0024350,Ryan O'Callaghan,2009,OL,25-27,,,no_claim,,0,0
00-0024353,Quinn Ojinnaka,2009,OL,25-27,,,no_claim,,0,0
00-0024355,Jonathan Scott,2009,OL,25-27,,,no_claim,,0,0
00-0024357,Brad Butler,2009,OL,25-27,,,no_claim,,0,0
00-0024359,Jerome Harrison,2009,RB,25-27,14.0,16.0,no_claim,,0,0
00-0024375,Chris Kuper,2009,OL,25-27,,,no_claim,,0,0
00-0024376,Michael Toudouze,2009,OL,25-27,,,no_claim,,0,0
00-0024379,Tony Moll,2009,OL,25-27,,,no_claim,,0,0
00-0024390,Kevin Boothe,2009,OL,25-27,,,no_claim,,0,0
00-0024394,Lawrence Vickers,2009,RB,25-27,12.0,16.0,no_claim,,0,0
00-0024401,Jeromey Clary,2009,OL,25-27,,,no_claim,,0,0
00-0024408,Bruce Gradkowski,2009,QB,25-27,7.0,16.0,PTD,9.0,1,0
00-0024413,Charlie Johnson,2009,OL,25-27,,,no_claim,,0,0
00-0024424,Zach Strief,2009,OL,25-27,,,no_claim,,0,0
00-0024425,Pat McQuistan,2009,OL,25-27,,,no_claim,,0,0
00-0024428,Chris Morris,2009,OL,25-27,,,no_claim,,0,0
00-0024448,Will Montgomery,2009,OL,25-27,,,no_claim,,0,0
00-0024456,Mark Setterstrom,2009,OL,25-27,,,no_claim,,0,0
00-0024460,Quinton Ganther,2009,RB,25-27,8.0,16.0,no_claim,,0,0
00-0024489,Ahmard Hall,2009,RB,28-30,12.0,16.0,no_claim,,0,0
00-0024559,Danny Ware,2009,RB,25-27,4.0,16.0,TTD,12.0,0,1
00-0024561,Marcus Mason,2009,RB,25-27,9.0,16.0,no_claim,,0,0
00-0024574,Christian Gaddis,2009,OL,25-27,,,no_claim,,0,0
00-0024583,Stephon Heyer,2009,OL,25-27,,,no_claim,,0,0
00-0024670,Kyle Cook,2009,OL,25-27,,,no_claim,,0,0
00-0024738,Eldra Buckley,2009,RB,25-27,6.0,16.0,no_claim,,0,0
00-0024763,Charles Ali,2009,RB,25-27,,,no_claim,,0,0
00-0024812,Tyler Palko,2009,QB,25-27,,,no_claim,,0,0
00-0024813,Pierre Thomas,2009,RB,25-27,14.0,16.0,excluded_sub_threshold,2.0,0,0
00-0024824,Matt Gutierrez,2009,QB,25-27,1.0,16.0,no_claim,,0,0
00-0024846,Gary Russell,2009,RB,<=24,6.0,16.0,no_claim,,0,0
00-0025388,JaMarcus Russell,2009,QB,25-27,12.0,16.0,no_claim,,0,0
00-0025390,Joe Thomas,2009,OL,25-27,,,no_claim,,0,0
00-0025392,Levi Brown,2009,OL,25-27,,,no_claim,,0,0
00-0025394,Adrian Peterson,2009,RB,25-27,16.0,16.0,no_claim,,0,0
00-0025399,Marshawn Lynch,2009,RB,<=24,13.0,16.0,no_claim,,0,0
00-0025409,Brady Quinn,2009,QB,25-27,10.0,16.0,no_claim,,0,0
00-0025415,Joe Staley,2009,OL,25-27,,,no_claim,,0,0
00-0025416,Ben Grubbs,2009,OL,25-27,,,no_claim,,0,0
00-0025423,Kevin Kolb,2009,QB,25-27,3.0,16.0,no_claim,,0,0
00-0025426,Justin Blalock,2009,OL,25-27,,,no_claim,,0,0
00-0025427,John Beck,2009,QB,28-30,,,no_claim,,0,0
00-0025429,Tony Ugoh,2009,OL,25-27,,,no_claim,,0,0
00-0025430,Drew Stanton,2009,QB,25-27,3.0,16.0,PTD,13.0,1,0
00-0025437,Chris Henry,2009,RB,25-27,,,no_claim,,0,0
00-0025439,Brian Leonard,2009,RB,25-27,14.0,16.0,excluded_sub_threshold,2.0,0,0
00-0025446,Ryan Kalil,2009,OL,25-27,,,no_claim,,0,0
00-0025447,Samson Satele,2009,OL,25-27,,,no_claim,,0,0
00-0025450,Brandon Jackson,2009,RB,<=24,11.0,16.0,excluded_sub_threshold,5.0,0,0
00-0025454,James Marten,2009,OL,25-27,,,no_claim,,0,0
00-0025457,Ryan Harris,2009,OL,25-27,,,no_claim,,0,0
00-0025473,Marshal Yanda,2009,OL,25-27,,,no_claim,,0,0
00-0025475,Andy Alleman,2009,OL,25-27,,,no_claim,,0,0
00-0025478,Mario Henderson,2009,OL,25-27,,,no_claim,,0,0
00-0025479,Trent Edwards,2009,QB,25-27,8.0,16.0,PTD,8.0,1,0
00-0025480,Garrett Wolfe,2009,RB,25-27,6.0,16.0,PTD,10.0,1,0
00-0025487,Michael Bush,2009,RB,25-27,15.0,16.0,no_claim,,0,0
00-0025502,Leroy Harris,2009,OL,25-27,,,no_claim,,0,0
00-0025504,Manuel Ramirez,2009,OL,25-27,,,no_claim,,0,0
00-0025506,Allen Barbre,2009,OL,25-27,,,no_claim,,0,0
00-0025509,Doug Free,2009,OL,25-27,,,no_claim,,0,0
00-0025511,Mansfield Wrotto,2009,OL,25-27,,,no_claim,,0,0
00-0025512,Jermon Bushrod,2009,OL,25-27,,,no_claim,,0,0
00-0025517,Josh Beekman,2009,OL,25-27,,,no_claim,,0,0
00-0025524,Le'Ron McClain,2009,RB,25-27,16.0,16.0,no_claim,,0,0
00-0025535,Kolby Smith,2009,RB,25-27,4.0,16.0,PTD,12.0,1,0
00-0025536,Uche Nwaneri,2009,OL,25-27,,,no_claim,,0,0
00-0025550,Brandon Frye,2009,OL,25-27,,,no_claim,,0,0
00-0025561,Troy Smith,2009,QB,25-27,3.0,16.0,no_claim,,0,0
00-0025562,Oren O'Neal,2009,RB,25-27,1.0,16.0,PTD,15.0,1,0
00-0025570,Kasey Studdard,2009,OL,25-27,,,no_claim,,0,0
00-0025576,Adam Koets,2009,OL,25-27,,,no_claim,,0,0
00-0025578,Korey Hall,2009,RB,25-27,4.0,16.0,PTD,12.0,1,0
00-0025582,Deon Anderson,2009,RB,25-27,3.0,16.0,no_claim,,0,0
00-0025583,Herb Taylor,2009,OL,25-27,,,no_claim,,0,0
00-0025592,Jordan Palmer,2009,QB,25-27,,,no_claim,,0,0
00-0025596,Corey Hilliard,2009,OL,25-27,,,no_claim,,0,0
00-0025604,Tyler Thigpen,2009,QB,25-27,2.0,16.0,no_claim,,0,0
00-0025610,Mike Otto,2009,OL,25-27,,,no_claim,,0,0
00-0025615,DeShawn Wynn,2009,RB,25-27,3.0,16.0,PTD,13.0,1,0
00-0025619,Steve Vallos,2009,OL,25-27,,,no_claim,,0,0
00-0025631,Jason Snelling,2009,RB,25-27,14.0,16.0,no_claim,,0,0
00-0025633,Kenneth Darby,2009,RB,25-27,14.0,16.0,no_claim,,0,0
00-0025637,Ahmad Bradshaw,2009,RB,<=24,15.0,16.0,no_claim,,0,0
00-0025672,Tim Castille,2009,RB,25-27,6.0,16.0,no_claim,,0,0
00-0025682,Lyle Sendlein,2009,OL,25-27,,,no_claim,,0,0
00-0025694,Brett Ratliff,2009,QB,25-27,,,no_claim,,0,0
00-0025701,Jackie Battle,2009,RB,25-27,4.0,16.0,no_claim,,0,0
00-0025708,Matt Moore,2009,QB,25-27,7.0,16.0,no_claim,,0,0
00-0025749,Richard Bartel,2009,QB,25-27,,,no_claim,,0,0
00-0025761,Robert Turner,2009,OL,25-27,,,no_claim,,0,0
00-0025780,Kyle Williams,2009,OL,25-27,,,no_claim,,0,0
00-0025787,Jared Gaither,2009,OL,<=24,,,no_claim,,0,0
00-0025789,Chris Patrick,2009,OL,25-27,,,no_claim,,0,0
00-0025820,Jake Long,2009,OL,25-27,,,no_claim,,0,0
00-0025826,Tyler Polumbus,2009,OL,25-27,,,no_claim,,0,0
00-0025829,Doug Legursky,2009,OL,<=24,,,no_claim,,0,0
00-0025841,Louis Rankin,2009,RB,25-27,4.0,16.0,no_claim,,0,0
00-0025860,BenJarvus Green-Ellis,2009,RB,25-27,6.0,16.0,no_claim,,0,0
00-0025866,Ryan Wendell,2009,OL,<=24,,,no_claim,,0,0
00-0025872,Kyle DeVan,2009,OL,25-27,,,no_claim,,0,0
00-0025897,William Robinson,2009,OL,25-27,,,no_claim,,0,0
00-0025925,Fernando Velasco,2009,OL,25-27,,,no_claim,,0,0
00-0025955,Albert Young,2009,RB,25-27,2.0,16.0,no_claim,,0,0
00-0025970,Caleb Hanie,2009,QB,<=24,2.0,16.0,no_claim,,0,0
00-0025997,Chad Simpson,2009,RB,25-27,8.0,16.0,no_claim,,0,0
00-0026033,Mike Cox,2009,RB,25-27,10.0,16.0,no_claim,,0,0
00-0026061,Brandyn Dombrowski,2009,OL,25-27,,,no_claim,,0,0
00-0026069,Mike Tolbert,2009,RB,<=24,12.0,16.0,no_claim,,0,0
00-0026080,James Lee,2009,OL,25-27,,,no_claim,,0,0
00-0026113,Clifton Smith,2009,RB,25-27,4.0,16.0,no_claim,,0,0
00-0026121,Lynell Hamilton,2009,RB,25-27,5.0,16.0,no_claim,,0,0
00-0026132,Matt Lawrence,2009,RB,25-27,1.0,16.0,PTD,15.0,1,0
00-0026143,Matt Ryan,2009,QB,25-27,14.0,16.0,excluded_sub_threshold,2.0,0,0
00-0026144,Darren McFadden,2009,RB,<=24,12.0,16.0,excluded_sub_threshold,4.0,0,0
00-0026152,Ryan Clady,2009,OL,<=24,,,no_claim,,0,0
00-0026153,Jonathan Stewart,2009,RB,<=24,16.0,16.0,no_claim,,0,0
00-0026154,Chris Williams,2009,OL,25-27,,,no_claim,,0,0
00-0026155,Branden Albert,2009,OL,25-27,,,no_claim,,0,0
00-0026157,Gosder Cherilus,2009,OL,25-27,,,no_claim,,0,0
00-0026158,Joe Flacco,2009,QB,25-27,16.0,16.0,no_claim,,0,0
00-0026159,Jeff Otah,2009,OL,<=24,,,no_claim,,0,0
00-0026161,Sam Baker,2009,OL,25-27,,,no_claim,,0,0
00-0026162,Felix Jones,2009,RB,<=24,14.0,16.0,excluded_sub_threshold,2.0,0,0
00-0026163,Rashard Mendenhall,2009,RB,<=24,15.0,16.0,no_claim,,0,0
00-0026164,Chris Johnson,2009,RB,<=24,16.0,16.0,no_claim,,0,0
00-0026166,Duane Brown,2009,OL,25-27,,,no_claim,,0,0
00-0026179,Chilo Rachal,2009,OL,<=24,,,no_claim,,0,0
00-0026184,Matt Forte,2009,RB,<=24,16.0,16.0,no_claim,,0,0
00-0026195,Ray Rice,2009,RB,<=24,16.0,16.0,no_claim,,0,0
00-0026196,Brian Brohm,2009,QB,<=24,2.0,16.0,no_claim,,0,0
00-0026197,Chad Henne,2009,QB,25-27,14.0,16.0,no_claim,,0,0
00-0026199,Mike Pollak,2009,OL,25-27,,,no_claim,,0,0
00-0026204,Kevin Smith,2009,RB,<=24,13.0,16.0,no_claim,,0,0
00-0026205,John Greco,2009,OL,25-27,,,no_claim,,0,0
00-0026209,Jacob Hester,2009,RB,25-27,12.0,16.0,excluded_sub_threshold,4.0,0,0
00-0026213,Jamaal Charles,2009,RB,<=24,15.0,16.0,no_claim,,0,0
00-0026223,Jeremy Zuttah,2009,OL,<=24,,,no_claim,,0,0
00-0026229,Steve Slaton,2009,RB,<=24,11.0,16.0,no_claim,,0,0
00-0026234,Kevin O'Connell,2009,QB,25-27,,,no_claim,,0,0
00-0026236,Chad Rinehart,2009,OL,25-27,,,no_claim,,0,0
00-0026239,Oniel Cousins,2009,OL,25-27,,,no_claim,,0,0
00-0026247,Cody Wallace,2009,OL,25-27,,,no_claim,,0,0
00-0026248,Kory Lichtensteiger,2009,OL,25-27,,,no_claim,,0,0
00-0026249,Mike McGlynn,2009,OL,25-27,,,no_claim,,0,0
00-0026250,Shawn Murphy,2009,OL,25-27,,,no_claim,,0,0
00-0026252,Anthony Collins,2009,OL,<=24,,,no_claim,,0,0
00-0026262,Tashard Choice,2009,RB,25-27,15.0,16.0,no_claim,,0,0
00-0026270,Tony Hills,2009,OL,25-27,,,no_claim,,0,0
00-0026273,David Hale,2009,OL,25-27,,,no_claim,,0,0
00-0026275,Josh Sitton,2009,OL,<=24,,,no_claim,,0,0
00-0026286,Jerome Felton,2009,RB,<=24,12.0,16.0,no_claim,,0,0
00-0026289,Tim Hightower,2009,RB,<=24,16.0,16.0,no_claim,,0,0
00-0026290,Breno Giacomini,2009,OL,<=24,,,no_claim,,0,0
00-0026296,Dennis Dixon,2009,QB,25-27,1.0,16.0,no_claim,,0,0
00-0026297,Roy Schuening,2009,OL,25-27,,,no_claim,,0,0
00-0026300,Josh Johnson,2009,QB,<=24,5.0,16.0,no_claim,,0,0
00-0026302,Erik Ainge,2009,QB,<=24,,,no_claim,,0,0
00-0026303,Owen Schmitt,2009,RB,25-27,6.0,16.0,no_claim,,0,0
00-0026304,Carl Nicks,2009,OL,25-27,,,no_claim,,0,0
00-0026310,Barry Richardson,2009,OL,<=24,,,no_claim,,0,0
00-0026312,Thomas Brown,2009,RB,<=24,,,no_claim,,0,0
00-0026316,Jalen Parmele,2009,RB,<=24,1.0,16.0,no_claim,,0,0
00-0026324,Mike Gibson,2009,OL,<=24,,,no_claim,,0,0
00-0026327,John Sullivan,2009,OL,25-27,,,no_claim,,0,0
00-0026335,Donald Thomas,2009,OL,<=24,,,no_claim,,0,0
00-0026342,Mike Hart,2009,RB,<=24,4.0,16.0,no_claim,,0,0
00-0026344,Lex Hilliard,2009,RB,25-27,7.0,16.0,no_claim,,0,0
00-0026349,Matt Flynn,2009,QB,25-27,4.0,16.0,no_claim,,0,0
00-0026351,Nate Garner,2009,OL,25-27,,,no_claim,,0,0
00-0026353,Chauncey Washington,2009,RB,25-27,,,no_claim,,0,0
00-0026359,Demetrius Bell,2009,OL,25-27,,,no_claim,,0,0
00-0026365,Brandon Keith,2009,OL,25-27,,,no_claim,,0,0
00-0026367,Peyton Hillis,2009,RB,<=24,8.0,16.0,no_claim,,0,0
00-0026370,King Dunlap,2009,OL,<=24,,,no_claim,,0,0
00-0026373,Justin Forsett,2009,RB,<=24,16.0,16.0,no_claim,,0,0
00-0026376,Jamey Richard,2009,OL,25-27,,,no_claim,,0,0
00-0026381,Geoff Schwartz,2009,OL,<=24,,,no_claim,,0,0
00-0026390,Mackenzy Bernadeau,2009,OL,<=24,,,no_claim,,0,0
00-0026394,Eric Young,2009,OL,25-27,,,no_claim,,0,0
00-0026453,Dantrell Savage,2009,RB,25-27,4.0,16.0,PTD,12.0,1,0
00-0026498,Matthew Stafford,2009,QB,<=24,10.0,16.0,TTD,6.0,0,1
00-0026500,Matt Slauson,2009,OL,<=24,,,no_claim,,0,0
00-0026505,John Parker Wilson,2009,QB,<=24,,,no_claim,,0,0
00-0026534,Jonathan Compas,2009,OL,<=24,,,no_claim,,0,0
00-0026537,Edwin Williams,2009,OL,<=24,,,no_claim,,0,0
00-0026544,Chase Daniel,2009,QB,<=24,,,no_claim,,0,0
00-0026561,Ramon Foster,2009,OL,<=24,,,no_claim,,0,0
00-0026567,Mike Reilly,2009,QB,25-27,,,no_claim,,0,0
00-0026572,Marcus Mailei,2009,RB,<=24,,,no_claim,,0,0
00-0026574,Dallas Reynolds,2009,OL,25-27,,,no_claim,,0,0
00-0026579,Kahlil Bell,2009,RB,<=24,7.0,16.0,no_claim,,0,0
00-0026580,Jon Cooper,2009,OL,<=24,,,no_claim,,0,0
00-0026592,Roger Allen,2009,OL,<=24,,,no_claim,,0,0
00-0026603,Phil Trautwein,2009,OL,<=24,,,no_claim,,0,0
00-0026607,Brock Bolen,2009,RB,25-27,2.0,16.0,no_claim,,0,0
00-0026613,Cecil Newton,2009,OL,<=24,,,no_claim,,0,0
00-0026622,Andre Ramsey,2009,OL,<=24,,,no_claim,,0,0
00-0026625,Brian Hoyer,2009,QB,<=24,4.0,16.0,no_claim,,0,0
00-0026631,Nick Hennessey,2009,OL,<=24,,,no_claim,,0,0
00-0026654,Ryan McKee,2009,OL,<=24,,,no_claim,,0,0
00-0026677,Dan Gerberry,2009,OL,<=24,,,no_claim,,0,0
00-0026702,Hunter Cantwell,2009,QB,<=24,,,no_claim,,0,0
00-0026712,Brit Miller,2009,RB,<=24,,,no_claim,,0,0
00-0026715,Garry Williams,2009,OL,<=24,,,no_claim,,0,0
00-0026723,Chris Pressley,2009,RB,<=24,2.0,16.0,no_claim,,0,0
00-0026769,Kory Sheets,2009,RB,25-27,1.0,16.0,no_claim,,0,0
00-0026775,Rudy Carpenter,2009,QB,<=24,,,no_claim,,0,0
00-0026784,Evan Smith,2009,OL,<=24,,,no_claim,,0,0
00-0026786,Andrew Hartline,2009,OL,<=24,,,no_claim,,0,0
00-0026790,Tyrell Sutton,2009,RB,<=24,6.0,16.0,PTD,10.0,1,0
00-0026796,Arian Foster,2009,RB,<=24,4.0,16.0,no_claim,,0,0
00-0026814,Demar Dotson,2009,OL,<=24,,,no_claim,,0,0
00-0026819,Kareem Huggins,2009,RB,<=24,,,no_claim,,0,0
00-0026838,P.J. Hill,2009,RB,<=24,,,no_claim,,0,0
00-0026879,Darryl Harris,2009,OL,25-27,,,no_claim,,0,0
00-0026898,Mark Sanchez,2009,QB,<=24,15.0,16.0,no_claim,,0,0
00-0026899,Shonn Greene,2009,RB,25-27,13.0,16.0,no_claim,,0,0
00-0026909,Rich Ohrnberger,2009,OL,<=24,,,no_claim,,0,0
00-0026916,Rhett Bomar,2009,QB,25-27,,,no_claim,,0,0
00-0026924,Herman Johnson,2009,OL,25-27,,,no_claim,,0,0
00-0026926,Frank Summers,2009,RB,<=24,,,no_claim,,0,0
00-0026927,Mike Teel,2009,QB,<=24,,,no_claim,,0,0
00-0026929,Andrew Gardner,2009,OL,<=24,,,no_claim,,0,0
00-0026932,Cedric Peerman,2009,RB,<=24,,,no_claim,,0,0
00-0026941,Bernard Scott,2009,RB,25-27,9.0,16.0,TTD,7.0,0,1
00-0026943,Paul Fanaika,2009,OL,<=24,,,no_claim,,0,0
00-0026947,Eddie Williams,2009,RB,<=24,,,no_claim,,0,0
00-0026956,LaRod Stephens-Howling,2009,RB,<=24,14.0,16.0,no_claim,,0,0
00-0026961,Lance Louis,2009,OL,25-27,,,no_claim,,0,0
00-0026967,Trevor Canfield,2009,OL,<=24,,,no_claim,,0,0
00-0026979,Jason Smith,2009,OL,<=24,,,no_claim,,0,0
00-0026982,Andre Smith,2009,OL,<=24,,,no_claim,,0,0
00-0026984,Eugene Monroe,2009,OL,<=24,,,no_claim,,0,0
00-0026988,Knowshon Moreno,2009,RB,<=24,16.0,16.0,no_claim,,0,0
00-0026993,Josh Freeman,2009,QB,<=24,10.0,16.0,no_claim,,0,0
00-0026997,Alex Mack,2009,OL,<=24,,,no_claim,,0,0
00-0026999,Michael Oher,2009,OL,<=24,,,no_claim,,0,0
00-0027003,Donald Brown,2009,RB,<=24,11.0,16.0,excluded_sub_threshold,5.0,0,0
00-0027004,Eric Wood,2009,OL,<=24,,,no_claim,,0,0
00-0027007,Chris Wells,2009,RB,<=24,16.0,16.0,no_claim,,0,0
00-0027015,Eben Britton,2009,OL,<=24,,,no_claim,,0,0
00-0027020,Pat White,2009,QB,<=24,10.0,16.0,no_claim,,0,0
00-0027025,Max Unger,2009,OL,<=24,,,no_claim,,0,0
00-0027027,Andy Levitre,2009,OL,<=24,,,no_claim,,0,0
00-0027029,LeSean McCoy,2009,RB,<=24,16.0,16.0,no_claim,,0,0
00-0027030,Phil Loadholt,2009,OL,<=24,,,no_claim,,0,0
00-0027034,Sebastian Vollmer,2009,OL,25-27,,,no_claim,,0,0
00-0027036,Will Beatty,2009,OL,25-27,,,no_claim,,0,0
00-0027048,Glen Coffee,2009,RB,<=24,10.0,16.0,PTD,6.0,1,0
00-0027051,Antoine Caldwell,2009,OL,<=24,,,no_claim,,0,0
00-0027052,Louis Vasquez,2009,OL,<=24,,,no_claim,,0,0
00-0027053,Kraig Urbik,2009,OL,<=24,,,no_claim,,0,0
00-0027071,Stephen McGee,2009,QB,<=24,,,no_claim,,0,0
00-0027075,Jonathan Luigs,2009,OL,<=24,,,no_claim,,0,0
00-0027078,T.J. Lang,2009,OL,<=24,,,no_claim,,0,0
00-0027080,Mike Goodson,2009,RB,<=24,5.0,16.0,TTD,11.0,0,1
00-0027093,Tony Fiammetta,2009,RB,<=24,3.0,16.0,no_claim,,0,0
00-0027096,Seth Olsen,2009,OL,<=24,,,no_claim,,0,0
00-0027097,Tyronne Green,2009,OL,<=24,,,no_claim,,0,0
00-0027098,Gartrell Johnson,2009,RB,<=24,3.0,16.0,no_claim,,0,0
00-0027099,Troy Kropog,2009,OL,<=24,,,no_claim,,0,0
00-0027106,Quinn Johnson,2009,RB,<=24,4.0,16.0,no_claim,,0,0
00-0027110,Garrett Reynolds,2009,OL,<=24,,,no_claim,,0,0
00-0027112,Jamon Meredith,2009,OL,<=24,,,no_claim,,0,0
00-0027113,Duke Robinson,2009,OL,<=24,,,no_claim,,0,0
00-0027118,Nate Davis,2009,QB,<=24,,,no_claim,,0,0
00-0027120,Javon Ringer,2009,RB,<=24,2.0,16.0,TTD,14.0,0,1
00-0027121,Tom Brandstater,2009,QB,25-27,,,no_claim,,0,0
00-0027129,Aaron Brown,2009,RB,<=24,14.0,16.0,no_claim,,0,0
00-0027130,James Davis,2009,RB,<=24,2.0,16.0,no_claim,,0,0
00-0027131,Keith Null,2009,QB,<=24,4.0,16.0,no_claim,,0,0
00-0027134,Curtis Painter,2009,QB,25-27,2.0,16.0,no_claim,,0,0
00-0027140,Chris Ogbonnaya,2009,RB,<=24,2.0,16.0,no_claim,,0,0
00-0027141,Javarris Williams,2009,RB,<=24,3.0,16.0,no_claim,,0,0
00-0027143,Fui Vakapuna,2009,RB,25-27,,,no_claim,,0,0
00-0027148,Lydon Murtha,2009,OL,<=24,,,no_claim,,0,0
00-0027155,Rashad Jennings,2009,RB,25-27,15.0,16.0,no_claim,,0,0
00-0027167,Chris Jennings,2009,RB,<=24,9.0,16.0,no_claim,,0,0
00-0000045,Flozell Adams,2010,OL,31+,,,no_claim,,0,0
00-0000865,Charlie Batch,2010,QB,31+,3.0,16.0,no_claim,,0,0
00-0001263,Matt Birk,2010,OL,31+,,,no_claim,,0,0
00-0001545,Todd Bouman,2010,QB,31+,1.0,16.0,no_claim,,0,0
00-0002110,Mark Brunell,2010,QB,31+,2.0,16.0,no_claim,,0,0
00-0003292,Kerry Collins,2010,QB,31+,10.0,16.0,PTD,6.0,1,0
00-0003315,Todd Collins,2010,QB,31+,2.0,16.0,no_claim,,0,0
00-0004161,Jake Delhomme,2010,QB,31+,5.0,16.0,PTD,11.0,1,0
00-0005058,Alan Faneca,2010,OL,31+,,,no_claim,,0,0
00-0005091,Kevin Faulk,2010,RB,31+,2.0,16.0,no_claim,,0,0
00-0005106,Brett Favre,2010,QB,31+,13.0,16.0,excluded_sub_threshold,3.0,0,0
00-0006410,Chris Greisen,2010,QB,31+,,,no_claim,,0,0
00-0007091,Matt Hasselbeck,2010,QB,31+,14.0,16.0,excluded_sub_threshold,2.0,0,0
00-0009311,Jon Kitna,2010,QB,31+,10.0,16.0,no_claim,,0,0
00-0009472,Olin Kreutz,2010,OL,31+,,,no_claim,,0,0
00-0010346,Peyton Manning,2010,QB,31+,16.0,16.0,no_claim,,0,0
00-0010711,Todd McClure,2010,OL,31+,,,no_claim,,0,0
00-0011022,Donovan McNabb,2010,QB,31+,13.0,16.0,no_claim,,0,0
00-0013694,Tony Richardson,2010,RB,31+,5.0,16.0,no_claim,,0,0
00-0014255,Ephraim Salaam,2010,OL,31+,,,no_claim,,0,0
00-0014375,Jeff Saturday,2010,OL,31+,,,no_claim,,0,0
00-0014655,Mike Sellers,2010,RB,31+,15.0,16.0,no_claim,,0,0
00-0016098,Fred Taylor,2010,RB,31+,7.0,16.0,PTD,9.0,1,0
00-0016098,Fred Taylor,2010,RB,31+,7.0,16.0,PTD,9.0,1,0
00-0017638,Casey Wiegmann,2010,OL,31+,,,no_claim,,0,0
00-0017915,Ricky Williams,2010,RB,31+,16.0,16.0,no_claim,,0,0
00-0018234,Damien Woody,2010,OL,31+,,,no_claim,,0,0
00-0018584,Brian Waters,2010,OL,31+,,,no_claim,,0,0
00-0018613,Cornell Green,2010,OL,31+,,,no_claim,,0,0
00-0018925,Barry Sims,2010,OL,31+,,,no_claim,,0,0
00-0018956,Brad Meester,2010,OL,31+,,,no_claim,,0,0
00-0019041,Billy Volek,2010,QB,31+,3.0,16.0,no_claim,,0,0
00-0019133,Hank Fraley,2010,OL,31+,,,no_claim,,0,0
00-0019276,Shaun O'Hara,2010,OL,31+,,,no_claim,,0,0
00-0019484,Sammy Morris,2010,RB,31+,14.0,16.0,no_claim,,0,0
00-0019502,Mark Tauscher,2010,OL,31+,,,no_claim,,0,0
00-0019559,Chad Pennington,2010,QB,31+,1.0,16.0,no_claim,,0,0
00-0019596,Tom Brady,2010,QB,31+,16.0,16.0,no_claim,,0,0
00-0019599,Marc Bulger,2010,QB,31+,,,no_claim,,0,0
00-0019629,Bobbie Williams,2010,OL,31+,,,no_claim,,0,0
00-0019632,Cooper Carlisle,2010,OL,31+,,,no_claim,,0,0
00-0019641,Thomas Jones,2010,RB,31+,16.0,16.0,no_claim,,0,0
00-0019666,John St. Clair,2010,OL,31+,,,no_claim,,0,0
00-0019702,Chad Clifton,2010,OL,31+,,,no_claim,,0,0
00-0019709,Chris Redman,2010,QB,31+,1.0,16.0,no_claim,,0,0
00-0019863,Dominic Rhodes,2010,RB,31+,3.0,16.0,no_claim,,0,0
00-0019954,Keydrick Vincent,2010,OL,31+,,,no_claim,,0,0
00-0020138,Rich Seubert,2010,OL,31+,,,no_claim,,0,0
00-0020245,Michael Vick,2010,QB,31+,12.0,16.0,excluded_sub_threshold,4.0,0,0
00-0020260,Roberto Garza,2010,OL,31+,,,no_claim,,0,0
00-0020270,Correll Buckhalter,2010,RB,31+,14.0,16.0,no_claim,,0,0
00-0020305,A.J. Feeley,2010,QB,31+,,,no_claim,,0,0
00-0020342,Brandon Manumaleuna,2010,RB,31+,6.0,16.0,no_claim,,0,0
00-0020348,Floyd Womack,2010,OL,31+,,,no_claim,,0,0
00-0020368,Ben Hamilton,2010,OL,31+,,,no_claim,,0,0
00-0020389,Russ Hochstein,2010,OL,31+,,,no_claim,,0,0
00-0020399,Ryan Diem,2010,OL,31+,,,no_claim,,0,0
00-0020444,Jeff Backus,2010,OL,31+,,,no_claim,,0,0
00-0020445,Dominic Raiola,2010,OL,31+,,,no_claim,,0,0
00-0020450,Casey Rabach,2010,OL,31+,,,no_claim,,0,0
00-0020457,Steve Neal,2010,OL,31+,,,no_claim,,0,0
00-0020463,Kareem McKenzie,2010,OL,31+,,,no_claim,,0,0
00-0020466,Steve Hutchinson,2010,OL,31+,,,no_claim,,0,0
00-0020480,Sage Rosenfels,2010,QB,31+,1.0,16.0,no_claim,,0,0
00-0020507,Heath Evans,2010,RB,31+,11.0,16.0,no_claim,,0,0
00-0020508,Moran Norris,2010,RB,31+,7.0,16.0,no_claim,,0,0
00-0020514,Michael Bennett,2010,RB,31+,2.0,16.0,PTD,14.0,1,0
00-0020531,Drew Brees,2010,QB,31+,16.0,16.0,no_claim,,0,0
00-0020533,Leonard Davis,2010,OL,31+,,,no_claim,,0,0
00-0020536,LaDainian Tomlinson,2010,RB,31+,15.0,16.0,no_claim,,0,0
00-0020543,Matt Light,2010,OL,31+,,,no_claim,,0,0
00-0020608,David Carr,2010,QB,31+,1.0,16.0,no_claim,,0,0
00-0020679,Shaun Hill,2010,QB,31+,11.0,16.0,excluded_sub_threshold,5.0,0,0
00-0020801,Artis Hicks,2010,OL,31+,,,no_claim,,0,0
00-0020804,Corey McIntyre,2010,RB,31+,10.0,16.0,no_claim,,0,0
00-0020805,Jason McKie,2010,RB,31+,,,no_claim,,0,0
00-0020969,Brandon Moore,2010,OL,31+,,,no_claim,,0,0
00-0021064,Tony Wragge,2010,OL,31+,,,no_claim,,0,0
00-0021106,Kevin Shaffer,2010,OL,31+,,,no_claim,,0,0
00-0021160,Marc Colombo,2010,OL,31+,,,no_claim,,0,0
00-0021178,Chester Pitts,2010,OL,31+,,,no_claim,,0,0
00-0021179,Clinton Portis,2010,RB,28-30,5.0,16.0,PTD,11.0,1,0
00-0021181,Langston Walker,2010,OL,31+,,,no_claim,,0,0
00-0021182,Maurice Morris,2010,RB,31+,10.0,16.0,no_claim,,0,0
00-0021184,Ladell Betts,2010,RB,31+,7.0,16.0,PTD,9.0,1,0
00-0021216,Brian Westbrook,2010,RB,31+,13.0,16.0,no_claim,,0,0
00-0021231,David Garrard,2010,QB,31+,14.0,16.0,excluded_sub_threshold,2.0,0,0
00-0021267,Jonathan Goodwin,2010,OL,31+,,,no_claim,,0,0
00-0021296,J.T. O'Sullivan,2010,QB,31+,,,no_claim,,0,0
00-0021314,Chester Taylor,2010,RB,31+,16.0,16.0,no_claim,,0,0
00-0021341,Eric Heitmann,2010,OL,31+,,,no_claim,,0,0
00-0021348,Kyle Kosier,2010,OL,31+,,,no_claim,,0,0
00-0021357,Rock Cartwright,2010,RB,31+,6.0,16.0,no_claim,,0,0
00-0021379,Patrick Ramsey,2010,QB,31+,,,no_claim,,0,0
00-0021383,Bryant McKinnie,2010,OL,31+,,,no_claim,,0,0
00-0021385,Andre Gurode,2010,OL,31+,,,no_claim,,0,0
00-0021429,Carson Palmer,2010,QB,31+,16.0,16.0,no_claim,,0,0
00-0021504,Jamaal Jackson,2010,OL,31+,,,no_claim,,0,0
00-0021546,Kris Dielman,2010,OL,28-30,,,no_claim,,0,0
00-0021637,Adam Goldberg,2010,OL,31+,,,no_claim,,0,0
00-0021678,Tony Romo,2010,QB,31+,6.0,16.0,TTD,10.0,0,1
00-0021755,Earnest Graham,2010,RB,31+,11.0,16.0,excluded_sub_threshold,5.0,0,0
00-0021798,Billy Yates,2010,OL,31+,,,no_claim,,0,0
00-0021902,Scott Kooistra,2010,OL,28-30,,,no_claim,,0,0
00-0021911,Reggie Wells,2010,OL,28-30,,,no_claim,,0,0
00-0021922,David Diehl,2010,OL,28-30,,,no_claim,,0,0
00-0021959,Jordan Black,2010,OL,31+,,,no_claim,,0,0
00-0021974,Jeremy Bridges,2010,OL,31+,,,no_claim,,0,0
00-0021976,Larry Johnson,2010,RB,31+,2.0,16.0,no_claim,,0,0
00-0022000,Wayne Hunter,2010,OL,28-30,,,no_claim,,0,0
00-0022005,Chris Simms,2010,QB,31+,,,no_claim,,0,0
00-0022018,Ben Claxton,2010,OL,31+,,,no_claim,,0,0
00-0022019,Dan Koppen,2010,OL,31+,,,no_claim,,0,0
00-0022055,Seneca Wallace,2010,QB,31+,6.0,16.0,PTD,10.0,1,0
00-0022078,Jon Stinchcomb,2010,OL,31+,,,no_claim,,0,0
00-0022089,Vincent Manuwai,2010,OL,31+,,,no_claim,,0,0
00-0022094,Montrae Holland,2010,OL,31+,,,no_claim,,0,0
00-0022101,Brian St. Pierre,2010,QB,31+,1.0,16.0,no_claim,,0,0
00-0022117,Jordan Gross,2010,OL,31+,,,no_claim,,0,0
00-0022121,Rex Grossman,2010,QB,31+,4.0,16.0,no_claim,,0,0
00-0022122,Eric Steinbach,2010,OL,31+,,,no_claim,,0,0
00-0022131,Wade Smith,2010,OL,28-30,,,no_claim,,0,0
00-0022132,Derrick Dockery,2010,OL,28-30,,,no_claim,,0,0
00-0022143,Ovie Mughelli,2010,RB,31+,13.0,16.0,no_claim,,0,0
00-0022149,Tony Pashos,2010,OL,31+,,,no_claim,,0,0
00-0022157,Jeff Faine,2010,OL,28-30,,,no_claim,,0,0
00-0022164,Kyle Boller,2010,QB,28-30,3.0,16.0,no_claim,,0,0
00-0022177,Byron Leftwich,2010,QB,31+,1.0,16.0,PTD,15.0,1,0
00-0022178,Willis McGahee,2010,RB,28-30,15.0,16.0,no_claim,,0,0
00-0022214,Travelle Wharton,2010,OL,28-30,,,no_claim,,0,0
00-0022217,Mewelde Moore,2010,RB,28-30,14.0,16.0,excluded_sub_threshold,2.0,0,0
00-0022245,Tyson Clabo,2010,OL,28-30,,,no_claim,,0,0
00-0022266,Anthony Herrera,2010,OL,31+,,,no_claim,,0,0
00-0022288,Jason Wright,2010,RB,28-30,8.0,16.0,no_claim,,0,0
00-0022350,Ryan Lilja,2010,OL,28-30,,,no_claim,,0,0
00-0022397,Vonta Leach,2010,RB,28-30,9.0,16.0,no_claim,,0,0
00-0022405,Lousaka Polite,2010,RB,28-30,13.0,16.0,no_claim,,0,0
00-0022531,Jason Peters,2010,OL,28-30,,,no_claim,,0,0
00-0022728,Kirk Chambers,2010,OL,31+,,,no_claim,,0,0
00-0022736,Steven Jackson,2010,RB,28-30,16.0,16.0,no_claim,,0,0
00-0022755,Jake Scott,2010,OL,28-30,,,no_claim,,0,0
00-0022770,Derrick Ward,2010,RB,31+,14.0,16.0,no_claim,,0,0
00-0022771,Eugene Amano,2010,OL,28-30,,,no_claim,,0,0
00-0022779,Shawn Andrews,2010,OL,28-30,,,no_claim,,0,0
00-0022785,Max Starks,2010,OL,28-30,,,no_claim,,0,0
00-0022787,Matt Schaub,2010,QB,28-30,16.0,16.0,no_claim,,0,0
00-0022796,Mike Karney,2010,RB,28-30,7.0,16.0,no_claim,,0,0
00-0022803,Eli Manning,2010,QB,28-30,16.0,16.0,no_claim,,0,0
00-0022804,Nick Hardwick,2010,OL,28-30,,,no_claim,,0,0
00-0022808,Stephen Peterman,2010,OL,28-30,,,no_claim,,0,0
00-0022821,Michael Turner,2010,RB,28-30,16.0,16.0,no_claim,,0,0
00-0022832,Scott Wells,2010,OL,28-30,,,no_claim,,0,0
00-0022836,Robert Gallery,2010,OL,31+,,,no_claim,,0,0
00-0022838,Chris Snee,2010,OL,28-30,,,no_claim,,0,0
00-0022840,Julius Jones,2010,RB,28-30,13.0,16.0,no_claim,,0,0
00-0022855,Sean Locklear,2010,OL,28-30,,,no_claim,,0,0
00-0022864,Luke McCown,2010,QB,28-30,1.0,16.0,no_claim,,0,0
00-0022870,Stacy Andrews,2010,OL,28-30,,,no_claim,,0,0
00-0022875,Jacob Bell,2010,OL,28-30,,,no_claim,,0,0
00-0022890,Vernon Carey,2010,OL,28-30,,,no_claim,,0,0
00-0022895,Justin Smiley,2010,OL,28-30,,,no_claim,,0,0
00-0022897,Greg Jones,2010,RB,28-30,9.0,16.0,no_claim,,0,0
00-0022905,Rex Hadnot,2010,OL,28-30,,,no_claim,,0,0
00-0022912,J.P. Losman,2010,QB,28-30,,,no_claim,,0,0
00-0022924,Ben Roethlisberger,2010,QB,28-30,12.0,16.0,no_claim,,0,0
00-0022942,Philip Rivers,2010,QB,28-30,16.0,16.0,no_claim,,0,0
00-0022979,Dan Connolly,2010,OL,28-30,,,no_claim,,0,0
00-0022984,Ryan Grant,2010,RB,28-30,1.0,16.0,no_claim,,0,0
00-0022999,John Kuhn,2010,RB,28-30,15.0,16.0,no_claim,,0,0
00-0023016,Erik Pears,2010,OL,28-30,,,no_claim,,0,0
00-0023023,Cory Procter,2010,OL,28-30,,,no_claim,,0,0
00-0023063,Leonard Weaver,2010,RB,28-30,1.0,16.0,no_claim,,0,0
00-0023180,Harvey Dahl,2010,OL,28-30,,,no_claim,,0,0
00-0023318,Chris White,2010,OL,28-30,,,no_claim,,0,0
00-0023362,Chris Kemoeatu,2010,OL,28-30,,,no_claim,,0,0
00-0023436,Alex Smith,2010,QB,25-27,11.0,16.0,excluded_sub_threshold,5.0,0,0
00-0023437,Ronnie Brown,2010,RB,28-30,16.0,16.0,no_claim,,0,0
00-0023439,Cedric Benson,2010,RB,28-30,16.0,16.0,no_claim,,0,0
00-0023440,Carnell Williams,2010,RB,28-30,16.0,16.0,no_claim,,0,0
00-0023447,Jammal Brown,2010,OL,28-30,,,no_claim,,0,0
00-0023454,Alex Barron,2010,OL,28-30,,,no_claim,,0,0
00-0023459,Aaron Rodgers,2010,QB,25-27,15.0,16.0,no_claim,,0,0
00-0023460,Jason Campbell,2010,QB,28-30,13.0,16.0,no_claim,,0,0
00-0023461,Chris Spencer,2010,OL,28-30,,,no_claim,,0,0
00-0023467,Logan Mankins,2010,OL,28-30,,,no_claim,,0,0
00-0023468,David Baas,2010,OL,28-30,,,no_claim,,0,0
00-0023476,Michael Roos,2010,OL,28-30,,,no_claim,,0,0
00-0023487,Khalif Barnes,2010,OL,28-30,,,no_claim,,0,0
00-0023499,Adam Terry,2010,OL,28-30,,,no_claim,,0,0
00-0023500,Frank Gore,2010,RB,28-30,11.0,16.0,no_claim,,0,0
00-0023514,Evan Mathis,2010,OL,28-30,,,no_claim,,0,0
00-0023516,Richie Incognito,2010,OL,28-30,,,no_claim,,0,0
00-0023528,Trai Essex,2010,OL,28-30,,,no_claim,,0,0
00-0023529,Adam Snyder,2010,OL,28-30,,,no_claim,,0,0
00-0023535,Nick Kaczur,2010,OL,31+,,,no_claim,,0,0
00-0023541,Kyle Orton,2010,QB,28-30,13.0,16.0,no_claim,,0,0
00-0023544,Marion Barber,2010,RB,28-30,13.0,16.0,excluded_sub_threshold,3.0,0,0
00-0023545,Brandon Jacobs,2010,RB,28-30,16.0,16.0,no_claim,,0,0
00-0023548,David Stewart,2010,OL,28-30,,,no_claim,,0,0
00-0023553,Eric Ghiaciuc,2010,OL,28-30,,,no_claim,,0,0
00-0023558,Jason Brown,2010,OL,28-30,,,no_claim,,0,0
00-0023560,Todd Herremans,2010,OL,28-30,,,no_claim,,0,0
00-0023563,Dylan Gandy,2010,OL,28-30,,,no_claim,,0,0
00-0023564,Darren Sproles,2010,RB,28-30,16.0,16.0,no_claim,,0,0
00-0023578,Dan Orlovsky,2010,QB,28-30,,,no_claim,,0,0
00-0023583,Daniel Loper,2010,OL,28-30,,,no_claim,,0,0
00-0023596,Frank Omiyale,2010,OL,28-30,,,no_claim,,0,0
00-0023602,Geoff Hangartner,2010,OL,28-30,,,no_claim,,0,0
00-0023620,Will Svitek,2010,OL,28-30,,,no_claim,,0,0
00-0023633,Chris Myers,2010,OL,28-30,,,no_claim,,0,0
00-0023639,Joe Berger,2010,OL,28-30,,,no_claim,,0,0
00-0023641,Rob Petitti,2010,OL,28-30,,,no_claim,,0,0
00-0023645,Derek Anderson,2010,QB,28-30,12.0,16.0,excluded_sub_threshold,4.0,0,0
00-0023662,Matt Cassel,2010,QB,28-30,15.0,16.0,no_claim,,0,0
00-0023674,Scott Mruczkowski,2010,OL,28-30,,,no_claim,,0,0
00-0023682,Ryan Fitzpatrick,2010,QB,28-30,13.0,16.0,no_claim,,0,0
00-0023683,Madison Hedgecock,2010,RB,28-30,2.0,16.0,PTD,14.0,1,0
00-0023774,Naufahu Tahi,2010,RB,28-30,6.0,16.0,no_claim,,0,0
00-0023846,Mike Brisiel,2010,OL,28-30,,,no_claim,,0,0
00-0023880,Mark LeVoir,2010,OL,28-30,,,no_claim,,0,0
00-0023894,Donald Penn,2010,OL,28-30,,,no_claim,,0,0
00-0023920,Dennis Roland,2010,OL,28-30,,,no_claim,,0,0
00-0023958,Nate Livings,2010,OL,28-30,,,no_claim,,0,0
00-0024011,Mike Bell,2010,RB,28-30,12.0,16.0,no_claim,,0,0
00-0024076,Donovan Raiola,2010,OL,28-30,,,no_claim,,0,0
00-0024103,Montell Owens,2010,RB,25-27,,,no_claim,,0,0
00-0024156,Nick Cole,2010,OL,25-27,,,no_claim,,0,0
00-0024172,Patrick Cobbs,2010,RB,28-30,9.0,16.0,no_claim,,0,0
00-0024188,Rudy Niswanger,2010,OL,28-30,,,no_claim,,0,0
00-0024204,Fred Jackson,2010,RB,28-30,16.0,16.0,no_claim,,0,0
00-0024217,Reggie Bush,2010,RB,25-27,8.0,16.0,TTD,8.0,0,1
00-0024218,Vince Young,2010,QB,28-30,9.0,16.0,no_claim,,0,0
00-0024219,D'Brickashaw Ferguson,2010,OL,25-27,,,no_claim,,0,0
00-0024225,Matt Leinart,2010,QB,28-30,,,no_claim,,0,0
00-0024226,Jay Cutler,2010,QB,28-30,15.0,16.0,no_claim,,0,0
00-0024236,Laurence Maroney,2010,RB,25-27,4.0,16.0,PTD,12.0,1,0
00-0024236,Laurence Maroney,2010,RB,25-27,4.0,16.0,PTD,12.0,1,0
00-0024238,Davin Joseph,2010,OL,25-27,,,no_claim,,0,0
00-0024242,DeAngelo Williams,2010,RB,28-30,6.0,16.0,TTD,10.0,0,1
00-0024244,Nick Mangold,2010,OL,25-27,,,no_claim,,0,0
00-0024245,Joseph Addai,2010,RB,28-30,8.0,16.0,TTD,8.0,0,1
00-0024254,Winston Justice,2010,OL,25-27,,,no_claim,,0,0
00-0024256,Deuce Lutui,2010,OL,28-30,,,no_claim,,0,0
00-0024262,Daryn Colledge,2010,OL,28-30,,,no_claim,,0,0
00-0024264,Kellen Clemens,2010,QB,28-30,1.0,16.0,no_claim,,0,0
00-0024265,Marcus McNeill,2010,OL,25-27,,,no_claim,,0,0
00-0024266,Ryan Cook,2010,OL,28-30,,,no_claim,,0,0
00-0024270,Andrew Whitworth,2010,OL,28-30,,,no_claim,,0,0
00-0024271,Chris Chester,2010,OL,28-30,,,no_claim,,0,0
00-0024274,Jeremy Trueblood,2010,OL,28-30,,,no_claim,,0,0
00-0024275,Maurice Jones-Drew,2010,RB,25-27,14.0,16.0,excluded_sub_threshold,2.0,0,0
00-0024279,Tarvaris Jackson,2010,QB,28-30,3.0,16.0,no_claim,,0,0
00-0024281,Eric Winston,2010,OL,25-27,,,no_claim,,0,0
00-0024284,Paul McQuistan,2010,OL,28-30,,,no_claim,,0,0
00-0024290,Jason Spitz,2010,OL,28-30,,,no_claim,,0,0
00-0024294,Jerious Norwood,2010,RB,28-30,1.0,16.0,no_claim,,0,0
00-0024296,Charlie Whitehurst,2010,QB,28-30,5.0,16.0,no_claim,,0,0
00-0024300,Brodie Croyle,2010,QB,28-30,2.0,16.0,no_claim,,0,0
00-0024304,Rashad Butler,2010,OL,28-30,,,no_claim,,0,0
00-0024314,Max Jean-Gilles,2010,OL,25-27,,,no_claim,,0,0
00-0024315,Michael Robinson,2010,RB,28-30,10.0,16.0,TTD,6.0,0,1
00-0024323,Jahri Evans,2010,OL,28-30,,,no_claim,,0,0
00-0024332,Leon Washington,2010,RB,28-30,14.0,16.0,no_claim,,0,0
00-0024343,Rob Sims,2010,OL,25-27,,,no_claim,,0,0
00-0024344,Guy Whimper,2010,OL,28-30,,,no_claim,,0,0
00-0024350,Ryan O'Callaghan,2010,OL,28-30,,,no_claim,,0,0
00-0024353,Quinn Ojinnaka,2010,OL,25-27,,,no_claim,,0,0
00-0024355,Jonathan Scott,2010,OL,28-30,,,no_claim,,0,0
00-0024359,Jerome Harrison,2010,RB,28-30,10.0,16.0,no_claim,,0,0
00-0024375,Chris Kuper,2010,OL,28-30,,,no_claim,,0,0
00-0024376,Michael Toudouze,2010,OL,28-30,,,no_claim,,0,0
00-0024379,Tony Moll,2010,OL,28-30,,,no_claim,,0,0
00-0024390,Kevin Boothe,2010,OL,28-30,,,no_claim,,0,0
00-0024394,Lawrence Vickers,2010,RB,28-30,8.0,16.0,no_claim,,0,0
00-0024401,Jeromey Clary,2010,OL,25-27,,,no_claim,,0,0
00-0024408,Bruce Gradkowski,2010,QB,28-30,6.0,16.0,no_claim,,0,0
00-0024413,Charlie Johnson,2010,OL,25-27,,,no_claim,,0,0
00-0024424,Zach Strief,2010,OL,25-27,,,no_claim,,0,0
00-0024425,Pat McQuistan,2010,OL,28-30,,,no_claim,,0,0
00-0024428,Chris Morris,2010,OL,28-30,,,no_claim,,0,0
00-0024448,Will Montgomery,2010,OL,28-30,,,no_claim,,0,0
00-0024460,Quinton Ganther,2010,RB,25-27,5.0,16.0,no_claim,,0,0
00-0024483,D'Anthony Batiste,2010,OL,28-30,,,no_claim,,0,0
00-0024489,Ahmard Hall,2010,RB,31+,12.0,16.0,no_claim,,0,0
00-0024533,Renardo Foster,2010,OL,25-27,,,no_claim,,0,0
00-0024559,Danny Ware,2010,RB,25-27,7.0,16.0,no_claim,,0,0
00-0024566,Stanley Daniels,2010,OL,25-27,,,no_claim,,0,0
00-0024583,Stephon Heyer,2010,OL,25-27,,,no_claim,,0,0
00-0024659,Billy Latsko,2010,RB,25-27,,,no_claim,,0,0
00-0024670,Kyle Cook,2010,OL,28-30,,,no_claim,,0,0
00-0024738,Eldra Buckley,2010,RB,25-27,6.0,16.0,no_claim,,0,0
00-0024812,Tyler Palko,2010,QB,28-30,2.0,16.0,no_claim,,0,0
00-0024813,Pierre Thomas,2010,RB,25-27,6.0,16.0,TTD,10.0,0,1
00-0025390,Joe Thomas,2010,OL,25-27,,,no_claim,,0,0
00-0025392,Levi Brown,2010,OL,25-27,,,no_claim,,0,0
00-0025394,Adrian Peterson,2010,RB,25-27,15.0,16.0,no_claim,,0,0
00-0025399,Marshawn Lynch,2010,RB,25-27,16.0,16.0,no_claim,,0,0
00-0025409,Brady Quinn,2010,QB,25-27,,,no_claim,,0,0
00-0025415,Joe Staley,2010,OL,25-27,,,no_claim,,0,0
00-0025416,Ben Grubbs,2010,OL,25-27,,,no_claim,,0,0
00-0025423,Kevin Kolb,2010,QB,25-27,7.0,16.0,TTD,9.0,0,1
00-0025426,Justin Blalock,2010,OL,25-27,,,no_claim,,0,0
00-0025427,John Beck,2010,QB,28-30,,,no_claim,,0,0
00-0025429,Tony Ugoh,2010,OL,25-27,,,no_claim,,0,0
00-0025430,Drew Stanton,2010,QB,25-27,6.0,16.0,no_claim,,0,0
00-0025437,Chris Henry,2010,RB,25-27,,,no_claim,,0,0
00-0025439,Brian Leonard,2010,RB,25-27,11.0,16.0,excluded_sub_threshold,5.0,0,0
00-0025446,Ryan Kalil,2010,OL,25-27,,,no_claim,,0,0
00-0025447,Samson Satele,2010,OL,25-27,,,no_claim,,0,0
00-0025450,Brandon Jackson,2010,RB,25-27,16.0,16.0,no_claim,,0,0
00-0025457,Ryan Harris,2010,OL,25-27,,,no_claim,,0,0
00-0025458,Lorenzo Booker,2010,RB,25-27,4.0,16.0,no_claim,,0,0
00-0025473,Marshal Yanda,2010,OL,25-27,,,no_claim,,0,0
00-0025478,Mario Henderson,2010,OL,25-27,,,no_claim,,0,0
00-0025479,Trent Edwards,2010,QB,25-27,4.0,16.0,no_claim,,0,0
00-0025480,Garrett Wolfe,2010,RB,25-27,1.0,16.0,no_claim,,0,0
00-0025487,Michael Bush,2010,RB,25-27,14.0,16.0,no_claim,,0,0
00-0025502,Leroy Harris,2010,OL,25-27,,,no_claim,,0,0
00-0025504,Manuel Ramirez,2010,OL,28-30,,,no_claim,,0,0
00-0025506,Allen Barbre,2010,OL,25-27,,,no_claim,,0,0
00-0025509,Doug Free,2010,OL,25-27,,,no_claim,,0,0
00-0025511,Mansfield Wrotto,2010,OL,25-27,,,no_claim,,0,0
00-0025512,Jermon Bushrod,2010,OL,25-27,,,no_claim,,0,0
00-0025524,Le'Ron McClain,2010,RB,25-27,14.0,16.0,no_claim,,0,0
00-0025536,Uche Nwaneri,2010,OL,25-27,,,no_claim,,0,0
00-0025561,Troy Smith,2010,QB,25-27,6.0,16.0,no_claim,,0,0
00-0025568,Reagan Maui'a,2010,RB,25-27,6.0,16.0,no_claim,,0,0
00-0025570,Kasey Studdard,2010,OL,25-27,,,no_claim,,0,0
00-0025573,Thomas Clayton,2010,RB,25-27,2.0,16.0,no_claim,,0,0
00-0025576,Adam Koets,2010,OL,25-27,,,no_claim,,0,0
00-0025578,Korey Hall,2010,RB,28-30,1.0,16.0,PTD,15.0,1,0
00-0025582,Deon Anderson,2010,RB,28-30,,,no_claim,,0,0
00-0025592,Jordan Palmer,2010,QB,25-27,1.0,16.0,no_claim,,0,0
00-0025596,Corey Hilliard,2010,OL,25-27,,,no_claim,,0,0
00-0025604,Tyler Thigpen,2010,QB,25-27,5.0,16.0,no_claim,,0,0
00-0025610,Mike Otto,2010,OL,28-30,,,no_claim,,0,0
00-0025615,DeShawn Wynn,2010,RB,25-27,,,no_claim,,0,0
00-0025619,Steve Vallos,2010,OL,25-27,,,no_claim,,0,0
00-0025631,Jason Snelling,2010,RB,25-27,14.0,16.0,no_claim,,0,0
00-0025633,Kenneth Darby,2010,RB,28-30,13.0,16.0,excluded_sub_threshold,3.0,0,0
00-0025637,Ahmad Bradshaw,2010,RB,25-27,16.0,16.0,no_claim,,0,0
00-0025644,Tim Duckworth,2010,OL,28-30,,,no_claim,,0,0
00-0025672,Tim Castille,2010,RB,25-27,8.0,16.0,no_claim,,0,0
00-0025682,Lyle Sendlein,2010,OL,25-27,,,no_claim,,0,0
00-0025694,Brett Ratliff,2010,QB,25-27,,,no_claim,,0,0
00-0025701,Jackie Battle,2010,RB,25-27,8.0,16.0,no_claim,,0,0
00-0025708,Matt Moore,2010,QB,25-27,6.0,16.0,no_claim,,0,0
00-0025749,Richard Bartel,2010,QB,28-30,1.0,16.0,no_claim,,0,0
00-0025761,Robert Turner,2010,OL,25-27,,,no_claim,,0,0
00-0025787,Jared Gaither,2010,OL,25-27,,,no_claim,,0,0
00-0025820,Jake Long,2010,OL,25-27,,,no_claim,,0,0
00-0025826,Tyler Polumbus,2010,OL,25-27,,,no_claim,,0,0
00-0025829,Doug Legursky,2010,OL,25-27,,,no_claim,,0,0
00-0025860,BenJarvus Green-Ellis,2010,RB,25-27,16.0,16.0,no_claim,,0,0
00-0025866,Ryan Wendell,2010,OL,25-27,,,no_claim,,0,0
00-0025872,Kyle DeVan,2010,OL,25-27,,,no_claim,,0,0
00-0025897,William Robinson,2010,OL,25-27,,,no_claim,,0,0
00-0025900,Chris Clark,2010,OL,25-27,,,no_claim,,0,0
00-0025925,Fernando Velasco,2010,OL,25-27,,,no_claim,,0,0
00-0025955,Albert Young,2010,RB,25-27,2.0,16.0,no_claim,,0,0
00-0025970,Caleb Hanie,2010,QB,25-27,2.0,16.0,no_claim,,0,0
00-0025997,Chad Simpson,2010,RB,25-27,,,no_claim,,0,0
00-0026012,Jehuu Caulcrick,2010,RB,28-30,1.0,16.0,no_claim,,0,0
00-0026015,Bryan Mattison,2010,OL,25-27,,,no_claim,,0,0
00-0026029,Kregg Lumpkin,2010,RB,25-27,2.0,16.0,no_claim,,0,0
00-0026033,Mike Cox,2010,RB,25-27,4.0,16.0,no_claim,,0,0
00-0026061,Brandyn Dombrowski,2010,OL,25-27,,,no_claim,,0,0
00-0026069,Mike Tolbert,2010,RB,25-27,15.0,16.0,no_claim,,0,0
00-0026080,James Lee,2010,OL,25-27,,,no_claim,,0,0
00-0026113,Clifton Smith,2010,RB,25-27,,,no_claim,,0,0
00-0026143,Matt Ryan,2010,QB,25-27,16.0,16.0,no_claim,,0,0
00-0026144,Darren McFadden,2010,RB,<=24,13.0,16.0,excluded_sub_threshold,3.0,0,0
00-0026152,Ryan Clady,2010,OL,<=24,,,no_claim,,0,0
00-0026153,Jonathan Stewart,2010,RB,<=24,14.0,16.0,excluded_sub_threshold,2.0,0,0
00-0026154,Chris Williams,2010,OL,25-27,,,no_claim,,0,0
00-0026155,Branden Albert,2010,OL,25-27,,,no_claim,,0,0
00-0026157,Gosder Cherilus,2010,OL,25-27,,,no_claim,,0,0
00-0026158,Joe Flacco,2010,QB,25-27,16.0,16.0,no_claim,,0,0
00-0026159,Jeff Otah,2010,OL,25-27,,,no_claim,,0,0
00-0026161,Sam Baker,2010,OL,25-27,,,no_claim,,0,0
00-0026162,Felix Jones,2010,RB,<=24,16.0,16.0,no_claim,,0,0
00-0026163,Rashard Mendenhall,2010,RB,<=24,16.0,16.0,no_claim,,0,0
00-0026164,Chris Johnson,2010,RB,25-27,16.0,16.0,no_claim,,0,0
00-0026166,Duane Brown,2010,OL,25-27,,,no_claim,,0,0
00-0026179,Chilo Rachal,2010,OL,25-27,,,no_claim,,0,0
00-0026184,Matt Forte,2010,RB,25-27,16.0,16.0,no_claim,,0,0
00-0026195,Ray Rice,2010,RB,<=24,16.0,16.0,no_claim,,0,0
00-0026196,Brian Brohm,2010,QB,25-27,1.0,16.0,no_claim,,0,0
00-0026197,Chad Henne,2010,QB,25-27,15.0,16.0,no_claim,,0,0
00-0026199,Mike Pollak,2010,OL,25-27,,,no_claim,,0,0
00-0026204,Kevin Smith,2010,RB,<=24,6.0,16.0,TTD,10.0,0,1
00-0026205,John Greco,2010,OL,25-27,,,no_claim,,0,0
00-0026209,Jacob Hester,2010,RB,25-27,14.0,16.0,excluded_sub_threshold,2.0,0,0
00-0026213,Jamaal Charles,2010,RB,<=24,16.0,16.0,no_claim,,0,0
00-0026223,Jeremy Zuttah,2010,OL,25-27,,,no_claim,,0,0
00-0026229,Steve Slaton,2010,RB,25-27,5.0,16.0,no_claim,,0,0
00-0026236,Chad Rinehart,2010,OL,25-27,,,no_claim,,0,0
00-0026239,Oniel Cousins,2010,OL,25-27,,,no_claim,,0,0
00-0026248,Kory Lichtensteiger,2010,OL,25-27,,,no_claim,,0,0
00-0026249,Mike McGlynn,2010,OL,25-27,,,no_claim,,0,0
00-0026252,Anthony Collins,2010,OL,25-27,,,no_claim,,0,0
00-0026262,Tashard Choice,2010,RB,25-27,12.0,16.0,no_claim,,0,0
00-0026270,Tony Hills,2010,OL,25-27,,,no_claim,,0,0
00-0026275,Josh Sitton,2010,OL,25-27,,,no_claim,,0,0
00-0026279,Ryan Torain,2010,RB,25-27,10.0,16.0,TTD,6.0,0,1
00-0026286,Jerome Felton,2010,RB,25-27,13.0,16.0,no_claim,,0,0
00-0026289,Tim Hightower,2010,RB,25-27,16.0,16.0,no_claim,,0,0
00-0026290,Breno Giacomini,2010,OL,25-27,,,no_claim,,0,0
00-0026296,Dennis Dixon,2010,QB,25-27,2.0,16.0,PTD,14.0,1,0
00-0026300,Josh Johnson,2010,QB,25-27,8.0,16.0,no_claim,,0,0
00-0026303,Owen Schmitt,2010,RB,25-27,13.0,16.0,no_claim,,0,0
00-0026304,Carl Nicks,2010,OL,25-27,,,no_claim,,0,0
00-0026310,Barry Richardson,2010,OL,25-27,,,no_claim,,0,0
00-0026316,Jalen Parmele,2010,RB,25-27,,,no_claim,,0,0
00-0026323,Spencer Larsen,2010,RB,25-27,6.0,16.0,TTD,10.0,0,1
00-0026324,Mike Gibson,2010,OL,25-27,,,no_claim,,0,0
00-0026327,John Sullivan,2010,OL,25-27,,,no_claim,,0,0
00-0026335,Donald Thomas,2010,OL,25-27,,,no_claim,,0,0
00-0026342,Mike Hart,2010,RB,25-27,6.0,16.0,PTD,10.0,1,0
00-0026344,Lex Hilliard,2010,RB,25-27,2.0,16.0,no_claim,,0,0
00-0026349,Matt Flynn,2010,QB,25-27,6.0,16.0,no_claim,,0,0
00-0026359,Demetrius Bell,2010,OL,25-27,,,no_claim,,0,0
00-0026365,Brandon Keith,2010,OL,25-27,,,no_claim,,0,0
00-0026367,Peyton Hillis,2010,RB,25-27,16.0,16.0,no_claim,,0,0
00-0026370,King Dunlap,2010,OL,25-27,,,no_claim,,0,0
00-0026373,Justin Forsett,2010,RB,25-27,16.0,16.0,no_claim,,0,0
00-0026376,Jamey Richard,2010,OL,25-27,,,no_claim,,0,0
00-0026381,Geoff Schwartz,2010,OL,25-27,,,no_claim,,0,0
00-0026390,Mackenzy Bernadeau,2010,OL,25-27,,,no_claim,,0,0
00-0026393,Marcel Reece,2010,RB,25-27,16.0,16.0,no_claim,,0,0
00-0026408,Joe Reitz,2010,OL,25-27,,,no_claim,,0,0
00-0026432,Lance Ball,2010,RB,25-27,7.0,16.0,no_claim,,0,0
00-0026498,Matthew Stafford,2010,QB,<=24,4.0,16.0,TTD,12.0,0,1
00-0026500,Matt Slauson,2010,OL,25-27,,,no_claim,,0,0
00-0026505,John Parker Wilson,2010,QB,25-27,,,no_claim,,0,0
00-0026537,Edwin Williams,2010,OL,<=24,,,no_claim,,0,0
00-0026544,Chase Daniel,2010,QB,<=24,2.0,16.0,no_claim,,0,0
00-0026561,Ramon Foster,2010,OL,25-27,,,no_claim,,0,0
00-0026566,Isaac Redman,2010,RB,25-27,15.0,16.0,no_claim,,0,0
00-0026579,Kahlil Bell,2010,RB,<=24,,,no_claim,,0,0
00-0026580,Jon Cooper,2010,OL,<=24,,,no_claim,,0,0
00-0026597,Ray Feinga,2010,OL,25-27,,,no_claim,,0,0
00-0026598,Jerome Johnson,2010,RB,25-27,1.0,16.0,no_claim,,0,0
00-0026607,Brock Bolen,2010,RB,25-27,1.0,16.0,PTD,15.0,1,0
00-0026620,Devin Moore,2010,RB,25-27,1.0,16.0,no_claim,,0,0
00-0026625,Brian Hoyer,2010,QB,25-27,5.0,16.0,no_claim,,0,0
00-0026700,Patrick Brown,2010,OL,<=24,,,no_claim,,0,0
00-0026705,C.J. Davis,2010,OL,<=24,,,no_claim,,0,0
00-0026712,Brit Miller,2010,RB,<=24,,,no_claim,,0,0
00-0026715,Garry Williams,2010,OL,25-27,,,no_claim,,0,0
00-0026723,Chris Pressley,2010,RB,25-27,1.0,16.0,no_claim,,0,0
00-0026745,Curtis Brinkley,2010,RB,25-27,2.0,16.0,no_claim,,0,0
00-0026762,Alex Boone,2010,OL,<=24,,,no_claim,,0,0
00-0026775,Rudy Carpenter,2010,QB,25-27,,,no_claim,,0,0
00-0026784,Evan Smith,2010,OL,25-27,,,no_claim,,0,0
00-0026790,Tyrell Sutton,2010,RB,<=24,4.0,16.0,PTD,12.0,1,0
00-0026796,Arian Foster,2010,RB,25-27,16.0,16.0,no_claim,,0,0
00-0026819,Kareem Huggins,2010,RB,25-27,2.0,16.0,no_claim,,0,0
00-0026839,Jermey Parnell,2010,OL,25-27,,,no_claim,,0,0
00-0026852,Darrel Young,2010,RB,<=24,2.0,16.0,no_claim,,0,0
00-0026855,Antone Smith,2010,RB,25-27,1.0,16.0,PTD,15.0,1,0
00-0026898,Mark Sanchez,2010,QB,<=24,15.0,16.0,no_claim,,0,0
00-0026899,Shonn Greene,2010,RB,25-27,15.0,16.0,no_claim,,0,0
00-0026909,Rich Ohrnberger,2010,OL,25-27,,,no_claim,,0,0
00-0026916,Rhett Bomar,2010,QB,25-27,,,no_claim,,0,0
00-0026924,Herman Johnson,2010,OL,25-27,,,no_claim,,0,0
00-0026932,Cedric Peerman,2010,RB,<=24,2.0,16.0,no_claim,,0,0
00-0026941,Bernard Scott,2010,RB,25-27,14.0,16.0,no_claim,,0,0
00-0026943,Paul Fanaika,2010,OL,25-27,,,no_claim,,0,0
00-0026956,LaRod Stephens-Howling,2010,RB,<=24,13.0,16.0,excluded_sub_threshold,3.0,0,0
00-0026957,David Johnson,2010,RB,<=24,4.0,16.0,no_claim,,0,0
00-0026961,Lance Louis,2010,OL,25-27,,,no_claim,,0,0
00-0026979,Jason Smith,2010,OL,25-27,,,no_claim,,0,0
00-0026982,Andre Smith,2010,OL,<=24,,,no_claim,,0,0
00-0026984,Eugene Monroe,2010,OL,<=24,,,no_claim,,0,0
00-0026988,Knowshon Moreno,2010,RB,<=24,13.0,16.0,excluded_sub_threshold,3.0,0,0
00-0026993,Josh Freeman,2010,QB,<=24,16.0,16.0,no_claim,,0,0
00-0026997,Alex Mack,2010,OL,25-27,,,no_claim,,0,0
00-0026999,Michael Oher,2010,OL,25-27,,,no_claim,,0,0
00-0027003,Donald Brown,2010,RB,<=24,13.0,16.0,no_claim,,0,0
00-0027004,Eric Wood,2010,OL,25-27,,,no_claim,,0,0
00-0027007,Chris Wells,2010,RB,<=24,13.0,16.0,no_claim,,0,0
00-0027015,Eben Britton,2010,OL,<=24,,,no_claim,,0,0
00-0027025,Max Unger,2010,OL,25-27,,,no_claim,,0,0
00-0027027,Andy Levitre,2010,OL,25-27,,,no_claim,,0,0
00-0027029,LeSean McCoy,2010,RB,<=24,15.0,16.0,no_claim,,0,0
00-0027030,Phil Loadholt,2010,OL,25-27,,,no_claim,,0,0
00-0027034,Sebastian Vollmer,2010,OL,25-27,,,no_claim,,0,0
00-0027036,Will Beatty,2010,OL,25-27,,,no_claim,,0,0
00-0027051,Antoine Caldwell,2010,OL,25-27,,,no_claim,,0,0
00-0027052,Louis Vasquez,2010,OL,<=24,,,no_claim,,0,0
00-0027053,Kraig Urbik,2010,OL,25-27,,,no_claim,,0,0
00-0027071,Stephen McGee,2010,QB,25-27,2.0,16.0,no_claim,,0,0
00-0027078,T.J. Lang,2010,OL,<=24,,,no_claim,,0,0
00-0027080,Mike Goodson,2010,RB,<=24,15.0,16.0,no_claim,,0,0
00-0027093,Tony Fiammetta,2010,RB,25-27,8.0,16.0,PTD,8.0,1,0
00-0027094,Andre Brown,2010,RB,<=24,1.0,16.0,no_claim,,0,0
00-0027097,Tyronne Green,2010,OL,25-27,,,no_claim,,0,0
00-0027098,Gartrell Johnson,2010,RB,25-27,6.0,16.0,no_claim,,0,0
00-0027099,Troy Kropog,2010,OL,25-27,,,no_claim,,0,0
00-0027101,Colin Brown,2010,OL,25-27,,,no_claim,,0,0
00-0027106,Quinn Johnson,2010,RB,<=24,3.0,16.0,TTD,13.0,0,1
00-0027110,Garrett Reynolds,2010,OL,<=24,,,no_claim,,0,0
00-0027112,Jamon Meredith,2010,OL,25-27,,,no_claim,,0,0
00-0027120,Javon Ringer,2010,RB,<=24,16.0,16.0,no_claim,,0,0
00-0027129,Aaron Brown,2010,RB,25-27,3.0,16.0,PTD,13.0,1,0
00-0027130,James Davis,2010,RB,25-27,3.0,16.0,no_claim,,0,0
00-0027131,Keith Null,2010,QB,25-27,,,no_claim,,0,0
00-0027134,Curtis Painter,2010,QB,25-27,,,no_claim,,0,0
00-0027148,Lydon Murtha,2010,OL,25-27,,,no_claim,,0,0
00-0027153,Jaimie Thomas,2010,OL,25-27,,,no_claim,,0,0
00-0027155,Rashad Jennings,2010,RB,25-27,12.0,16.0,excluded_sub_threshold,4.0,0,0
00-0027201,Dimitri Nance,2010,RB,<=24,8.0,16.0,no_claim,,0,0
00-0027214,Keiland Williams,2010,RB,25-27,14.0,16.0,no_claim,,0,0
00-0027216,Dorian Brooks,2010,OL,<=24,,,no_claim,,0,0
00-0027218,Joique Bell,2010,RB,25-27,,,no_claim,,0,0
00-0027257,Keith Toston,2010,RB,<=24,5.0,16.0,no_claim,,0,0
00-0027297,Austin Howard,2010,OL,<=24,,,no_claim,,0,0
00-0027309,Lemuel Jeanpierre,2010,OL,<=24,,,no_claim,,0,0
00-0027325,LeGarrette Blount,2010,RB,<=24,13.0,16.0,no_claim,,0,0
00-0027333,Kevin Matthews,2010,OL,<=24,,,no_claim,,0,0
00-0027347,Max Hall,2010,QB,25-27,6.0,16.0,no_claim,,0,0
00-0027384,R.J. Archer,2010,QB,<=24,,,no_claim,,0,0
00-0027401,Rashawn Jackson,2010,RB,<=24,,,no_claim,,0,0
00-0027415,Will Barker,2010,OL,<=24,,,no_claim,,0,0
00-0027417,Phil Costa,2010,OL,<=24,,,no_claim,,0,0
00-0027419,Chris Gronkowski,2010,RB,<=24,8.0,16.0,no_claim,,0,0
00-0027423,Lonyae Miller,2010,RB,<=24,,,no_claim,,0,0
00-0027435,Nick McDonald,2010,OL,<=24,,,no_claim,,0,0
00-0027444,Derek Hardman,2010,OL,<=24,,,no_claim,,0,0
00-0027467,Javarris James,2010,RB,<=24,8.0,16.0,no_claim,,0,0
00-0027469,Jeff Linkenbach,2010,OL,<=24,,,no_claim,,0,0
00-0027485,Jeff Byers,2010,OL,25-27,,,no_claim,,0,0
00-0027498,Daniel Baldridge,2010,OL,25-27,,,no_claim,,0,0
00-0027506,Kevin Haslam,2010,OL,<=24,,,no_claim,,0,0
00-0027528,Brandon Carter,2010,OL,<=24,,,no_claim,,0,0
00-0027531,Chris Ivory,2010,RB,<=24,12.0,16.0,excluded_sub_threshold,4.0,0,0
00-0027542,Cord Howard,2010,OL,<=24,,,no_claim,,0,0
00-0027602,Graham Harrell,2010,QB,25-27,,,no_claim,,0,0
00-0027605,Dan LeFevour,2010,QB,<=24,,,no_claim,,0,0
00-0027607,Ted Larsen,2010,OL,<=24,,,no_claim,,0,0
00-0027609,J'Marcus Webb,2010,OL,<=24,,,no_claim,,0,0
00-0027648,Rodger Saffold,2010,OL,<=24,,,no_claim,,0,0
00-0027658,Zane Beadles,2010,OL,<=24,,,no_claim,,0,0
00-0027659,Jimmy Clausen,2010,QB,<=24,13.0,16.0,excluded_sub_threshold,3.0,0,0
00-0027667,Vladimir Ducasse,2010,OL,<=24,,,no_claim,,0,0
00-0027669,Charles Brown,2010,OL,<=24,,,no_claim,,0,0
00-0027673,Jon Asamoah,2010,OL,<=24,,,no_claim,,0,0
00-0027674,Jared Veldheer,2010,OL,<=24,,,no_claim,,0,0
00-0027678,John Jerry,2010,OL,25-27,,,no_claim,,0,0
00-0027683,J.D. Walton,2010,OL,<=24,,,no_claim,,0,0
00-0027688,Colt McCoy,2010,QB,<=24,8.0,16.0,TTD,8.0,0,1
00-0027694,Shawn Lauvao,2010,OL,<=24,,,no_claim,,0,0
00-0027699,Mike Johnson,2010,OL,<=24,,,no_claim,,0,0
00-0027707,Bruce Campbell,2010,OL,<=24,,,no_claim,,0,0
00-0027712,Joe McKnight,2010,RB,<=24,4.0,16.0,no_claim,,0,0
00-0027717,Joe Hawley,2010,OL,<=24,,,no_claim,,0,0
00-0027722,Mike Kafka,2010,QB,<=24,,,no_claim,,0,0
00-0027728,Jason Fox,2010,OL,<=24,,,no_claim,,0,0
00-0027729,Jacques McClendon,2010,OL,<=24,,,no_claim,,0,0
00-0027739,John Conner,2010,RB,<=24,5.0,16.0,no_claim,,0,0
00-0027740,Ed Wang,2010,OL,<=24,,,no_claim,,0,0
00-0027746,Mitch Petrus,2010,OL,<=24,,,no_claim,,0,0
00-0027750,Chris Scott,2010,OL,<=24,,,no_claim,,0,0
00-0027754,John Skelton,2010,QB,<=24,5.0,16.0,no_claim,,0,0
00-0027757,Matt Tennant,2010,OL,<=24,,,no_claim,,0,0
00-0027760,Chris DeGeare,2010,OL,<=24,,,no_claim,,0,0
00-0027761,Brody Eldridge,2010,RB,<=24,6.0,16.0,no_claim,,0,0
00-0027768,Marshall Newhouse,2010,OL,<=24,,,no_claim,,0,0
00-0027772,Anthony Dixon,2010,RB,<=24,12.0,16.0,no_claim,,0,0
00-0027775,Rusty Smith,2010,QB,<=24,2.0,16.0,no_claim,,0,0
00-0027778,Sam Young,2010,OL,<=24,,,no_claim,,0,0
00-0027779,Deji Karim,2010,RB,<=24,6.0,16.0,TTD,10.0,0,1
00-0027781,Eric Olsen,2010,OL,<=24,,,no_claim,,0,0
00-0027785,Shelley Smith,2010,OL,<=24,,,no_claim,,0,0
00-0027786,Jonathan Dwyer,2010,RB,<=24,1.0,16.0,no_claim,,0,0
00-0027791,James Starks,2010,RB,25-27,3.0,16.0,no_claim,,0,0
00-0027796,Joe Webb,2010,QB,<=24,4.0,16.0,no_claim,,0,0
00-0027801,Tony Pike,2010,QB,25-27,1.0,16.0,no_claim,,0,0
00-0027803,Thomas Welch,2010,OL,<=24,,,no_claim,,0,0
00-0027804,Levi Brown,2010,QB,<=24,1.0,16.0,no_claim,,0,0
00-0027820,Reggie Stephens,2010,OL,<=24,,,no_claim,,0,0
00-0027821,Erik Cook,2010,OL,<=24,,,no_claim,,0,0
00-0027841,Zac Robinson,2010,QB,<=24,,,no_claim,,0,0
00-0027844,Erik Lorig,2010,RB,<=24,2.0,16.0,no_claim,,0,0
00-0027849,Matt Kopa,2010,OL,<=24,,,no_claim,,0,0
00-0027854,Sam Bradford,2010,QB,<=24,16.0,16.0,no_claim,,0,0
00-0027857,Trent Williams,2010,OL,<=24,,,no_claim,,0,0
00-0027859,Russell Okung,2010,OL,<=24,,,no_claim,,0,0
00-0027861,C.J. Spiller,2010,RB,<=24,14.0,16.0,excluded_sub_threshold,2.0,0,0
00-0027863,Anthony Davis,2010,OL,<=24,,,no_claim,,0,0
00-0027864,Ryan Mathews,2010,RB,<=24,12.0,16.0,excluded_sub_threshold,4.0,0,0
00-0027869,Mike Iupati,2010,OL,<=24,,,no_claim,,0,0
00-0027870,Maurkice Pouncey,2010,OL,<=24,,,no_claim,,0,0
00-0027875,Bryan Bulaga,2010,OL,<=24,,,no_claim,,0,0
00-0027876,Tim Tebow,2010,QB,<=24,7.0,16.0,no_claim,,0,0
00-0027880,Jahvid Best,2010,RB,<=24,15.0,16.0,no_claim,,0,0
00-0027888,Toby Gerhart,2010,RB,<=24,15.0,16.0,no_claim,,0,0
00-0000865,Charlie Batch,2011,QB,31+,3.0,16.0,no_claim,,0,0
00-0001263,Matt Birk,2011,OL,31+,,,no_claim,,0,0
00-0002110,Mark Brunell,2011,QB,31+,1.0,16.0,no_claim,,0,0
00-0003292,Kerry Collins,2011,QB,31+,3.0,16.0,no_claim,,0,0
00-0004161,Jake Delhomme,2011,QB,31+,1.0,16.0,no_claim,,0,0
00-0005091,Kevin Faulk,2011,RB,31+,5.0,16.0,no_claim,,0,0
00-0005755,Jeff Garcia,2011,QB,31+,,,no_claim,,0,0
00-0006410,Chris Greisen,2011,QB,31+,,,no_claim,,0,0
00-0007091,Matt Hasselbeck,2011,QB,31+,16.0,16.0,no_claim,,0,0
00-0009311,Jon Kitna,2011,QB,31+,3.0,16.0,PTD,13.0,1,0
00-0009472,Olin Kreutz,2011,OL,31+,,,no_claim,,0,0
00-0010346,Peyton Manning,2011,QB,31+,,,no_claim,,0,0
00-0010711,Todd McClure,2011,OL,31+,,,no_claim,,0,0
00-0011022,Donovan McNabb,2011,QB,31+,6.0,16.0,no_claim,,0,0
00-0014375,Jeff Saturday,2011,OL,31+,,,no_claim,,0,0
00-0014655,Mike Sellers,2011,RB,31+,2.0,16.0,PTD,14.0,1,0
00-0017638,Casey Wiegmann,2011,OL,31+,,,no_claim,,0,0
00-0017915,Ricky Williams,2011,RB,31+,16.0,16.0,no_claim,,0,0
00-0018584,Brian Waters,2011,OL,31+,,,no_claim,,0,0
00-0018956,Brad Meester,2011,OL,31+,,,no_claim,,0,0
00-0019041,Billy Volek,2011,QB,31+,2.0,16.0,no_claim,,0,0
00-0019484,Sammy Morris,2011,RB,31+,3.0,16.0,no_claim,,0,0
00-0019596,Tom Brady,2011,QB,31+,16.0,16.0,no_claim,,0,0
00-0019629,Bobbie Williams,2011,OL,31+,,,no_claim,,0,0
00-0019632,Cooper Carlisle,2011,OL,31+,,,no_claim,,0,0
00-0019641,Thomas Jones,2011,RB,31+,16.0,16.0,no_claim,,0,0
00-0019702,Chad Clifton,2011,OL,31+,,,no_claim,,0,0
00-0019709,Chris Redman,2011,QB,31+,4.0,16.0,no_claim,,0,0
00-0020245,Michael Vick,2011,QB,31+,13.0,16.0,excluded_sub_threshold,3.0,0,0
00-0020260,Roberto Garza,2011,OL,31+,,,no_claim,,0,0
00-0020305,A.J. Feeley,2011,QB,31+,4.0,16.0,PTD,12.0,1,0
00-0020389,Russ Hochstein,2011,OL,31+,,,no_claim,,0,0
00-0020399,Ryan Diem,2011,OL,31+,,,no_claim,,0,0
00-0020444,Jeff Backus,2011,OL,31+,,,no_claim,,0,0
00-0020445,Dominic Raiola,2011,OL,31+,,,no_claim,,0,0
00-0020463,Kareem McKenzie,2011,OL,31+,,,no_claim,,0,0
00-0020466,Steve Hutchinson,2011,OL,31+,,,no_claim,,0,0
00-0020480,Sage Rosenfels,2011,QB,31+,,,no_claim,,0,0
00-0020508,Moran Norris,2011,RB,31+,,,no_claim,,0,0
00-0020531,Drew Brees,2011,QB,31+,16.0,16.0,no_claim,,0,0
00-0020533,Leonard Davis,2011,OL,31+,,,no_claim,,0,0
00-0020536,LaDainian Tomlinson,2011,RB,31+,14.0,16.0,excluded_sub_threshold,2.0,0,0
00-0020543,Matt Light,2011,OL,31+,,,no_claim,,0,0
00-0020608,David Carr,2011,QB,31+,,,no_claim,,0,0
00-0020679,Shaun Hill,2011,QB,31+,2.0,16.0,no_claim,,0,0
00-0020801,Artis Hicks,2011,OL,31+,,,no_claim,,0,0
00-0020804,Corey McIntyre,2011,RB,31+,1.0,16.0,no_claim,,0,0
00-0020969,Brandon Moore,2011,OL,31+,,,no_claim,,0,0
00-0021064,Tony Wragge,2011,OL,31+,,,no_claim,,0,0
00-0021160,Marc Colombo,2011,OL,31+,,,no_claim,,0,0
00-0021182,Maurice Morris,2011,RB,31+,13.0,16.0,no_claim,,0,0
00-0021206,Josh McCown,2011,QB,31+,3.0,16.0,no_claim,,0,0
00-0021267,Jonathan Goodwin,2011,OL,31+,,,no_claim,,0,0
00-0021314,Chester Taylor,2011,RB,31+,11.0,16.0,no_claim,,0,0
00-0021348,Kyle Kosier,2011,OL,31+,,,no_claim,,0,0
00-0021357,Rock Cartwright,2011,RB,31+,7.0,16.0,no_claim,,0,0
00-0021383,Bryant McKinnie,2011,OL,31+,,,no_claim,,0,0
00-0021385,Andre Gurode,2011,OL,31+,,,no_claim,,0,0
00-0021429,Carson Palmer,2011,QB,31+,10.0,16.0,no_claim,,0,0
00-0021464,Brett Romberg,2011,OL,31+,,,no_claim,,0,0
00-0021504,Jamaal Jackson,2011,OL,31+,,,no_claim,,0,0
00-0021546,Kris Dielman,2011,OL,31+,,,no_claim,,0,0
00-0021637,Adam Goldberg,2011,OL,31+,,,no_claim,,0,0
00-0021678,Tony Romo,2011,QB,31+,16.0,16.0,no_claim,,0,0
00-0021755,Earnest Graham,2011,RB,31+,7.0,16.0,no_claim,,0,0
00-0021911,Reggie Wells,2011,OL,31+,,,no_claim,,0,0
00-0021922,David Diehl,2011,OL,31+,,,no_claim,,0,0
00-0021974,Jeremy Bridges,2011,OL,31+,,,no_claim,,0,0
00-0021976,Larry Johnson,2011,RB,31+,1.0,16.0,no_claim,,0,0
00-0022000,Wayne Hunter,2011,OL,31+,,,no_claim,,0,0
00-0022019,Dan Koppen,2011,OL,31+,,,no_claim,,0,0
00-0022055,Seneca Wallace,2011,QB,31+,6.0,16.0,no_claim,,0,0
00-0022094,Montrae Holland,2011,OL,31+,,,no_claim,,0,0
00-0022117,Jordan Gross,2011,OL,31+,,,no_claim,,0,0
00-0022121,Rex Grossman,2011,QB,31+,13.0,16.0,no_claim,,0,0
00-0022131,Wade Smith,2011,OL,31+,,,no_claim,,0,0
00-0022132,Derrick Dockery,2011,OL,31+,,,no_claim,,0,0
00-0022143,Ovie Mughelli,2011,RB,31+,6.0,16.0,no_claim,,0,0
00-0022149,Tony Pashos,2011,OL,31+,,,no_claim,,0,0
00-0022157,Jeff Faine,2011,OL,31+,,,no_claim,,0,0
00-0022164,Kyle Boller,2011,QB,31+,2.0,16.0,no_claim,,0,0
00-0022178,Willis McGahee,2011,RB,28-30,15.0,16.0,no_claim,,0,0
00-0022214,Travelle Wharton,2011,OL,31+,,,no_claim,,0,0
00-0022217,Mewelde Moore,2011,RB,28-30,12.0,16.0,excluded_sub_threshold,4.0,0,0
00-0022245,Tyson Clabo,2011,OL,28-30,,,no_claim,,0,0
00-0022266,Anthony Herrera,2011,OL,31+,,,no_claim,,0,0
00-0022350,Ryan Lilja,2011,OL,28-30,,,no_claim,,0,0
00-0022397,Vonta Leach,2011,RB,28-30,15.0,16.0,no_claim,,0,0
00-0022405,Lousaka Polite,2011,RB,28-30,,,no_claim,,0,0
00-0022531,Jason Peters,2011,OL,28-30,,,no_claim,,0,0
00-0022728,Kirk Chambers,2011,OL,31+,,,no_claim,,0,0
00-0022736,Steven Jackson,2011,RB,28-30,15.0,16.0,no_claim,,0,0
00-0022755,Jake Scott,2011,OL,31+,,,no_claim,,0,0
00-0022770,Derrick Ward,2011,RB,31+,5.0,16.0,PTD,11.0,1,0
00-0022771,Eugene Amano,2011,OL,28-30,,,no_claim,,0,0
00-0022785,Max Starks,2011,OL,28-30,,,no_claim,,0,0
00-0022787,Matt Schaub,2011,QB,31+,10.0,16.0,no_claim,,0,0
00-0022803,Eli Manning,2011,QB,31+,16.0,16.0,no_claim,,0,0
00-0022804,Nick Hardwick,2011,OL,28-30,,,no_claim,,0,0
00-0022808,Stephen Peterman,2011,OL,28-30,,,no_claim,,0,0
00-0022821,Michael Turner,2011,RB,28-30,16.0,16.0,no_claim,,0,0
00-0022832,Scott Wells,2011,OL,31+,,,no_claim,,0,0
00-0022836,Robert Gallery,2011,OL,31+,,,no_claim,,0,0
00-0022838,Chris Snee,2011,OL,28-30,,,no_claim,,0,0
00-0022855,Sean Locklear,2011,OL,31+,,,no_claim,,0,0
00-0022864,Luke McCown,2011,QB,31+,4.0,16.0,no_claim,,0,0
00-0022870,Stacy Andrews,2011,OL,31+,,,no_claim,,0,0
00-0022875,Jacob Bell,2011,OL,31+,,,no_claim,,0,0
00-0022890,Vernon Carey,2011,OL,31+,,,no_claim,,0,0
00-0022897,Greg Jones,2011,RB,31+,8.0,16.0,no_claim,,0,0
00-0022905,Rex Hadnot,2011,OL,28-30,,,no_claim,,0,0
00-0022912,J.P. Losman,2011,QB,31+,1.0,16.0,no_claim,,0,0
00-0022924,Ben Roethlisberger,2011,QB,28-30,15.0,16.0,no_claim,,0,0
00-0022942,Philip Rivers,2011,QB,28-30,16.0,16.0,no_claim,,0,0
00-0022979,Dan Connolly,2011,OL,28-30,,,no_claim,,0,0
00-0022984,Ryan Grant,2011,RB,28-30,15.0,16.0,no_claim,,0,0
00-0022999,John Kuhn,2011,RB,28-30,15.0,16.0,no_claim,,0,0
00-0023016,Erik Pears,2011,OL,28-30,,,no_claim,,0,0
00-0023180,Harvey Dahl,2011,OL,31+,,,no_claim,,0,0
00-0023299,Ikechuku Ndukwe,2011,OL,28-30,,,no_claim,,0,0
00-0023362,Chris Kemoeatu,2011,OL,28-30,,,no_claim,,0,0
00-0023436,Alex Smith,2011,QB,28-30,16.0,16.0,no_claim,,0,0
00-0023437,Ronnie Brown,2011,RB,28-30,13.0,16.0,no_claim,,0,0
00-0023439,Cedric Benson,2011,RB,28-30,15.0,16.0,no_claim,,0,0
00-0023440,Carnell Williams,2011,RB,28-30,11.0,16.0,excluded_sub_threshold,5.0,0,0
00-0023447,Jammal Brown,2011,OL,31+,,,no_claim,,0,0
00-0023459,Aaron Rodgers,2011,QB,28-30,15.0,16.0,no_claim,,0,0
00-0023460,Jason Campbell,2011,QB,28-30,6.0,16.0,TTD,10.0,0,1
00-0023461,Chris Spencer,2011,OL,28-30,,,no_claim,,0,0
00-0023467,Logan Mankins,2011,OL,28-30,,,no_claim,,0,0
00-0023468,David Baas,2011,OL,28-30,,,no_claim,,0,0
00-0023476,Michael Roos,2011,OL,28-30,,,no_claim,,0,0
00-0023487,Khalif Barnes,2011,OL,28-30,,,no_claim,,0,0
00-0023500,Frank Gore,2011,RB,28-30,16.0,16.0,no_claim,,0,0
00-0023514,Evan Mathis,2011,OL,28-30,,,no_claim,,0,0
00-0023516,Richie Incognito,2011,OL,28-30,,,no_claim,,0,0
00-0023528,Trai Essex,2011,OL,28-30,,,no_claim,,0,0
00-0023529,Adam Snyder,2011,OL,28-30,,,no_claim,,0,0
00-0023540,Ray Willis,2011,OL,28-30,,,no_claim,,0,0
00-0023541,Kyle Orton,2011,QB,28-30,9.0,16.0,PTD,7.0,1,0
00-0023541,Kyle Orton,2011,QB,28-30,9.0,16.0,PTD,7.0,1,0
00-0023544,Marion Barber,2011,RB,28-30,11.0,16.0,excluded_sub_threshold,5.0,0,0
00-0023545,Brandon Jacobs,2011,RB,28-30,14.0,16.0,excluded_sub_threshold,2.0,0,0
00-0023548,David Stewart,2011,OL,28-30,,,no_claim,,0,0
00-0023558,Jason Brown,2011,OL,28-30,,,no_claim,,0,0
00-0023560,Todd Herremans,2011,OL,28-30,,,no_claim,,0,0
00-0023563,Dylan Gandy,2011,OL,28-30,,,no_claim,,0,0
00-0023564,Darren Sproles,2011,RB,28-30,16.0,16.0,no_claim,,0,0
00-0023578,Dan Orlovsky,2011,QB,28-30,8.0,16.0,no_claim,,0,0
00-0023583,Daniel Loper,2011,OL,28-30,,,no_claim,,0,0
00-0023596,Frank Omiyale,2011,OL,28-30,,,no_claim,,0,0
00-0023602,Geoff Hangartner,2011,OL,28-30,,,no_claim,,0,0
00-0023620,Will Svitek,2011,OL,28-30,,,no_claim,,0,0
00-0023633,Chris Myers,2011,OL,28-30,,,no_claim,,0,0
00-0023639,Joe Berger,2011,OL,28-30,,,no_claim,,0,0
00-0023645,Derek Anderson,2011,QB,28-30,2.0,16.0,no_claim,,0,0
00-0023662,Matt Cassel,2011,QB,28-30,9.0,16.0,TTD,7.0,0,1
00-0023674,Scott Mruczkowski,2011,OL,28-30,,,no_claim,,0,0
00-0023682,Ryan Fitzpatrick,2011,QB,28-30,16.0,16.0,no_claim,,0,0
00-0023846,Mike Brisiel,2011,OL,28-30,,,no_claim,,0,0
00-0023880,Mark LeVoir,2011,OL,28-30,,,no_claim,,0,0
00-0023894,Donald Penn,2011,OL,28-30,,,no_claim,,0,0
00-0023920,Dennis Roland,2011,OL,28-30,,,no_claim,,0,0
00-0023958,Nate Livings,2011,OL,28-30,,,no_claim,,0,0
00-0024103,Montell Owens,2011,RB,28-30,5.0,16.0,PTD,11.0,1,0
00-0024193,Willie Colon,2011,OL,28-30,,,no_claim,,0,0
00-0024204,Fred Jackson,2011,RB,31+,10.0,16.0,TTD,6.0,0,1
00-0024217,Reggie Bush,2011,RB,25-27,15.0,16.0,no_claim,,0,0
00-0024218,Vince Young,2011,QB,28-30,5.0,16.0,PTD,11.0,1,0
00-0024219,D'Brickashaw Ferguson,2011,OL,28-30,,,no_claim,,0,0
00-0024225,Matt Leinart,2011,QB,28-30,2.0,16.0,no_claim,,0,0
00-0024226,Jay Cutler,2011,QB,28-30,10.0,16.0,TTD,6.0,0,1
00-0024238,Davin Joseph,2011,OL,28-30,,,no_claim,,0,0
00-0024242,DeAngelo Williams,2011,RB,28-30,16.0,16.0,no_claim,,0,0
00-0024244,Nick Mangold,2011,OL,28-30,,,no_claim,,0,0
00-0024245,Joseph Addai,2011,RB,28-30,12.0,16.0,no_claim,,0,0
00-0024254,Winston Justice,2011,OL,25-27,,,no_claim,,0,0
00-0024256,Deuce Lutui,2011,OL,28-30,,,no_claim,,0,0
00-0024262,Daryn Colledge,2011,OL,28-30,,,no_claim,,0,0
00-0024264,Kellen Clemens,2011,QB,28-30,3.0,16.0,no_claim,,0,0
00-0024265,Marcus McNeill,2011,OL,28-30,,,no_claim,,0,0
00-0024266,Ryan Cook,2011,OL,28-30,,,no_claim,,0,0
00-0024270,Andrew Whitworth,2011,OL,28-30,,,no_claim,,0,0
00-0024271,Chris Chester,2011,OL,28-30,,,no_claim,,0,0
00-0024274,Jeremy Trueblood,2011,OL,28-30,,,no_claim,,0,0
00-0024275,Maurice Jones-Drew,2011,RB,25-27,16.0,16.0,no_claim,,0,0
00-0024279,Tarvaris Jackson,2011,QB,28-30,15.0,16.0,no_claim,,0,0
00-0024281,Eric Winston,2011,OL,28-30,,,no_claim,,0,0
00-0024284,Paul McQuistan,2011,OL,28-30,,,no_claim,,0,0
00-0024290,Jason Spitz,2011,OL,28-30,,,no_claim,,0,0
00-0024294,Jerious Norwood,2011,RB,28-30,7.0,16.0,PTD,9.0,1,0
00-0024296,Charlie Whitehurst,2011,QB,28-30,3.0,16.0,no_claim,,0,0
00-0024304,Rashad Butler,2011,OL,28-30,,,no_claim,,0,0
00-0024315,Michael Robinson,2011,RB,28-30,10.0,16.0,TTD,6.0,0,1
00-0024323,Jahri Evans,2011,OL,28-30,,,no_claim,,0,0
00-0024332,Leon Washington,2011,RB,28-30,16.0,16.0,no_claim,,0,0
00-0024343,Rob Sims,2011,OL,28-30,,,no_claim,,0,0
00-0024344,Guy Whimper,2011,OL,28-30,,,no_claim,,0,0
00-0024353,Quinn Ojinnaka,2011,OL,28-30,,,no_claim,,0,0
00-0024355,Jonathan Scott,2011,OL,28-30,,,no_claim,,0,0
00-0024359,Jerome Harrison,2011,RB,28-30,3.0,16.0,no_claim,,0,0
00-0024375,Chris Kuper,2011,OL,28-30,,,no_claim,,0,0
00-0024376,Michael Toudouze,2011,OL,28-30,,,no_claim,,0,0
00-0024379,Tony Moll,2011,OL,28-30,,,no_claim,,0,0
00-0024390,Kevin Boothe,2011,OL,28-30,,,no_claim,,0,0
00-0024394,Lawrence Vickers,2011,RB,28-30,6.0,16.0,no_claim,,0,0
00-0024401,Jeromey Clary,2011,OL,28-30,,,no_claim,,0,0
00-0024408,Bruce Gradkowski,2011,QB,28-30,2.0,16.0,no_claim,,0,0
00-0024413,Charlie Johnson,2011,OL,28-30,,,no_claim,,0,0
00-0024424,Zach Strief,2011,OL,28-30,,,no_claim,,0,0
00-0024425,Pat McQuistan,2011,OL,28-30,,,no_claim,,0,0
00-0024448,Will Montgomery,2011,OL,28-30,,,no_claim,,0,0
00-0024483,D'Anthony Batiste,2011,OL,28-30,,,no_claim,,0,0
00-0024489,Ahmard Hall,2011,RB,31+,8.0,16.0,no_claim,,0,0
00-0024559,Danny Ware,2011,RB,25-27,15.0,16.0,no_claim,,0,0
00-0024583,Stephon Heyer,2011,OL,28-30,,,no_claim,,0,0
00-0024670,Kyle Cook,2011,OL,28-30,,,no_claim,,0,0
00-0024738,Eldra Buckley,2011,RB,25-27,,,no_claim,,0,0
00-0024812,Tyler Palko,2011,QB,28-30,6.0,16.0,no_claim,,0,0
00-0024813,Pierre Thomas,2011,RB,25-27,16.0,16.0,no_claim,,0,0
00-0025390,Joe Thomas,2011,OL,25-27,,,no_claim,,0,0
00-0025392,Levi Brown,2011,OL,28-30,,,no_claim,,0,0
00-0025394,Adrian Peterson,2011,RB,25-27,12.0,16.0,excluded_sub_threshold,4.0,0,0
00-0025399,Marshawn Lynch,2011,RB,25-27,15.0,16.0,no_claim,,0,0
00-0025409,Brady Quinn,2011,QB,25-27,,,no_claim,,0,0
00-0025415,Joe Staley,2011,OL,28-30,,,no_claim,,0,0
00-0025416,Ben Grubbs,2011,OL,28-30,,,no_claim,,0,0
00-0025423,Kevin Kolb,2011,QB,28-30,9.0,16.0,PTD,7.0,1,0
00-0025426,Justin Blalock,2011,OL,28-30,,,no_claim,,0,0
00-0025427,John Beck,2011,QB,31+,4.0,16.0,no_claim,,0,0
00-0025429,Tony Ugoh,2011,OL,28-30,,,no_claim,,0,0
00-0025430,Drew Stanton,2011,QB,28-30,,,no_claim,,0,0
00-0025439,Brian Leonard,2011,RB,28-30,13.0,16.0,excluded_sub_threshold,3.0,0,0
00-0025446,Ryan Kalil,2011,OL,25-27,,,no_claim,,0,0
00-0025447,Samson Satele,2011,OL,25-27,,,no_claim,,0,0
00-0025457,Ryan Harris,2011,OL,25-27,,,no_claim,,0,0
00-0025458,Lorenzo Booker,2011,RB,28-30,10.0,16.0,no_claim,,0,0
00-0025473,Marshal Yanda,2011,OL,25-27,,,no_claim,,0,0
00-0025487,Michael Bush,2011,RB,28-30,16.0,16.0,no_claim,,0,0
00-0025502,Leroy Harris,2011,OL,28-30,,,no_claim,,0,0
00-0025504,Manuel Ramirez,2011,OL,28-30,,,no_claim,,0,0
00-0025506,Allen Barbre,2011,OL,28-30,,,no_claim,,0,0
00-0025509,Doug Free,2011,OL,28-30,,,no_claim,,0,0
00-0025511,Mansfield Wrotto,2011,OL,25-27,,,no_claim,,0,0
00-0025512,Jermon Bushrod,2011,OL,28-30,,,no_claim,,0,0
00-0025524,Le'Ron McClain,2011,RB,25-27,11.0,16.0,no_claim,,0,0
00-0025536,Uche Nwaneri,2011,OL,28-30,,,no_claim,,0,0
00-0025568,Reagan Maui'a,2011,RB,28-30,2.0,16.0,no_claim,,0,0
00-0025573,Thomas Clayton,2011,RB,28-30,3.0,16.0,no_claim,,0,0
00-0025578,Korey Hall,2011,RB,28-30,,,no_claim,,0,0
00-0025583,Herb Taylor,2011,OL,25-27,,,no_claim,,0,0
00-0025596,Corey Hilliard,2011,OL,25-27,,,no_claim,,0,0
00-0025604,Tyler Thigpen,2011,QB,28-30,2.0,16.0,no_claim,,0,0
00-0025610,Mike Otto,2011,OL,28-30,,,no_claim,,0,0
00-0025619,Steve Vallos,2011,OL,28-30,,,no_claim,,0,0
00-0025631,Jason Snelling,2011,RB,28-30,15.0,16.0,no_claim,,0,0
00-0025637,Ahmad Bradshaw,2011,RB,25-27,12.0,16.0,excluded_sub_threshold,4.0,0,0
00-0025682,Lyle Sendlein,2011,OL,28-30,,,no_claim,,0,0
00-0025701,Jackie Battle,2011,RB,28-30,15.0,16.0,no_claim,,0,0
00-0025708,Matt Moore,2011,QB,28-30,13.0,16.0,no_claim,,0,0
00-0025749,Richard Bartel,2011,QB,28-30,2.0,16.0,no_claim,,0,0
00-0025761,Robert Turner,2011,OL,28-30,,,no_claim,,0,0
00-0025787,Jared Gaither,2011,OL,25-27,,,no_claim,,0,0
00-0025820,Jake Long,2011,OL,25-27,,,no_claim,,0,0
00-0025826,Tyler Polumbus,2011,OL,25-27,,,no_claim,,0,0
00-0025829,Doug Legursky,2011,OL,25-27,,,no_claim,,0,0
00-0025860,BenJarvus Green-Ellis,2011,RB,25-27,16.0,16.0,no_claim,,0,0
00-0025866,Ryan Wendell,2011,OL,25-27,,,no_claim,,0,0
00-0025872,Kyle DeVan,2011,OL,25-27,,,no_claim,,0,0
00-0025897,William Robinson,2011,OL,25-27,,,no_claim,,0,0
00-0025900,Chris Clark,2011,OL,25-27,,,no_claim,,0,0
00-0025925,Fernando Velasco,2011,OL,25-27,,,no_claim,,0,0
00-0025970,Caleb Hanie,2011,QB,25-27,4.0,16.0,no_claim,,0,0
00-0025980,Brian De La Puente,2011,OL,25-27,,,no_claim,,0,0
00-0026015,Bryan Mattison,2011,OL,28-30,,,no_claim,,0,0
00-0026019,Danny Woodhead,2011,RB,25-27,14.0,16.0,excluded_sub_threshold,2.0,0,0
00-0026029,Kregg Lumpkin,2011,RB,28-30,15.0,16.0,no_claim,,0,0
00-0026033,Mike Cox,2011,RB,25-27,1.0,16.0,no_claim,,0,0
00-0026061,Brandyn Dombrowski,2011,OL,25-27,,,no_claim,,0,0
00-0026069,Mike Tolbert,2011,RB,25-27,15.0,16.0,no_claim,,0,0
00-0026072,Jed Collins,2011,RB,25-27,10.0,16.0,no_claim,,0,0
00-0026080,James Lee,2011,OL,25-27,,,no_claim,,0,0
00-0026143,Matt Ryan,2011,QB,25-27,16.0,16.0,no_claim,,0,0
00-0026144,Darren McFadden,2011,RB,25-27,7.0,16.0,TTD,9.0,0,1
00-0026152,Ryan Clady,2011,OL,25-27,,,no_claim,,0,0
00-0026153,Jonathan Stewart,2011,RB,25-27,16.0,16.0,no_claim,,0,0
00-0026154,Chris Williams,2011,OL,25-27,,,no_claim,,0,0
00-0026155,Branden Albert,2011,OL,25-27,,,no_claim,,0,0
00-0026157,Gosder Cherilus,2011,OL,28-30,,,no_claim,,0,0
00-0026158,Joe Flacco,2011,QB,25-27,16.0,16.0,no_claim,,0,0
00-0026159,Jeff Otah,2011,OL,25-27,,,no_claim,,0,0
00-0026161,Sam Baker,2011,OL,25-27,,,no_claim,,0,0
00-0026162,Felix Jones,2011,RB,25-27,12.0,16.0,excluded_sub_threshold,4.0,0,0
00-0026163,Rashard Mendenhall,2011,RB,25-27,15.0,16.0,no_claim,,0,0
00-0026164,Chris Johnson,2011,RB,25-27,16.0,16.0,no_claim,,0,0
00-0026166,Duane Brown,2011,OL,25-27,,,no_claim,,0,0
00-0026179,Chilo Rachal,2011,OL,25-27,,,no_claim,,0,0
00-0026184,Matt Forte,2011,RB,25-27,12.0,16.0,excluded_sub_threshold,4.0,0,0
00-0026195,Ray Rice,2011,RB,25-27,16.0,16.0,no_claim,,0,0
00-0026197,Chad Henne,2011,QB,25-27,4.0,16.0,no_claim,,0,0
00-0026199,Mike Pollak,2011,OL,25-27,,,no_claim,,0,0
00-0026204,Kevin Smith,2011,RB,25-27,7.0,16.0,no_claim,,0,0
00-0026205,John Greco,2011,OL,25-27,,,no_claim,,0,0
00-0026209,Jacob Hester,2011,RB,25-27,16.0,16.0,no_claim,,0,0
00-0026213,Jamaal Charles,2011,RB,25-27,2.0,16.0,no_claim,,0,0
00-0026223,Jeremy Zuttah,2011,OL,25-27,,,no_claim,,0,0
00-0026229,Steve Slaton,2011,RB,25-27,6.0,16.0,no_claim,,0,0
00-0026234,Kevin O'Connell,2011,QB,25-27,,,no_claim,,0,0
00-0026236,Chad Rinehart,2011,OL,25-27,,,no_claim,,0,0
00-0026239,Oniel Cousins,2011,OL,28-30,,,no_claim,,0,0
00-0026248,Kory Lichtensteiger,2011,OL,25-27,,,no_claim,,0,0
00-0026249,Mike McGlynn,2011,OL,25-27,,,no_claim,,0,0
00-0026252,Anthony Collins,2011,OL,25-27,,,no_claim,,0,0
00-0026262,Tashard Choice,2011,RB,25-27,13.0,16.0,excluded_sub_threshold,3.0,0,0
00-0026262,Tashard Choice,2011,RB,25-27,13.0,16.0,excluded_sub_threshold,3.0,0,0
00-0026262,Tashard Choice,2011,RB,25-27,13.0,16.0,excluded_sub_threshold,3.0,0,0
00-0026270,Tony Hills,2011,OL,25-27,,,no_claim,,0,0
00-0026275,Josh Sitton,2011,OL,25-27,,,no_claim,,0,0
00-0026279,Ryan Torain,2011,RB,25-27,8.0,16.0,no_claim,,0,0
00-0026285,Jason Shirley,2011,OL,25-27,,,no_claim,,0,0
00-0026286,Jerome Felton,2011,RB,25-27,7.0,16.0,no_claim,,0,0
00-0026289,Tim Hightower,2011,RB,25-27,5.0,16.0,no_claim,,0,0
00-0026290,Breno Giacomini,2011,OL,25-27,,,no_claim,,0,0
00-0026296,Dennis Dixon,2011,QB,25-27,,,no_claim,,0,0
00-0026300,Josh Johnson,2011,QB,25-27,9.0,16.0,no_claim,,0,0
00-0026303,Owen Schmitt,2011,RB,25-27,6.0,16.0,no_claim,,0,0
00-0026304,Carl Nicks,2011,OL,25-27,,,no_claim,,0,0
00-0026310,Barry Richardson,2011,OL,25-27,,,no_claim,,0,0
00-0026323,Spencer Larsen,2011,RB,28-30,11.0,16.0,excluded_sub_threshold,5.0,0,0
00-0026324,Mike Gibson,2011,OL,25-27,,,no_claim,,0,0
00-0026327,John Sullivan,2011,OL,25-27,,,no_claim,,0,0
00-0026335,Donald Thomas,2011,OL,25-27,,,no_claim,,0,0
00-0026344,Lex Hilliard,2011,RB,28-30,10.0,16.0,no_claim,,0,0
00-0026349,Matt Flynn,2011,QB,25-27,5.0,16.0,no_claim,,0,0
00-0026351,Nate Garner,2011,OL,25-27,,,no_claim,,0,0
00-0026353,Chauncey Washington,2011,RB,25-27,1.0,16.0,no_claim,,0,0
00-0026359,Demetrius Bell,2011,OL,28-30,,,no_claim,,0,0
00-0026365,Brandon Keith,2011,OL,25-27,,,no_claim,,0,0
00-0026367,Peyton Hillis,2011,RB,25-27,10.0,16.0,TTD,6.0,0,1
00-0026370,King Dunlap,2011,OL,25-27,,,no_claim,,0,0
00-0026373,Justin Forsett,2011,RB,25-27,16.0,16.0,no_claim,,0,0
00-0026376,Jamey Richard,2011,OL,25-27,,,no_claim,,0,0
00-0026390,Mackenzy Bernadeau,2011,OL,25-27,,,no_claim,,0,0
00-0026393,Marcel Reece,2011,RB,25-27,11.0,16.0,no_claim,,0,0
00-0026408,Joe Reitz,2011,OL,25-27,,,no_claim,,0,0
00-0026432,Lance Ball,2011,RB,25-27,15.0,16.0,no_claim,,0,0
00-0026441,Drew Miller,2011,OL,25-27,,,no_claim,,0,0
00-0026498,Matthew Stafford,2011,QB,<=24,16.0,16.0,no_claim,,0,0
00-0026500,Matt Slauson,2011,OL,25-27,,,no_claim,,0,0
00-0026505,John Parker Wilson,2011,QB,25-27,,,no_claim,,0,0
00-0026537,Edwin Williams,2011,OL,25-27,,,no_claim,,0,0
00-0026544,Chase Daniel,2011,QB,25-27,3.0,16.0,no_claim,,0,0
00-0026561,Ramon Foster,2011,OL,25-27,,,no_claim,,0,0
00-0026566,Isaac Redman,2011,RB,25-27,16.0,16.0,no_claim,,0,0
00-0026579,Kahlil Bell,2011,RB,25-27,7.0,16.0,no_claim,,0,0
00-0026580,Jon Cooper,2011,OL,25-27,,,no_claim,,0,0
00-0026597,Ray Feinga,2011,OL,25-27,,,no_claim,,0,0
00-0026607,Brock Bolen,2011,RB,25-27,6.0,16.0,PTD,10.0,1,0
00-0026625,Brian Hoyer,2011,QB,25-27,2.0,16.0,no_claim,,0,0
00-0026644,Josh Vaughan,2011,RB,25-27,1.0,16.0,no_claim,,0,0
00-0026700,Patrick Brown,2011,OL,25-27,,,no_claim,,0,0
00-0026712,Brit Miller,2011,RB,25-27,5.0,16.0,no_claim,,0,0
00-0026723,Chris Pressley,2011,RB,25-27,3.0,16.0,no_claim,,0,0
00-0026745,Curtis Brinkley,2011,RB,25-27,4.0,16.0,no_claim,,0,0
00-0026762,Alex Boone,2011,OL,25-27,,,no_claim,,0,0
00-0026775,Rudy Carpenter,2011,QB,25-27,,,no_claim,,0,0
00-0026784,Evan Smith,2011,OL,25-27,,,no_claim,,0,0
00-0026796,Arian Foster,2011,RB,25-27,13.0,16.0,no_claim,,0,0
00-0026799,Jeremiah Johnson,2011,RB,25-27,6.0,16.0,no_claim,,0,0
00-0026814,Demar Dotson,2011,OL,25-27,,,no_claim,,0,0
00-0026839,Jermey Parnell,2011,OL,25-27,,,no_claim,,0,0
00-0026852,Darrel Young,2011,RB,25-27,10.0,16.0,no_claim,,0,0
00-0026855,Antone Smith,2011,RB,25-27,,,no_claim,,0,0
00-0026898,Mark Sanchez,2011,QB,25-27,16.0,16.0,no_claim,,0,0
00-0026899,Shonn Greene,2011,RB,25-27,16.0,16.0,no_claim,,0,0
00-0026929,Andrew Gardner,2011,OL,25-27,,,no_claim,,0,0
00-0026932,Cedric Peerman,2011,RB,25-27,2.0,16.0,no_claim,,0,0
00-0026941,Bernard Scott,2011,RB,28-30,16.0,16.0,no_claim,,0,0
00-0026943,Paul Fanaika,2011,OL,25-27,,,no_claim,,0,0
00-0026947,Eddie Williams,2011,RB,25-27,2.0,16.0,no_claim,,0,0
00-0026956,LaRod Stephens-Howling,2011,RB,25-27,14.0,16.0,no_claim,,0,0
00-0026957,David Johnson,2011,RB,25-27,10.0,16.0,no_claim,,0,0
00-0026961,Lance Louis,2011,OL,25-27,,,no_claim,,0,0
00-0026979,Jason Smith,2011,OL,25-27,,,no_claim,,0,0
00-0026982,Andre Smith,2011,OL,25-27,,,no_claim,,0,0
00-0026984,Eugene Monroe,2011,OL,25-27,,,no_claim,,0,0
00-0026988,Knowshon Moreno,2011,RB,25-27,7.0,16.0,TTD,9.0,0,1
00-0026993,Josh Freeman,2011,QB,<=24,15.0,16.0,no_claim,,0,0
00-0026997,Alex Mack,2011,OL,25-27,,,no_claim,,0,0
00-0026999,Michael Oher,2011,OL,25-27,,,no_claim,,0,0
00-0027003,Donald Brown,2011,RB,25-27,12.0,16.0,no_claim,,0,0
00-0027004,Eric Wood,2011,OL,25-27,,,no_claim,,0,0
00-0027007,Chris Wells,2011,RB,<=24,14.0,16.0,no_claim,,0,0
00-0027015,Eben Britton,2011,OL,<=24,,,no_claim,,0,0
00-0027025,Max Unger,2011,OL,25-27,,,no_claim,,0,0
00-0027027,Andy Levitre,2011,OL,25-27,,,no_claim,,0,0
00-0027029,LeSean McCoy,2011,RB,<=24,15.0,16.0,no_claim,,0,0
00-0027030,Phil Loadholt,2011,OL,25-27,,,no_claim,,0,0
00-0027034,Sebastian Vollmer,2011,OL,28-30,,,no_claim,,0,0
00-0027036,Will Beatty,2011,OL,25-27,,,no_claim,,0,0
00-0027051,Antoine Caldwell,2011,OL,25-27,,,no_claim,,0,0
00-0027052,Louis Vasquez,2011,OL,25-27,,,no_claim,,0,0
00-0027053,Kraig Urbik,2011,OL,25-27,,,no_claim,,0,0
00-0027071,Stephen McGee,2011,QB,25-27,1.0,16.0,no_claim,,0,0
00-0027078,T.J. Lang,2011,OL,<=24,,,no_claim,,0,0
00-0027080,Mike Goodson,2011,RB,25-27,2.0,16.0,no_claim,,0,0
00-0027093,Tony Fiammetta,2011,RB,25-27,4.0,16.0,PTD,12.0,1,0
00-0027096,Seth Olsen,2011,OL,25-27,,,no_claim,,0,0
00-0027097,Tyronne Green,2011,OL,25-27,,,no_claim,,0,0
00-0027101,Colin Brown,2011,OL,25-27,,,no_claim,,0,0
00-0027106,Quinn Johnson,2011,RB,25-27,2.0,16.0,no_claim,,0,0
00-0027109,James Casey,2011,RB,25-27,8.0,16.0,TTD,8.0,0,1
00-0027110,Garrett Reynolds,2011,OL,25-27,,,no_claim,,0,0
00-0027112,Jamon Meredith,2011,OL,25-27,,,no_claim,,0,0
00-0027120,Javon Ringer,2011,RB,25-27,12.0,16.0,excluded_sub_threshold,4.0,0,0
00-0027121,Tom Brandstater,2011,QB,25-27,1.0,16.0,no_claim,,0,0
00-0027129,Aaron Brown,2011,RB,25-27,1.0,16.0,no_claim,,0,0
00-0027134,Curtis Painter,2011,QB,25-27,9.0,16.0,no_claim,,0,0
00-0027139,John Phillips,2011,RB,25-27,9.0,16.0,no_claim,,0,0
00-0027140,Chris Ogbonnaya,2011,RB,25-27,12.0,16.0,no_claim,,0,0
00-0027214,Keiland Williams,2011,RB,25-27,12.0,16.0,no_claim,,0,0
00-0027218,Joique Bell,2011,RB,25-27,,,no_claim,,0,0
00-0027253,Thad Lewis,2011,QB,<=24,,,no_claim,,0,0
00-0027264,Jim Cordle,2011,OL,25-27,,,no_claim,,0,0
00-0027297,Austin Howard,2011,OL,25-27,,,no_claim,,0,0
00-0027309,Lemuel Jeanpierre,2011,OL,25-27,,,no_claim,,0,0
00-0027325,LeGarrette Blount,2011,RB,25-27,14.0,16.0,excluded_sub_threshold,2.0,0,0
00-0027333,Kevin Matthews,2011,OL,25-27,,,no_claim,,0,0
00-0027346,Alfonso Smith,2011,RB,25-27,7.0,16.0,no_claim,,0,0
00-0027364,Levi Horn,2011,OL,25-27,,,no_claim,,0,0
00-0027385,Thomas Austin,2011,OL,25-27,,,no_claim,,0,0
00-0027412,Manase Tonga,2011,RB,28-30,3.0,16.0,no_claim,,0,0
00-0027415,Will Barker,2011,OL,25-27,,,no_claim,,0,0
00-0027417,Phil Costa,2011,OL,25-27,,,no_claim,,0,0
00-0027419,Chris Gronkowski,2011,RB,25-27,,,no_claim,,0,0
00-0027435,Nick McDonald,2011,OL,25-27,,,no_claim,,0,0
00-0027437,Quinn Porter,2011,RB,25-27,1.0,16.0,PTD,15.0,1,0
00-0027444,Derek Hardman,2011,OL,25-27,,,no_claim,,0,0
00-0027469,Jeff Linkenbach,2011,OL,25-27,,,no_claim,,0,0
00-0027485,Jeff Byers,2011,OL,25-27,,,no_claim,,0,0
00-0027498,Daniel Baldridge,2011,OL,25-27,,,no_claim,,0,0
00-0027502,John Estes,2011,OL,25-27,,,no_claim,,0,0
00-0027531,Chris Ivory,2011,RB,<=24,6.0,16.0,no_claim,,0,0
00-0027567,Steve Maneri,2011,OL,<=24,,,no_claim,,0,0
00-0027602,Graham Harrell,2011,QB,25-27,,,no_claim,,0,0
00-0027605,Dan LeFevour,2011,QB,25-27,,,no_claim,,0,0
00-0027607,Ted Larsen,2011,OL,25-27,,,no_claim,,0,0
00-0027609,J'Marcus Webb,2011,OL,<=24,,,no_claim,,0,0
00-0027612,Ryan D'Imperio,2011,RB,25-27,6.0,16.0,no_claim,,0,0
00-0027648,Rodger Saffold,2011,OL,<=24,,,no_claim,,0,0
00-0027651,Dexter McCluster,2011,RB,<=24,16.0,16.0,no_claim,,0,0
00-0027658,Zane Beadles,2011,OL,25-27,,,no_claim,,0,0
00-0027659,Jimmy Clausen,2011,QB,<=24,,,no_claim,,0,0
00-0027666,Montario Hardesty,2011,RB,25-27,9.0,16.0,TTD,7.0,0,1
00-0027667,Vladimir Ducasse,2011,OL,<=24,,,no_claim,,0,0
00-0027669,Charles Brown,2011,OL,25-27,,,no_claim,,0,0
00-0027673,Jon Asamoah,2011,OL,<=24,,,no_claim,,0,0
00-0027674,Jared Veldheer,2011,OL,25-27,,,no_claim,,0,0
00-0027678,John Jerry,2011,OL,25-27,,,no_claim,,0,0
00-0027683,J.D. Walton,2011,OL,25-27,,,no_claim,,0,0
00-0027688,Colt McCoy,2011,QB,25-27,13.0,16.0,excluded_sub_threshold,3.0,0,0
00-0027694,Shawn Lauvao,2011,OL,<=24,,,no_claim,,0,0
00-0027699,Mike Johnson,2011,OL,25-27,,,no_claim,,0,0
00-0027707,Bruce Campbell,2011,OL,<=24,,,no_claim,,0,0
00-0027712,Joe McKnight,2011,RB,<=24,11.0,16.0,no_claim,,0,0
00-0027717,Joe Hawley,2011,OL,<=24,,,no_claim,,0,0
00-0027722,Mike Kafka,2011,QB,25-27,3.0,16.0,no_claim,,0,0
00-0027728,Jason Fox,2011,OL,<=24,,,no_claim,,0,0
00-0027739,John Conner,2011,RB,25-27,11.0,16.0,no_claim,,0,0
00-0027746,Mitch Petrus,2011,OL,25-27,,,no_claim,,0,0
00-0027751,Otis Hudson,2011,OL,25-27,,,no_claim,,0,0
00-0027754,John Skelton,2011,QB,<=24,8.0,16.0,no_claim,,0,0
00-0027757,Matt Tennant,2011,OL,25-27,,,no_claim,,0,0
00-0027768,Marshall Newhouse,2011,OL,<=24,,,no_claim,,0,0
00-0027772,Anthony Dixon,2011,RB,<=24,8.0,16.0,no_claim,,0,0
00-0027775,Rusty Smith,2011,QB,25-27,,,no_claim,,0,0
00-0027778,Sam Young,2011,OL,25-27,,,no_claim,,0,0
00-0027779,Deji Karim,2011,RB,25-27,12.0,16.0,no_claim,,0,0
00-0027781,Eric Olsen,2011,OL,<=24,,,no_claim,,0,0
00-0027786,Jonathan Dwyer,2011,RB,<=24,3.0,16.0,TTD,13.0,0,1
00-0027791,James Starks,2011,RB,25-27,13.0,16.0,excluded_sub_threshold,3.0,0,0
00-0027796,Joe Webb,2011,QB,25-27,8.0,16.0,no_claim,,0,0
00-0027803,Thomas Welch,2011,OL,25-27,,,no_claim,,0,0
00-0027821,Erik Cook,2011,OL,25-27,,,no_claim,,0,0
00-0027844,Erik Lorig,2011,RB,25-27,6.0,16.0,no_claim,,0,0
00-0027854,Sam Bradford,2011,QB,<=24,10.0,16.0,TTD,6.0,0,1
00-0027857,Trent Williams,2011,OL,<=24,,,no_claim,,0,0
00-0027859,Russell Okung,2011,OL,<=24,,,no_claim,,0,0
00-0027861,C.J. Spiller,2011,RB,25-27,16.0,16.0,no_claim,,0,0
00-0027863,Anthony Davis,2011,OL,<=24,,,no_claim,,0,0
00-0027864,Ryan Mathews,2011,RB,<=24,14.0,16.0,no_claim,,0,0
00-0027869,Mike Iupati,2011,OL,25-27,,,no_claim,,0,0
00-0027870,Maurkice Pouncey,2011,OL,<=24,,,no_claim,,0,0
00-0027875,Bryan Bulaga,2011,OL,<=24,,,no_claim,,0,0
00-0027876,Tim Tebow,2011,QB,25-27,13.0,16.0,no_claim,,0,0
00-0027880,Jahvid Best,2011,RB,<=24,6.0,16.0,PTD,10.0,1,0
00-0027888,Toby Gerhart,2011,RB,25-27,15.0,16.0,no_claim,,0,0
00-0027890,Ben Tate,2011,RB,<=24,15.0,16.0,no_claim,,0,0
00-0027917,Tyler Clutts,2011,RB,25-27,8.0,16.0,no_claim,,0,0
00-0027939,Cam Newton,2011,QB,<=24,16.0,16.0,no_claim,,0,0
00-0027946,Jake Locker,2011,QB,<=24,5.0,16.0,no_claim,,0,0
00-0027947,Tyron Smith,2011,OL,<=24,,,no_claim,,0,0
00-0027948,Blaine Gabbert,2011,QB,<=24,15.0,16.0,no_claim,,0,0
00-0027950,Christian Ponder,2011,QB,<=24,11.0,16.0,no_claim,,0,0
00-0027953,Mike Pouncey,2011,OL,<=24,,,no_claim,,0,0
00-0027955,Nate Solder,2011,OL,<=24,,,no_claim,,0,0
00-0027960,Anthony Castonzo,2011,OL,<=24,,,no_claim,,0,0
00-0027961,Danny Watkins,2011,OL,25-27,,,no_claim,,0,0
00-0027963,James Carpenter,2011,OL,<=24,,,no_claim,,0,0
00-0027966,Mark Ingram,2011,RB,<=24,10.0,16.0,TTD,6.0,0,1
00-0027967,Gabe Carimi,2011,OL,<=24,,,no_claim,,0,0
00-0027970,Derek Sherrod,2011,OL,<=24,,,no_claim,,0,0
00-0027973,Andy Dalton,2011,QB,<=24,16.0,16.0,no_claim,,0,0
00-0027974,Colin Kaepernick,2011,QB,<=24,2.0,16.0,no_claim,,0,0
00-0027984,Orlando Franklin,2011,OL,<=24,,,no_claim,,0,0
00-0027986,Stefen Wisniewski,2011,OL,<=24,,,no_claim,,0,0
00-0027987,Ben Ijalana,2011,OL,<=24,,,no_claim,,0,0
00-0027993,Rodney Hudson,2011,OL,<=24,,,no_claim,,0,0
00-0027994,Shane Vereen,2011,RB,<=24,2.0,16.0,no_claim,,0,0
00-0028000,Daniel Thomas,2011,RB,<=24,13.0,16.0,no_claim,,0,0
00-0028001,Marcus Gilbert,2011,OL,<=24,,,no_claim,,0,0
00-0028009,DeMarco Murray,2011,RB,<=24,13.0,16.0,no_claim,,0,0
00-0028011,Stevan Ridley,2011,RB,<=24,12.0,16.0,no_claim,,0,0
00-0028012,Ryan Mallett,2011,QB,<=24,,,no_claim,,0,0
00-0028013,John Moffitt,2011,OL,25-27,,,no_claim,,0,0
00-0028014,Will Rackley,2011,OL,<=24,,,no_claim,,0,0
00-0028023,Jah Reid,2011,OL,<=24,,,no_claim,,0,0
00-0028030,Joe Barksdale,2011,OL,<=24,,,no_claim,,0,0
00-0028034,Alex Green,2011,RB,<=24,2.0,16.0,no_claim,,0,0
00-0028039,Clint Boling,2011,OL,<=24,,,no_claim,,0,0
00-0028043,Roy Helu,2011,RB,<=24,15.0,16.0,no_claim,,0,0
00-0028048,David Arkin,2011,OL,<=24,,,no_claim,,0,0
00-0028053,Kendall Hunter,2011,RB,<=24,15.0,16.0,no_claim,,0,0
00-0028055,James Brewer,2011,OL,<=24,,,no_claim,,0,0
00-0028057,Delone Carter,2011,RB,25-27,15.0,16.0,no_claim,,0,0
00-0028060,Chris Hairston,2011,OL,<=24,,,no_claim,,0,0
00-0028062,Owen Marecic,2011,RB,<=24,6.0,16.0,PTD,10.0,1,0
00-0028063,Taiwan Jones,2011,RB,<=24,6.0,16.0,PTD,10.0,1,0
00-0028064,Bilal Powell,2011,RB,<=24,2.0,16.0,no_claim,,0,0
00-0028068,Jamie Harper,2011,RB,<=24,8.0,16.0,no_claim,,0,0
00-0028071,Johnny White,2011,RB,<=24,4.0,16.0,PTD,12.0,1,0
00-0028073,Ricky Stanzi,2011,QB,<=24,,,no_claim,,0,0
00-0028074,Anthony Sherman,2011,RB,<=24,7.0,16.0,TTD,9.0,0,1
00-0028076,Marcus Cannon,2011,OL,<=24,,,no_claim,,0,0
00-0028083,Jacquizz Rodgers,2011,RB,<=24,16.0,16.0,no_claim,,0,0
00-0028087,Dion Lewis,2011,RB,<=24,8.0,16.0,no_claim,,0,0
00-0028088,Jason Pinkston,2011,OL,<=24,,,no_claim,,0,0
00-0028090,T.J. Yates,2011,QB,25-27,6.0,16.0,no_claim,,0,0
00-0028098,Nathan Enderle,2011,QB,<=24,,,no_claim,,0,0
00-0028099,Julian Vandervelde,2011,OL,<=24,,,no_claim,,0,0
00-0028101,Daniel Kilgore,2011,OL,<=24,,,no_claim,,0,0
00-0028106,DeMarcus Love,2011,OL,<=24,,,no_claim,,0,0
00-0028110,Brandon Fusco,2011,OL,<=24,,,no_claim,,0,0
00-0028112,Charles Clay,2011,RB,<=24,13.0,16.0,excluded_sub_threshold,3.0,0,0
00-0028113,Byron Stingily,2011,OL,<=24,,,no_claim,,0,0
00-0028115,Evan Royster,2011,RB,<=24,6.0,16.0,no_claim,,0,0
00-0028117,Caleb Schlauderaff,2011,OL,<=24,,,no_claim,,0,0
00-0028118,Tyrod Taylor,2011,QB,<=24,2.0,16.0,no_claim,,0,0
00-0028121,Jordan Todman,2011,RB,<=24,,,no_claim,,0,0
00-0028129,Jason Kelce,2011,OL,<=24,,,no_claim,,0,0
00-0028139,Stephen Schilling,2011,OL,<=24,,,no_claim,,0,0
00-0028149,Bruce Miller,2011,RB,25-27,11.0,16.0,excluded_sub_threshold,5.0,0,0
00-0028152,Derek Newton,2011,OL,<=24,,,no_claim,,0,0
00-0028155,Maurice Hurt,2011,OL,<=24,,,no_claim,,0,0
00-0028158,Shaun Chapas,2011,RB,<=24,1.0,16.0,no_claim,,0,0
00-0028159,Da'Rel Scott,2011,RB,<=24,4.0,16.0,no_claim,,0,0
00-0028163,Anthony Allen,2011,RB,<=24,1.0,16.0,PTD,15.0,1,0
00-0028177,Mike Person,2011,OL,<=24,,,no_claim,,0,0
00-0028182,Lee Ziemba,2011,OL,<=24,,,no_claim,,0,0
00-0028190,Bill Nagy,2011,OL,<=24,,,no_claim,,0,0
00-0028196,Ricky Henry,2011,OL,25-27,,,no_claim,,0,0
00-0028201,Willie Smith,2011,OL,25-27,,,no_claim,,0,0
00-0028202,Shaun Draughn,2011,RB,<=24,,,no_claim,,0,0
00-0028208,John Clay,2011,RB,<=24,2.0,16.0,no_claim,,0,0
00-0028229,Austin Sylvester,2011,RB,<=24,,,no_claim,,0,0
00-0028276,Justin Boren,2011,OL,<=24,,,no_claim,,0,0
00-0028318,David Mims,2011,OL,<=24,,,no_claim,,0,0
00-0028337,Kyle Adams,2011,RB,<=24,,,no_claim,,0,0
00-0028378,D.J. Jones,2011,OL,<=24,,,no_claim,,0,0
00-0028383,Bryant Browning,2011,OL,<=24,,,no_claim,,0,0
00-0028391,Kevin Hughes,2011,OL,<=24,,,no_claim,,0,0
00-0028401,Cameron Bradfield,2011,OL,<=24,,,no_claim,,0,0
00-0028409,DuJuan Harris,2011,RB,<=24,5.0,16.0,no_claim,,0,0
00-0028446,Josh Portis,2011,QB,25-27,,,no_claim,,0,0
00-0028453,Pat Devlin,2011,QB,<=24,,,no_claim,,0,0
00-0028492,Henry Hynoski,2011,RB,<=24,8.0,16.0,TTD,8.0,0,1
00-0028565,Armando Allen,2011,RB,<=24,2.0,16.0,no_claim,,0,0
00-0028573,Colin Baxter,2011,OL,25-27,,,no_claim,,0,0
00-0028574,Mossis Madu,2011,RB,<=24,5.0,16.0,no_claim,,0,0
00-0028591,Ray Dominguez,2011,OL,<=24,,,no_claim,,0,0
00-0028595,Scott Tolzien,2011,QB,<=24,,,no_claim,,0,0
00-0028602,Brandon Saine,2011,RB,<=24,5.0,16.0,no_claim,,0,0
00-0028613,Phillip Tanner,2011,RB,<=24,4.0,16.0,PTD,12.0,1,0
00-0028621,Jarriel King,2011,OL,25-27,,,no_claim,,0,0
00-0028656,Chad Spann,2011,RB,<=24,,,no_claim,,0,0
00-0028665,Kevin Kowalski,2011,OL,<=24,,,no_claim,,0,0
00-0028731,D.J. Young,2011,OL,<=24,,,no_claim,,0,0
00-0028738,Byron Bell,2011,OL,<=24,,,no_claim,,0,0
00-0028798,Richard Medlin,2011,RB,25-27,,,no_claim,,0,0
00-0028822,Caleb King,2011,RB,<=24,,,no_claim,,0,0
00-0028825,Terrelle Pryor,2011,QB,<=24,,,no_claim,,0,0
00-0000865,Charlie Batch,2012,QB,31+,2.0,16.0,no_claim,,0,0
00-0001263,Matt Birk,2012,OL,31+,,,no_claim,,0,0
00-0007091,Matt Hasselbeck,2012,QB,31+,8.0,16.0,no_claim,,0,0
00-0010346,Peyton Manning,2012,QB,31+,16.0,16.0,no_claim,,0,0
00-0010711,Todd McClure,2012,OL,31+,,,no_claim,,0,0
00-0014375,Jeff Saturday,2012,OL,31+,,,no_claim,,0,0
00-0018956,Brad Meester,2012,OL,31+,,,no_claim,,0,0
00-0019596,Tom Brady,2012,QB,31+,16.0,16.0,no_claim,,0,0
00-0019629,Bobbie Williams,2012,OL,31+,,,no_claim,,0,0
00-0019632,Cooper Carlisle,2012,OL,31+,,,no_claim,,0,0
00-0020245,Michael Vick,2012,QB,31+,10.0,16.0,TTD,6.0,0,1
00-0020260,Roberto Garza,2012,OL,31+,,,no_claim,,0,0
00-0020389,Russ Hochstein,2012,OL,31+,,,no_claim,,0,0
00-0020444,Jeff Backus,2012,OL,31+,,,no_claim,,0,0
00-0020445,Dominic Raiola,2012,OL,31+,,,no_claim,,0,0
00-0020466,Steve Hutchinson,2012,OL,31+,,,no_claim,,0,0
00-0020531,Drew Brees,2012,QB,31+,16.0,16.0,no_claim,,0,0
00-0020533,Leonard Davis,2012,OL,31+,,,no_claim,,0,0
00-0020608,David Carr,2012,QB,31+,2.0,16.0,no_claim,,0,0
00-0020679,Shaun Hill,2012,QB,31+,1.0,16.0,no_claim,,0,0
00-0020804,Corey McIntyre,2012,RB,31+,1.0,16.0,no_claim,,0,0
00-0020969,Brandon Moore,2012,OL,31+,,,no_claim,,0,0
00-0021206,Josh McCown,2012,QB,31+,,,no_claim,,0,0
00-0021267,Jonathan Goodwin,2012,OL,31+,,,no_claim,,0,0
00-0021383,Bryant McKinnie,2012,OL,31+,,,no_claim,,0,0
00-0021385,Andre Gurode,2012,OL,31+,,,no_claim,,0,0
00-0021429,Carson Palmer,2012,QB,31+,15.0,16.0,no_claim,,0,0
00-0021678,Tony Romo,2012,QB,31+,16.0,16.0,no_claim,,0,0
00-0021911,Reggie Wells,2012,OL,31+,,,no_claim,,0,0
00-0021922,David Diehl,2012,OL,31+,,,no_claim,,0,0
00-0021959,Jordan Black,2012,OL,31+,,,no_claim,,0,0
00-0021974,Jeremy Bridges,2012,OL,31+,,,no_claim,,0,0
00-0022000,Wayne Hunter,2012,OL,31+,,,no_claim,,0,0
00-0022019,Dan Koppen,2012,OL,31+,,,no_claim,,0,0
00-0022117,Jordan Gross,2012,OL,31+,,,no_claim,,0,0
00-0022121,Rex Grossman,2012,QB,31+,,,no_claim,,0,0
00-0022131,Wade Smith,2012,OL,31+,,,no_claim,,0,0
00-0022132,Derrick Dockery,2012,OL,31+,,,no_claim,,0,0
00-0022157,Jeff Faine,2012,OL,31+,,,no_claim,,0,0
00-0022177,Byron Leftwich,2012,QB,31+,2.0,16.0,PTD,14.0,1,0
00-0022178,Willis McGahee,2012,RB,31+,10.0,16.0,no_claim,,0,0
00-0022217,Mewelde Moore,2012,RB,31+,9.0,16.0,no_claim,,0,0
00-0022245,Tyson Clabo,2012,OL,31+,,,no_claim,,0,0
00-0022350,Ryan Lilja,2012,OL,31+,,,no_claim,,0,0
00-0022397,Vonta Leach,2012,RB,31+,14.0,16.0,no_claim,,0,0
00-0022405,Lousaka Polite,2012,RB,31+,5.0,16.0,PTD,11.0,1,0
00-0022736,Steven Jackson,2012,RB,28-30,16.0,16.0,no_claim,,0,0
00-0022755,Jake Scott,2012,OL,31+,,,no_claim,,0,0
00-0022785,Max Starks,2012,OL,31+,,,no_claim,,0,0
00-0022787,Matt Schaub,2012,QB,31+,16.0,16.0,no_claim,,0,0
00-0022803,Eli Manning,2012,QB,31+,16.0,16.0,no_claim,,0,0
00-0022804,Nick Hardwick,2012,OL,31+,,,no_claim,,0,0
00-0022808,Stephen Peterman,2012,OL,31+,,,no_claim,,0,0
00-0022821,Michael Turner,2012,RB,31+,16.0,16.0,no_claim,,0,0
00-0022832,Scott Wells,2012,OL,31+,,,no_claim,,0,0
00-0022838,Chris Snee,2012,OL,31+,,,no_claim,,0,0
00-0022855,Sean Locklear,2012,OL,31+,,,no_claim,,0,0
00-0022864,Luke McCown,2012,QB,31+,1.0,16.0,no_claim,,0,0
00-0022897,Greg Jones,2012,RB,31+,8.0,16.0,TTD,8.0,0,1
00-0022905,Rex Hadnot,2012,OL,31+,,,no_claim,,0,0
00-0022924,Ben Roethlisberger,2012,QB,31+,13.0,16.0,excluded_sub_threshold,3.0,0,0
00-0022942,Philip Rivers,2012,QB,31+,16.0,16.0,no_claim,,0,0
00-0022979,Dan Connolly,2012,OL,28-30,,,no_claim,,0,0
00-0022984,Ryan Grant,2012,RB,28-30,5.0,16.0,no_claim,,0,0
00-0022999,John Kuhn,2012,RB,28-30,12.0,16.0,excluded_sub_threshold,4.0,0,0
00-0023016,Erik Pears,2012,OL,31+,,,no_claim,,0,0
00-0023180,Harvey Dahl,2012,OL,31+,,,no_claim,,0,0
00-0023436,Alex Smith,2012,QB,28-30,10.0,16.0,no_claim,,0,0
00-0023437,Ronnie Brown,2012,RB,31+,14.0,16.0,excluded_sub_threshold,2.0,0,0
00-0023439,Cedric Benson,2012,RB,28-30,5.0,16.0,no_claim,,0,0
00-0023459,Aaron Rodgers,2012,QB,28-30,16.0,16.0,no_claim,,0,0
00-0023460,Jason Campbell,2012,QB,31+,5.0,16.0,no_claim,,0,0
00-0023461,Chris Spencer,2012,OL,31+,,,no_claim,,0,0
00-0023467,Logan Mankins,2012,OL,31+,,,no_claim,,0,0
00-0023468,David Baas,2012,OL,31+,,,no_claim,,0,0
00-0023476,Michael Roos,2012,OL,28-30,,,no_claim,,0,0
00-0023487,Khalif Barnes,2012,OL,31+,,,no_claim,,0,0
00-0023500,Frank Gore,2012,RB,28-30,16.0,16.0,no_claim,,0,0
00-0023514,Evan Mathis,2012,OL,31+,,,no_claim,,0,0
00-0023516,Richie Incognito,2012,OL,28-30,,,no_claim,,0,0
00-0023528,Trai Essex,2012,OL,28-30,,,no_claim,,0,0
00-0023529,Adam Snyder,2012,OL,31+,,,no_claim,,0,0
00-0023541,Kyle Orton,2012,QB,28-30,1.0,16.0,no_claim,,0,0
00-0023545,Brandon Jacobs,2012,RB,31+,2.0,16.0,no_claim,,0,0
00-0023548,David Stewart,2012,OL,31+,,,no_claim,,0,0
00-0023560,Todd Herremans,2012,OL,28-30,,,no_claim,,0,0
00-0023563,Dylan Gandy,2012,OL,31+,,,no_claim,,0,0
00-0023564,Darren Sproles,2012,RB,28-30,13.0,16.0,excluded_sub_threshold,3.0,0,0
00-0023578,Dan Orlovsky,2012,QB,28-30,1.0,16.0,no_claim,,0,0
00-0023596,Frank Omiyale,2012,OL,28-30,,,no_claim,,0,0
00-0023602,Geoff Hangartner,2012,OL,31+,,,no_claim,,0,0
00-0023633,Chris Myers,2012,OL,31+,,,no_claim,,0,0
00-0023639,Joe Berger,2012,OL,31+,,,no_claim,,0,0
00-0023645,Derek Anderson,2012,QB,28-30,2.0,16.0,no_claim,,0,0
00-0023662,Matt Cassel,2012,QB,31+,9.0,16.0,TTD,7.0,0,1
00-0023682,Ryan Fitzpatrick,2012,QB,28-30,16.0,16.0,no_claim,,0,0
00-0023846,Mike Brisiel,2012,OL,28-30,,,no_claim,,0,0
00-0023894,Donald Penn,2012,OL,28-30,,,no_claim,,0,0
00-0023920,Dennis Roland,2012,OL,28-30,,,no_claim,,0,0
00-0023958,Nate Livings,2012,OL,31+,,,no_claim,,0,0
00-0024103,Montell Owens,2012,RB,28-30,5.0,16.0,PTD,11.0,1,0
00-0024193,Willie Colon,2012,OL,28-30,,,no_claim,,0,0
00-0024204,Fred Jackson,2012,RB,31+,10.0,16.0,TTD,6.0,0,1
00-0024217,Reggie Bush,2012,RB,28-30,16.0,16.0,no_claim,,0,0
00-0024219,D'Brickashaw Ferguson,2012,OL,28-30,,,no_claim,,0,0
00-0024225,Matt Leinart,2012,QB,28-30,2.0,16.0,no_claim,,0,0
00-0024226,Jay Cutler,2012,QB,28-30,15.0,16.0,no_claim,,0,0
00-0024242,DeAngelo Williams,2012,RB,28-30,16.0,16.0,no_claim,,0,0
00-0024244,Nick Mangold,2012,OL,28-30,,,no_claim,,0,0
00-0024254,Winston Justice,2012,OL,28-30,,,no_claim,,0,0
00-0024256,Deuce Lutui,2012,OL,28-30,,,no_claim,,0,0
00-0024262,Daryn Colledge,2012,OL,31+,,,no_claim,,0,0
00-0024264,Kellen Clemens,2012,QB,28-30,2.0,16.0,no_claim,,0,0
00-0024266,Ryan Cook,2012,OL,28-30,,,no_claim,,0,0
00-0024270,Andrew Whitworth,2012,OL,31+,,,no_claim,,0,0
00-0024271,Chris Chester,2012,OL,28-30,,,no_claim,,0,0
00-0024274,Jeremy Trueblood,2012,OL,28-30,,,no_claim,,0,0
00-0024275,Maurice Jones-Drew,2012,RB,28-30,6.0,16.0,TTD,10.0,0,1
00-0024279,Tarvaris Jackson,2012,QB,28-30,,,no_claim,,0,0
00-0024281,Eric Winston,2012,OL,28-30,,,no_claim,,0,0
00-0024284,Paul McQuistan,2012,OL,28-30,,,no_claim,,0,0
00-0024296,Charlie Whitehurst,2012,QB,31+,,,no_claim,,0,0
00-0024315,Michael Robinson,2012,RB,28-30,11.0,16.0,no_claim,,0,0
00-0024323,Jahri Evans,2012,OL,28-30,,,no_claim,,0,0
00-0024332,Leon Washington,2012,RB,31+,12.0,16.0,no_claim,,0,0
00-0024343,Rob Sims,2012,OL,28-30,,,no_claim,,0,0
00-0024344,Guy Whimper,2012,OL,28-30,,,no_claim,,0,0
00-0024353,Quinn Ojinnaka,2012,OL,28-30,,,no_claim,,0,0
00-0024355,Jonathan Scott,2012,OL,28-30,,,no_claim,,0,0
00-0024375,Chris Kuper,2012,OL,28-30,,,no_claim,,0,0
00-0024390,Kevin Boothe,2012,OL,28-30,,,no_claim,,0,0
00-0024394,Lawrence Vickers,2012,RB,28-30,11.0,16.0,no_claim,,0,0
00-0024401,Jeromey Clary,2012,OL,28-30,,,no_claim,,0,0
00-0024408,Bruce Gradkowski,2012,QB,28-30,2.0,16.0,no_claim,,0,0
00-0024413,Charlie Johnson,2012,OL,28-30,,,no_claim,,0,0
00-0024424,Zach Strief,2012,OL,28-30,,,no_claim,,0,0
00-0024425,Pat McQuistan,2012,OL,28-30,,,no_claim,,0,0
00-0024448,Will Montgomery,2012,OL,28-30,,,no_claim,,0,0
00-0024483,D'Anthony Batiste,2012,OL,31+,,,no_claim,,0,0
00-0024559,Danny Ware,2012,RB,28-30,14.0,16.0,no_claim,,0,0
00-0024670,Kyle Cook,2012,OL,28-30,,,no_claim,,0,0
00-0024813,Pierre Thomas,2012,RB,28-30,15.0,16.0,no_claim,,0,0
00-0025390,Joe Thomas,2012,OL,28-30,,,no_claim,,0,0
00-0025394,Adrian Peterson,2012,RB,28-30,16.0,16.0,no_claim,,0,0
00-0025399,Marshawn Lynch,2012,RB,25-27,16.0,16.0,no_claim,,0,0
00-0025409,Brady Quinn,2012,QB,28-30,10.0,16.0,PTD,6.0,1,0
00-0025415,Joe Staley,2012,OL,28-30,,,no_claim,,0,0
00-0025416,Ben Grubbs,2012,OL,28-30,,,no_claim,,0,0
00-0025423,Kevin Kolb,2012,QB,28-30,6.0,16.0,PTD,10.0,1,0
00-0025426,Justin Blalock,2012,OL,28-30,,,no_claim,,0,0
00-0025427,John Beck,2012,QB,31+,,,no_claim,,0,0
00-0025430,Drew Stanton,2012,QB,28-30,,,no_claim,,0,0
00-0025439,Brian Leonard,2012,RB,28-30,12.0,16.0,excluded_sub_threshold,4.0,0,0
00-0025446,Ryan Kalil,2012,OL,28-30,,,no_claim,,0,0
00-0025447,Samson Satele,2012,OL,28-30,,,no_claim,,0,0
00-0025450,Brandon Jackson,2012,RB,25-27,2.0,16.0,no_claim,,0,0
00-0025457,Ryan Harris,2012,OL,28-30,,,no_claim,,0,0
00-0025473,Marshal Yanda,2012,OL,28-30,,,no_claim,,0,0
00-0025479,Trent Edwards,2012,QB,28-30,1.0,16.0,no_claim,,0,0
00-0025487,Michael Bush,2012,RB,28-30,13.0,16.0,no_claim,,0,0
00-0025502,Leroy Harris,2012,OL,28-30,,,no_claim,,0,0
00-0025504,Manuel Ramirez,2012,OL,28-30,,,no_claim,,0,0
00-0025509,Doug Free,2012,OL,28-30,,,no_claim,,0,0
00-0025512,Jermon Bushrod,2012,OL,28-30,,,no_claim,,0,0
00-0025517,Josh Beekman,2012,OL,28-30,,,no_claim,,0,0
00-0025524,Le'Ron McClain,2012,RB,28-30,9.0,16.0,no_claim,,0,0
00-0025536,Uche Nwaneri,2012,OL,28-30,,,no_claim,,0,0
00-0025568,Reagan Maui'a,2012,RB,28-30,1.0,16.0,no_claim,,0,0
00-0025583,Herb Taylor,2012,OL,28-30,,,no_claim,,0,0
00-0025592,Jordan Palmer,2012,QB,28-30,,,no_claim,,0,0
00-0025596,Corey Hilliard,2012,OL,28-30,,,no_claim,,0,0
00-0025604,Tyler Thigpen,2012,QB,28-30,2.0,16.0,no_claim,,0,0
00-0025610,Mike Otto,2012,OL,28-30,,,no_claim,,0,0
00-0025619,Steve Vallos,2012,OL,28-30,,,no_claim,,0,0
00-0025631,Jason Snelling,2012,RB,28-30,16.0,16.0,no_claim,,0,0
00-0025637,Ahmad Bradshaw,2012,RB,25-27,14.0,16.0,excluded_sub_threshold,2.0,0,0
00-0025682,Lyle Sendlein,2012,OL,28-30,,,no_claim,,0,0
00-0025701,Jackie Battle,2012,RB,28-30,14.0,16.0,no_claim,,0,0
00-0025708,Matt Moore,2012,QB,28-30,2.0,16.0,no_claim,,0,0
00-0025761,Robert Turner,2012,OL,28-30,,,no_claim,,0,0
00-0025787,Jared Gaither,2012,OL,25-27,,,no_claim,,0,0
00-0025820,Jake Long,2012,OL,28-30,,,no_claim,,0,0
00-0025826,Tyler Polumbus,2012,OL,28-30,,,no_claim,,0,0
00-0025829,Doug Legursky,2012,OL,25-27,,,no_claim,,0,0
00-0025860,BenJarvus Green-Ellis,2012,RB,28-30,15.0,16.0,no_claim,,0,0
00-0025866,Ryan Wendell,2012,OL,25-27,,,no_claim,,0,0
00-0025872,Kyle DeVan,2012,OL,28-30,,,no_claim,,0,0
00-0025897,William Robinson,2012,OL,28-30,,,no_claim,,0,0
00-0025900,Chris Clark,2012,OL,25-27,,,no_claim,,0,0
00-0025925,Fernando Velasco,2012,OL,28-30,,,no_claim,,0,0
00-0025951,Darius Reynaud,2012,RB,28-30,9.0,16.0,no_claim,,0,0
00-0025970,Caleb Hanie,2012,QB,25-27,,,no_claim,,0,0
00-0025980,Brian De La Puente,2012,OL,28-30,,,no_claim,,0,0
00-0026015,Bryan Mattison,2012,OL,28-30,,,no_claim,,0,0
00-0026019,Danny Woodhead,2012,RB,28-30,15.0,16.0,no_claim,,0,0
00-0026029,Kregg Lumpkin,2012,RB,28-30,2.0,16.0,no_claim,,0,0
00-0026033,Mike Cox,2012,RB,28-30,3.0,16.0,no_claim,,0,0
00-0026069,Mike Tolbert,2012,RB,25-27,16.0,16.0,no_claim,,0,0
00-0026072,Jed Collins,2012,RB,25-27,11.0,16.0,excluded_sub_threshold,5.0,0,0
00-0026143,Matt Ryan,2012,QB,28-30,16.0,16.0,no_claim,,0,0
00-0026144,Darren McFadden,2012,RB,25-27,12.0,16.0,excluded_sub_threshold,4.0,0,0
00-0026152,Ryan Clady,2012,OL,25-27,,,no_claim,,0,0
00-0026153,Jonathan Stewart,2012,RB,25-27,9.0,16.0,TTD,7.0,0,1
00-0026154,Chris Williams,2012,OL,28-30,,,no_claim,,0,0
00-0026155,Branden Albert,2012,OL,28-30,,,no_claim,,0,0
00-0026157,Gosder Cherilus,2012,OL,28-30,,,no_claim,,0,0
00-0026158,Joe Flacco,2012,QB,28-30,16.0,16.0,no_claim,,0,0
00-0026161,Sam Baker,2012,OL,28-30,,,no_claim,,0,0
00-0026162,Felix Jones,2012,RB,25-27,16.0,16.0,no_claim,,0,0
00-0026163,Rashard Mendenhall,2012,RB,25-27,6.0,16.0,TTD,10.0,0,1
00-0026164,Chris Johnson,2012,RB,25-27,16.0,16.0,no_claim,,0,0
00-0026166,Duane Brown,2012,OL,28-30,,,no_claim,,0,0
00-0026179,Chilo Rachal,2012,OL,25-27,,,no_claim,,0,0
00-0026184,Matt Forte,2012,RB,25-27,15.0,16.0,no_claim,,0,0
00-0026195,Ray Rice,2012,RB,25-27,16.0,16.0,no_claim,,0,0
00-0026197,Chad Henne,2012,QB,28-30,10.0,16.0,no_claim,,0,0
00-0026199,Mike Pollak,2012,OL,28-30,,,no_claim,,0,0
00-0026204,Kevin Smith,2012,RB,25-27,9.0,16.0,no_claim,,0,0
00-0026205,John Greco,2012,OL,28-30,,,no_claim,,0,0
00-0026209,Jacob Hester,2012,RB,28-30,3.0,16.0,no_claim,,0,0
00-0026213,Jamaal Charles,2012,RB,25-27,16.0,16.0,no_claim,,0,0
00-0026223,Jeremy Zuttah,2012,OL,25-27,,,no_claim,,0,0
00-0026236,Chad Rinehart,2012,OL,28-30,,,no_claim,,0,0
00-0026239,Oniel Cousins,2012,OL,28-30,,,no_claim,,0,0
00-0026247,Cody Wallace,2012,OL,28-30,,,no_claim,,0,0
00-0026248,Kory Lichtensteiger,2012,OL,28-30,,,no_claim,,0,0
00-0026249,Mike McGlynn,2012,OL,28-30,,,no_claim,,0,0
00-0026252,Anthony Collins,2012,OL,25-27,,,no_claim,,0,0
00-0026262,Tashard Choice,2012,RB,28-30,8.0,16.0,no_claim,,0,0
00-0026270,Tony Hills,2012,OL,28-30,,,no_claim,,0,0
00-0026275,Josh Sitton,2012,OL,25-27,,,no_claim,,0,0
00-0026279,Ryan Torain,2012,RB,25-27,,,no_claim,,0,0
00-0026286,Jerome Felton,2012,RB,25-27,4.0,16.0,no_claim,,0,0
00-0026290,Breno Giacomini,2012,OL,25-27,,,no_claim,,0,0
00-0026300,Josh Johnson,2012,QB,25-27,1.0,16.0,no_claim,,0,0
00-0026303,Owen Schmitt,2012,RB,28-30,2.0,16.0,no_claim,,0,0
00-0026304,Carl Nicks,2012,OL,28-30,,,no_claim,,0,0
00-0026310,Barry Richardson,2012,OL,25-27,,,no_claim,,0,0
00-0026316,Jalen Parmele,2012,RB,25-27,7.0,16.0,no_claim,,0,0
00-0026324,Mike Gibson,2012,OL,25-27,,,no_claim,,0,0
00-0026327,John Sullivan,2012,OL,28-30,,,no_claim,,0,0
00-0026335,Donald Thomas,2012,OL,25-27,,,no_claim,,0,0
00-0026344,Lex Hilliard,2012,RB,28-30,8.0,16.0,no_claim,,0,0
00-0026349,Matt Flynn,2012,QB,28-30,2.0,16.0,no_claim,,0,0
00-0026351,Nate Garner,2012,OL,28-30,,,no_claim,,0,0
00-0026359,Demetrius Bell,2012,OL,28-30,,,no_claim,,0,0
00-0026367,Peyton Hillis,2012,RB,25-27,13.0,16.0,excluded_sub_threshold,3.0,0,0
00-0026370,King Dunlap,2012,OL,25-27,,,no_claim,,0,0
00-0026373,Justin Forsett,2012,RB,25-27,11.0,16.0,no_claim,,0,0
00-0026381,Geoff Schwartz,2012,OL,25-27,,,no_claim,,0,0
00-0026390,Mackenzy Bernadeau,2012,OL,25-27,,,no_claim,,0,0
00-0026393,Marcel Reece,2012,RB,28-30,15.0,16.0,no_claim,,0,0
00-0026408,Joe Reitz,2012,OL,28-30,,,no_claim,,0,0
00-0026432,Lance Ball,2012,RB,28-30,10.0,16.0,no_claim,,0,0
00-0026491,Stefan Logan,2012,RB,31+,5.0,16.0,no_claim,,0,0
00-0026498,Matthew Stafford,2012,QB,25-27,16.0,16.0,no_claim,,0,0
00-0026500,Matt Slauson,2012,OL,25-27,,,no_claim,,0,0
00-0026537,Edwin Williams,2012,OL,25-27,,,no_claim,,0,0
00-0026544,Chase Daniel,2012,QB,25-27,1.0,16.0,no_claim,,0,0
00-0026561,Ramon Foster,2012,OL,25-27,,,no_claim,,0,0
00-0026566,Isaac Redman,2012,RB,28-30,14.0,16.0,excluded_sub_threshold,2.0,0,0
00-0026574,Dallas Reynolds,2012,OL,28-30,,,no_claim,,0,0
00-0026577,Marcus Thigpen,2012,RB,25-27,4.0,16.0,no_claim,,0,0
00-0026579,Kahlil Bell,2012,RB,25-27,5.0,16.0,no_claim,,0,0
00-0026592,Roger Allen,2012,OL,25-27,,,no_claim,,0,0
00-0026597,Ray Feinga,2012,OL,25-27,,,no_claim,,0,0
00-0026625,Brian Hoyer,2012,QB,25-27,2.0,16.0,no_claim,,0,0
00-0026700,Patrick Brown,2012,OL,25-27,,,no_claim,,0,0
00-0026705,C.J. Davis,2012,OL,25-27,,,no_claim,,0,0
00-0026712,Brit Miller,2012,RB,25-27,3.0,16.0,no_claim,,0,0
00-0026715,Garry Williams,2012,OL,25-27,,,no_claim,,0,0
00-0026723,Chris Pressley,2012,RB,25-27,2.0,16.0,no_claim,,0,0
00-0026745,Curtis Brinkley,2012,RB,25-27,6.0,16.0,no_claim,,0,0
00-0026762,Alex Boone,2012,OL,25-27,,,no_claim,,0,0
00-0026784,Evan Smith,2012,OL,25-27,,,no_claim,,0,0
00-0026796,Arian Foster,2012,RB,25-27,16.0,16.0,no_claim,,0,0
00-0026814,Demar Dotson,2012,OL,25-27,,,no_claim,,0,0
00-0026839,Jermey Parnell,2012,OL,25-27,,,no_claim,,0,0
00-0026852,Darrel Young,2012,RB,25-27,10.0,16.0,no_claim,,0,0
00-0026855,Antone Smith,2012,RB,25-27,1.0,16.0,TTD,15.0,0,1
00-0026898,Mark Sanchez,2012,QB,25-27,15.0,16.0,no_claim,,0,0
00-0026899,Shonn Greene,2012,RB,28-30,16.0,16.0,no_claim,,0,0
00-0026909,Rich Ohrnberger,2012,OL,25-27,,,no_claim,,0,0
00-0026929,Andrew Gardner,2012,OL,25-27,,,no_claim,,0,0
00-0026932,Cedric Peerman,2012,RB,25-27,10.0,16.0,PTD,6.0,1,0
00-0026941,Bernard Scott,2012,RB,28-30,2.0,16.0,PTD,14.0,1,0
00-0026950,A.Q. Shipley,2012,OL,25-27,,,no_claim,,0,0
00-0026955,Ryan Durand,2012,OL,25-27,,,no_claim,,0,0
00-0026956,LaRod Stephens-Howling,2012,RB,25-27,14.0,16.0,excluded_sub_threshold,2.0,0,0
00-0026961,Lance Louis,2012,OL,28-30,,,no_claim,,0,0
00-0026979,Jason Smith,2012,OL,25-27,,,no_claim,,0,0
00-0026982,Andre Smith,2012,OL,25-27,,,no_claim,,0,0
00-0026984,Eugene Monroe,2012,OL,25-27,,,no_claim,,0,0
00-0026988,Knowshon Moreno,2012,RB,25-27,8.0,16.0,no_claim,,0,0
00-0026993,Josh Freeman,2012,QB,25-27,16.0,16.0,no_claim,,0,0
00-0026997,Alex Mack,2012,OL,25-27,,,no_claim,,0,0
00-0026999,Michael Oher,2012,OL,25-27,,,no_claim,,0,0
00-0027003,Donald Brown,2012,RB,25-27,10.0,16.0,TTD,6.0,0,1
00-0027004,Eric Wood,2012,OL,25-27,,,no_claim,,0,0
00-0027007,Chris Wells,2012,RB,25-27,8.0,16.0,no_claim,,0,0
00-0027015,Eben Britton,2012,OL,25-27,,,no_claim,,0,0
00-0027025,Max Unger,2012,OL,25-27,,,no_claim,,0,0
00-0027027,Andy Levitre,2012,OL,25-27,,,no_claim,,0,0
00-0027029,LeSean McCoy,2012,RB,25-27,12.0,16.0,excluded_sub_threshold,4.0,0,0
00-0027030,Phil Loadholt,2012,OL,25-27,,,no_claim,,0,0
00-0027034,Sebastian Vollmer,2012,OL,28-30,,,no_claim,,0,0
00-0027036,Will Beatty,2012,OL,28-30,,,no_claim,,0,0
00-0027051,Antoine Caldwell,2012,OL,25-27,,,no_claim,,0,0
00-0027052,Louis Vasquez,2012,OL,25-27,,,no_claim,,0,0
00-0027053,Kraig Urbik,2012,OL,25-27,,,no_claim,,0,0
00-0027078,T.J. Lang,2012,OL,25-27,,,no_claim,,0,0
00-0027080,Mike Goodson,2012,RB,25-27,11.0,16.0,excluded_sub_threshold,5.0,0,0
00-0027094,Andre Brown,2012,RB,25-27,8.0,16.0,TTD,8.0,0,1
00-0027096,Seth Olsen,2012,OL,25-27,,,no_claim,,0,0
00-0027097,Tyronne Green,2012,OL,25-27,,,no_claim,,0,0
00-0027099,Troy Kropog,2012,OL,25-27,,,no_claim,,0,0
00-0027101,Colin Brown,2012,OL,28-30,,,no_claim,,0,0
00-0027106,Quinn Johnson,2012,RB,25-27,9.0,16.0,no_claim,,0,0
00-0027109,James Casey,2012,RB,28-30,16.0,16.0,no_claim,,0,0
00-0027110,Garrett Reynolds,2012,OL,25-27,,,no_claim,,0,0
00-0027112,Jamon Meredith,2012,OL,25-27,,,no_claim,,0,0
00-0027120,Javon Ringer,2012,RB,25-27,2.0,16.0,PTD,14.0,1,0
00-0027140,Chris Ogbonnaya,2012,RB,25-27,11.0,16.0,no_claim,,0,0
00-0027155,Rashad Jennings,2012,RB,28-30,10.0,16.0,TTD,6.0,0,1
00-0027214,Keiland Williams,2012,RB,25-27,3.0,16.0,no_claim,,0,0
00-0027218,Joique Bell,2012,RB,25-27,16.0,16.0,no_claim,,0,0
00-0027253,Thad Lewis,2012,QB,25-27,1.0,16.0,no_claim,,0,0
00-0027257,Keith Toston,2012,RB,25-27,1.0,16.0,no_claim,,0,0
00-0027264,Jim Cordle,2012,OL,25-27,,,no_claim,,0,0
00-0027297,Austin Howard,2012,OL,25-27,,,no_claim,,0,0
00-0027306,Jamie McCoy,2012,RB,25-27,,,no_claim,,0,0
00-0027309,Lemuel Jeanpierre,2012,OL,25-27,,,no_claim,,0,0
00-0027311,Dennis Landolt,2012,OL,25-27,,,no_claim,,0,0
00-0027325,LeGarrette Blount,2012,RB,25-27,10.0,16.0,no_claim,,0,0
00-0027332,John Malecki,2012,OL,25-27,,,no_claim,,0,0
00-0027333,Kevin Matthews,2012,OL,25-27,,,no_claim,,0,0
00-0027346,Alfonso Smith,2012,RB,25-27,2.0,16.0,no_claim,,0,0
00-0027385,Thomas Austin,2012,OL,25-27,,,no_claim,,0,0
00-0027411,Alex Parsons,2012,OL,25-27,,,no_claim,,0,0
00-0027417,Phil Costa,2012,OL,25-27,,,no_claim,,0,0
00-0027419,Chris Gronkowski,2012,RB,25-27,1.0,16.0,no_claim,,0,0
00-0027435,Nick McDonald,2012,OL,25-27,,,no_claim,,0,0
00-0027444,Derek Hardman,2012,OL,25-27,,,no_claim,,0,0
00-0027469,Jeff Linkenbach,2012,OL,25-27,,,no_claim,,0,0
00-0027485,Jeff Byers,2012,OL,25-27,,,no_claim,,0,0
00-0027498,Daniel Baldridge,2012,OL,25-27,,,no_claim,,0,0
00-0027506,Kevin Haslam,2012,OL,25-27,,,no_claim,,0,0
00-0027531,Chris Ivory,2012,RB,25-27,6.0,16.0,TTD,10.0,0,1
00-0027583,Richie Brockel,2012,RB,25-27,1.0,16.0,no_claim,,0,0
00-0027602,Graham Harrell,2012,QB,28-30,3.0,16.0,no_claim,,0,0
00-0027607,Ted Larsen,2012,OL,25-27,,,no_claim,,0,0
00-0027609,J'Marcus Webb,2012,OL,25-27,,,no_claim,,0,0
00-0027648,Rodger Saffold,2012,OL,25-27,,,no_claim,,0,0
00-0027658,Zane Beadles,2012,OL,25-27,,,no_claim,,0,0
00-0027659,Jimmy Clausen,2012,QB,25-27,,,no_claim,,0,0
00-0027666,Montario Hardesty,2012,RB,25-27,10.0,16.0,no_claim,,0,0
00-0027667,Vladimir Ducasse,2012,OL,25-27,,,no_claim,,0,0
00-0027669,Charles Brown,2012,OL,25-27,,,no_claim,,0,0
00-0027673,Jon Asamoah,2012,OL,25-27,,,no_claim,,0,0
00-0027674,Jared Veldheer,2012,OL,25-27,,,no_claim,,0,0
00-0027678,John Jerry,2012,OL,25-27,,,no_claim,,0,0
00-0027683,J.D. Walton,2012,OL,25-27,,,no_claim,,0,0
00-0027688,Colt McCoy,2012,QB,25-27,2.0,16.0,PTD,14.0,1,0
00-0027694,Shawn Lauvao,2012,OL,25-27,,,no_claim,,0,0
00-0027699,Mike Johnson,2012,OL,25-27,,,no_claim,,0,0
00-0027707,Bruce Campbell,2012,OL,25-27,,,no_claim,,0,0
00-0027712,Joe McKnight,2012,RB,25-27,12.0,16.0,excluded_sub_threshold,4.0,0,0
00-0027717,Joe Hawley,2012,OL,<=24,,,no_claim,,0,0
00-0027728,Jason Fox,2012,OL,25-27,,,no_claim,,0,0
00-0027739,John Conner,2012,RB,25-27,2.0,16.0,PTD,14.0,1,0
00-0027739,John Conner,2012,RB,25-27,2.0,16.0,PTD,14.0,1,0
00-0027746,Mitch Petrus,2012,OL,25-27,,,no_claim,,0,0
00-0027750,Chris Scott,2012,OL,25-27,,,no_claim,,0,0
00-0027754,John Skelton,2012,QB,25-27,7.0,16.0,PTD,9.0,1,0
00-0027757,Matt Tennant,2012,OL,25-27,,,no_claim,,0,0
00-0027768,Marshall Newhouse,2012,OL,<=24,,,no_claim,,0,0
00-0027772,Anthony Dixon,2012,RB,25-27,8.0,16.0,no_claim,,0,0
00-0027775,Rusty Smith,2012,QB,25-27,1.0,16.0,no_claim,,0,0
00-0027778,Sam Young,2012,OL,25-27,,,no_claim,,0,0
00-0027779,Deji Karim,2012,RB,25-27,1.0,16.0,no_claim,,0,0
00-0027781,Eric Olsen,2012,OL,25-27,,,no_claim,,0,0
00-0027785,Shelley Smith,2012,OL,25-27,,,no_claim,,0,0
00-0027786,Jonathan Dwyer,2012,RB,<=24,13.0,16.0,excluded_sub_threshold,3.0,0,0
00-0027791,James Starks,2012,RB,25-27,6.0,16.0,TTD,10.0,0,1
00-0027792,Ramon Harewood,2012,OL,25-27,,,no_claim,,0,0
00-0027796,Joe Webb,2012,QB,25-27,1.0,16.0,no_claim,,0,0
00-0027803,Thomas Welch,2012,OL,25-27,,,no_claim,,0,0
00-0027819,Dorin Dickerson,2012,RB,25-27,7.0,16.0,no_claim,,0,0
00-0027823,Selvish Capers,2012,OL,25-27,,,no_claim,,0,0
00-0027844,Erik Lorig,2012,RB,25-27,12.0,16.0,no_claim,,0,0
00-0027849,Matt Kopa,2012,OL,25-27,,,no_claim,,0,0
00-0027851,Harvey Unga,2012,RB,25-27,,,no_claim,,0,0
00-0027854,Sam Bradford,2012,QB,25-27,16.0,16.0,no_claim,,0,0
00-0027857,Trent Williams,2012,OL,25-27,,,no_claim,,0,0
00-0027859,Russell Okung,2012,OL,<=24,,,no_claim,,0,0
00-0027861,C.J. Spiller,2012,RB,25-27,16.0,16.0,no_claim,,0,0
00-0027863,Anthony Davis,2012,OL,<=24,,,no_claim,,0,0
00-0027864,Ryan Mathews,2012,RB,25-27,12.0,16.0,excluded_sub_threshold,4.0,0,0
00-0027869,Mike Iupati,2012,OL,25-27,,,no_claim,,0,0
00-0027870,Maurkice Pouncey,2012,OL,<=24,,,no_claim,,0,0
00-0027875,Bryan Bulaga,2012,OL,<=24,,,no_claim,,0,0
00-0027876,Tim Tebow,2012,QB,25-27,11.0,16.0,no_claim,,0,0
00-0027888,Toby Gerhart,2012,RB,25-27,15.0,16.0,no_claim,,0,0
00-0027890,Ben Tate,2012,RB,25-27,11.0,16.0,excluded_sub_threshold,5.0,0,0
00-0027917,Tyler Clutts,2012,RB,28-30,,,no_claim,,0,0
00-0027939,Cam Newton,2012,QB,<=24,16.0,16.0,no_claim,,0,0
00-0027946,Jake Locker,2012,QB,25-27,11.0,16.0,excluded_sub_threshold,5.0,0,0
00-0027947,Tyron Smith,2012,OL,<=24,,,no_claim,,0,0
00-0027948,Blaine Gabbert,2012,QB,<=24,10.0,16.0,no_claim,,0,0
00-0027950,Christian Ponder,2012,QB,25-27,16.0,16.0,no_claim,,0,0
00-0027953,Mike Pouncey,2012,OL,<=24,,,no_claim,,0,0
00-0027955,Nate Solder,2012,OL,25-27,,,no_claim,,0,0
00-0027960,Anthony Castonzo,2012,OL,25-27,,,no_claim,,0,0
00-0027961,Danny Watkins,2012,OL,28-30,,,no_claim,,0,0
00-0027963,James Carpenter,2012,OL,<=24,,,no_claim,,0,0
00-0027966,Mark Ingram,2012,RB,<=24,16.0,16.0,no_claim,,0,0
00-0027967,Gabe Carimi,2012,OL,25-27,,,no_claim,,0,0
00-0027973,Andy Dalton,2012,QB,25-27,16.0,16.0,no_claim,,0,0
00-0027974,Colin Kaepernick,2012,QB,25-27,13.0,16.0,no_claim,,0,0
00-0027976,Ryan Williams,2012,RB,<=24,5.0,16.0,no_claim,,0,0
00-0027984,Orlando Franklin,2012,OL,25-27,,,no_claim,,0,0
00-0027986,Stefen Wisniewski,2012,OL,<=24,,,no_claim,,0,0
00-0027993,Rodney Hudson,2012,OL,<=24,,,no_claim,,0,0
00-0027994,Shane Vereen,2012,RB,<=24,11.0,16.0,excluded_sub_threshold,5.0,0,0
00-0027995,Mikel Leshoure,2012,RB,<=24,14.0,16.0,no_claim,,0,0
00-0028000,Daniel Thomas,2012,RB,25-27,12.0,16.0,excluded_sub_threshold,4.0,0,0
00-0028001,Marcus Gilbert,2012,OL,25-27,,,no_claim,,0,0
00-0028009,DeMarco Murray,2012,RB,25-27,10.0,16.0,TTD,6.0,0,1
00-0028011,Stevan Ridley,2012,RB,<=24,16.0,16.0,no_claim,,0,0
00-0028012,Ryan Mallett,2012,QB,25-27,3.0,16.0,no_claim,,0,0
00-0028013,John Moffitt,2012,OL,25-27,,,no_claim,,0,0
00-0028023,Jah Reid,2012,OL,25-27,,,no_claim,,0,0
00-0028030,Joe Barksdale,2012,OL,<=24,,,no_claim,,0,0
00-0028034,Alex Green,2012,RB,25-27,11.0,16.0,no_claim,,0,0
00-0028039,Clint Boling,2012,OL,<=24,,,no_claim,,0,0
00-0028043,Roy Helu,2012,RB,<=24,3.0,16.0,no_claim,,0,0
00-0028048,David Arkin,2012,OL,25-27,,,no_claim,,0,0
00-0028053,Kendall Hunter,2012,RB,<=24,11.0,16.0,no_claim,,0,0
00-0028055,James Brewer,2012,OL,25-27,,,no_claim,,0,0
00-0028057,Delone Carter,2012,RB,25-27,7.0,16.0,PTD,9.0,1,0
00-0028060,Chris Hairston,2012,OL,<=24,,,no_claim,,0,0
00-0028062,Owen Marecic,2012,RB,<=24,3.0,16.0,no_claim,,0,0
00-0028063,Taiwan Jones,2012,RB,25-27,3.0,16.0,no_claim,,0,0
00-0028064,Bilal Powell,2012,RB,<=24,14.0,16.0,excluded_sub_threshold,2.0,0,0
00-0028068,Jamie Harper,2012,RB,<=24,6.0,16.0,no_claim,,0,0
00-0028071,Johnny White,2012,RB,25-27,3.0,16.0,PTD,13.0,1,0
00-0028071,Johnny White,2012,RB,25-27,3.0,16.0,PTD,13.0,1,0
00-0028073,Ricky Stanzi,2012,QB,25-27,,,no_claim,,0,0
00-0028074,Anthony Sherman,2012,RB,<=24,6.0,16.0,TTD,10.0,0,1
00-0028076,Marcus Cannon,2012,OL,25-27,,,no_claim,,0,0
00-0028083,Jacquizz Rodgers,2012,RB,<=24,16.0,16.0,no_claim,,0,0
00-0028087,Dion Lewis,2012,RB,<=24,6.0,16.0,no_claim,,0,0
00-0028088,Jason Pinkston,2012,OL,25-27,,,no_claim,,0,0
00-0028090,T.J. Yates,2012,QB,25-27,3.0,16.0,no_claim,,0,0
00-0028101,Daniel Kilgore,2012,OL,25-27,,,no_claim,,0,0
00-0028110,Brandon Fusco,2012,OL,25-27,,,no_claim,,0,0
00-0028113,Byron Stingily,2012,OL,<=24,,,no_claim,,0,0
00-0028115,Evan Royster,2012,RB,25-27,15.0,16.0,no_claim,,0,0
00-0028117,Caleb Schlauderaff,2012,OL,25-27,,,no_claim,,0,0
00-0028118,Tyrod Taylor,2012,QB,<=24,5.0,16.0,no_claim,,0,0
00-0028121,Jordan Todman,2012,RB,<=24,1.0,16.0,TTD,15.0,0,1
00-0028129,Jason Kelce,2012,OL,25-27,,,no_claim,,0,0
00-0028134,Keith Williams,2012,OL,25-27,,,no_claim,,0,0
00-0028139,Stephen Schilling,2012,OL,25-27,,,no_claim,,0,0
00-0028141,Zack Williams,2012,OL,<=24,,,no_claim,,0,0
00-0028146,Greg McElroy,2012,QB,25-27,2.0,16.0,PTD,14.0,1,0
00-0028149,Bruce Miller,2012,RB,25-27,10.0,16.0,no_claim,,0,0
00-0028152,Derek Newton,2012,OL,25-27,,,no_claim,,0,0
00-0028155,Maurice Hurt,2012,OL,25-27,,,no_claim,,0,0
00-0028158,Shaun Chapas,2012,RB,25-27,2.0,16.0,no_claim,,0,0
00-0028159,Da'Rel Scott,2012,RB,25-27,1.0,16.0,PTD,15.0,1,0
00-0028163,Anthony Allen,2012,RB,25-27,6.0,16.0,no_claim,,0,0
00-0028170,Baron Batch,2012,RB,25-27,8.0,16.0,no_claim,,0,0
00-0028177,Mike Person,2012,OL,25-27,,,no_claim,,0,0
00-0028178,Stanley Havili,2012,RB,25-27,9.0,16.0,TTD,7.0,0,1
00-0028194,Cory Brandon,2012,OL,25-27,,,no_claim,,0,0
00-0028196,Ricky Henry,2012,OL,25-27,,,no_claim,,0,0
00-0028198,Matt Asiata,2012,RB,25-27,3.0,16.0,no_claim,,0,0
00-0028201,Willie Smith,2012,OL,25-27,,,no_claim,,0,0
00-0028202,Shaun Draughn,2012,RB,25-27,14.0,16.0,no_claim,,0,0
00-0028253,Will Yeatman,2012,OL,25-27,,,no_claim,,0,0
00-0028274,Tim Barnes,2012,OL,25-27,,,no_claim,,0,0
00-0028345,Robert Hughes,2012,RB,<=24,2.0,16.0,no_claim,,0,0
00-0028359,McLeod Bethel-Thompson,2012,QB,25-27,,,no_claim,,0,0
00-0028377,John Griffin,2012,RB,<=24,,,no_claim,,0,0
00-0028401,Cameron Bradfield,2012,OL,25-27,,,no_claim,,0,0
00-0028409,DuJuan Harris,2012,RB,<=24,4.0,16.0,no_claim,,0,0
00-0028416,Richard Murphy,2012,RB,25-27,4.0,16.0,no_claim,,0,0
00-0028453,Pat Devlin,2012,QB,25-27,,,no_claim,,0,0
00-0028492,Henry Hynoski,2012,RB,<=24,12.0,16.0,no_claim,,0,0
00-0028565,Armando Allen,2012,RB,<=24,9.0,16.0,no_claim,,0,0
00-0028573,Colin Baxter,2012,OL,25-27,,,no_claim,,0,0
00-0028581,Patrick DiMarco,2012,RB,<=24,1.0,16.0,no_claim,,0,0
00-0028595,Scott Tolzien,2012,QB,25-27,,,no_claim,,0,0
00-0028602,Brandon Saine,2012,RB,<=24,,,no_claim,,0,0
00-0028613,Phillip Tanner,2012,RB,25-27,5.0,16.0,no_claim,,0,0
00-0028645,Darren Evans,2012,RB,<=24,,,no_claim,,0,0
00-0028665,Kevin Kowalski,2012,OL,<=24,,,no_claim,,0,0
00-0028690,Jarrod Shaw,2012,OL,25-27,,,no_claim,,0,0
00-0028706,Armond Smith,2012,RB,25-27,1.0,16.0,no_claim,,0,0
00-0028736,William Powell,2012,RB,25-27,12.0,16.0,no_claim,,0,0
00-0028738,Byron Bell,2012,OL,<=24,,,no_claim,,0,0
00-0028825,Terrelle Pryor,2012,QB,<=24,3.0,16.0,no_claim,,0,0
00-0028841,Will Johnson,2012,RB,<=24,13.0,16.0,no_claim,,0,0
00-0028862,Bryce Harris,2012,OL,<=24,,,no_claim,,0,0
00-0028863,Dominique Davis,2012,QB,<=24,,,no_claim,,0,0
00-0028866,Phillipkeith Manley,2012,OL,<=24,,,no_claim,,0,0
00-0028876,Collin Mooney,2012,RB,25-27,1.0,16.0,no_claim,,0,0
00-0028957,Austin Davis,2012,QB,<=24,,,no_claim,,0,0
00-0028980,Jewel Hampton,2012,RB,<=24,,,no_claim,,0,0
00-0029004,Lance Dunbar,2012,RB,<=24,6.0,16.0,no_claim,,0,0
00-0029005,Harland Gunn,2012,OL,<=24,,,no_claim,,0,0
00-0029010,Ronald Leary,2012,OL,<=24,,,no_claim,,0,0
00-0029035,Hayworth Hicks,2012,OL,<=24,,,no_claim,,0,0
00-0029052,Michael Brewster,2012,OL,<=24,,,no_claim,,0,0
00-0029066,Trevor Robinson,2012,OL,<=24,,,no_claim,,0,0
00-0029076,Austin Pasztor,2012,OL,<=24,,,no_claim,,0,0
00-0029080,Darrion Weems,2012,OL,<=24,,,no_claim,,0,0
00-0029091,Bradley Sowell,2012,OL,<=24,,,no_claim,,0,0
00-0029110,Josh Samuda,2012,OL,<=24,,,no_claim,,0,0
00-0029127,Lucas Nix,2012,OL,<=24,,,no_claim,,0,0
00-0029139,Adam Gettis,2012,OL,<=24,,,no_claim,,0,0
00-0029140,Chris Rainey,2012,RB,25-27,14.0,16.0,no_claim,,0,0
00-0029141,Alfred Morris,2012,RB,<=24,16.0,16.0,no_claim,,0,0
00-0029144,Tom Compton,2012,OL,<=24,,,no_claim,,0,0
00-0029145,Michael Smith,2012,RB,25-27,,,no_claim,,0,0
00-0029146,J.R. Sweezy,2012,OL,<=24,,,no_claim,,0,0
00-0029166,David Snow,2012,OL,<=24,,,no_claim,,0,0
00-0029187,Don Barclay,2012,OL,<=24,,,no_claim,,0,0
00-0029202,Mike Adams,2012,OL,<=24,,,no_claim,,0,0
00-0029203,David Molk,2012,OL,<=24,,,no_claim,,0,0
00-0029205,Travaris Cadet,2012,RB,<=24,4.0,16.0,TTD,12.0,0,1
00-0029234,Kellen Moore,2012,QB,25-27,,,no_claim,,0,0
00-0029239,Brandon Bolden,2012,RB,<=24,8.0,16.0,TTD,8.0,0,1
00-0029244,Markus Zusevics,2012,OL,<=24,,,no_claim,,0,0
00-0029251,David Wilson,2012,RB,<=24,14.0,16.0,no_claim,,0,0
00-0029253,Mitchell Schwartz,2012,OL,<=24,,,no_claim,,0,0
00-0029254,Amini Silatolu,2012,OL,<=24,,,no_claim,,0,0
00-0029259,Kelechi Osemele,2012,OL,<=24,,,no_claim,,0,0
00-0029260,LaMichael James,2012,RB,<=24,4.0,16.0,no_claim,,0,0
00-0029263,Russell Wilson,2012,QB,<=24,16.0,16.0,no_claim,,0,0
00-0029264,Bernard Pierce,2012,RB,<=24,15.0,16.0,no_claim,,0,0
00-0029268,Gino Gradkowski,2012,OL,<=24,,,no_claim,,0,0
00-0029273,Robert Turbin,2012,RB,<=24,15.0,16.0,no_claim,,0,0
00-0029276,Evan Rodriguez,2012,RB,<=24,7.0,16.0,no_claim,,0,0
00-0029278,Joe Looney,2012,OL,<=24,,,no_claim,,0,0
00-0029290,Ryan Miller,2012,OL,<=24,,,no_claim,,0,0
00-0029296,Mark Asper,2012,OL,25-27,,,no_claim,,0,0
00-0029298,Cyrus Gray,2012,RB,<=24,4.0,16.0,no_claim,,0,0
00-0029315,Brad Smelley,2012,RB,<=24,1.0,16.0,no_claim,,0,0
00-0029316,Kelvin Beachum,2012,OL,<=24,,,no_claim,,0,0
00-0029317,Edwin Baker,2012,RB,<=24,,,no_claim,,0,0
00-0029332,James Brown,2012,OL,<=24,,,no_claim,,0,0
00-0029354,Rishaw Johnson,2012,OL,<=24,,,no_claim,,0,0
00-0029356,Scott Wedige,2012,OL,<=24,,,no_claim,,0,0
00-0029358,Nate Eachus,2012,RB,<=24,2.0,16.0,PTD,14.0,1,0
00-0029384,Bobby Rainey,2012,RB,25-27,,,no_claim,,0,0
00-0029411,Peter Konz,2012,OL,<=24,,,no_claim,,0,0
00-0029413,Ben Jones,2012,OL,<=24,,,no_claim,,0,0
00-0029419,Dennis Kelly,2012,OL,<=24,,,no_claim,,0,0
00-0029427,Terrance Ganaway,2012,RB,<=24,,,no_claim,,0,0
00-0029429,Bryce Brown,2012,RB,<=24,16.0,16.0,no_claim,,0,0
00-0029438,Chris Polk,2012,RB,<=24,,,no_claim,,0,0
00-0029441,Jeremy Stewart,2012,RB,<=24,4.0,16.0,no_claim,,0,0
00-0029457,Michael Harris,2012,OL,<=24,,,no_claim,,0,0
00-0029492,Jamize Olawale,2012,RB,<=24,,,no_claim,,0,0
00-0029510,Jonathan Grimes,2012,RB,<=24,2.0,16.0,no_claim,,0,0
00-0029518,Nate Menkin,2012,OL,<=24,,,no_claim,,0,0
00-0029522,Cody White,2012,OL,25-27,,,no_claim,,0,0
00-0029524,Jeff Allen,2012,OL,<=24,,,no_claim,,0,0
00-0029527,Lamar Holmes,2012,OL,<=24,,,no_claim,,0,0
00-0029528,Bobby Massie,2012,OL,<=24,,,no_claim,,0,0
00-0029531,Ryan Lindley,2012,QB,<=24,6.0,16.0,no_claim,,0,0
00-0029540,Rich Ranglin,2012,OL,28-30,,,no_claim,,0,0
00-0029543,Donald Stephenson,2012,OL,<=24,,,no_claim,,0,0
00-0029546,Senio Kelemete,2012,OL,<=24,,,no_claim,,0,0
00-0029547,Vick Ballard,2012,RB,<=24,16.0,16.0,no_claim,,0,0
00-0029551,Nate Potter,2012,OL,25-27,,,no_claim,,0,0
00-0029561,Cordy Glenn,2012,OL,<=24,,,no_claim,,0,0
00-0029567,Nick Foles,2012,QB,<=24,7.0,16.0,no_claim,,0,0
00-0029588,Dan Herron,2012,RB,<=24,2.0,16.0,no_claim,,0,0
00-0029592,Kevin Zeitler,2012,OL,<=24,,,no_claim,,0,0
00-0029593,Jonathan Martin,2012,OL,<=24,,,no_claim,,0,0
00-0029604,Kirk Cousins,2012,QB,25-27,3.0,16.0,no_claim,,0,0
00-0029609,Philip Blake,2012,OL,25-27,,,no_claim,,0,0
00-0029612,Daryl Richardson,2012,RB,<=24,16.0,16.0,no_claim,,0,0
00-0029613,Doug Martin,2012,RB,<=24,16.0,16.0,no_claim,,0,0
00-0029615,Lamar Miller,2012,RB,<=24,9.0,16.0,no_claim,,0,0
00-0029616,Rokevious Watkins,2012,OL,<=24,,,no_claim,,0,0
00-0029619,Jorvorskie Lane,2012,RB,25-27,12.0,16.0,no_claim,,0,0
00-0029626,Isaiah Pead,2012,RB,<=24,8.0,16.0,no_claim,,0,0
00-0029665,Robert Griffin,2012,QB,<=24,15.0,16.0,no_claim,,0,0
00-0029666,Josh LeRibeus,2012,OL,<=24,,,no_claim,,0,0
00-0029668,Andrew Luck,2012,QB,<=24,16.0,16.0,no_claim,,0,0
00-0029672,Riley Reiff,2012,OL,<=24,,,no_claim,,0,0
00-0029675,Trent Richardson,2012,RB,<=24,15.0,16.0,no_claim,,0,0
00-0029677,Brandon Weeden,2012,QB,28-30,15.0,16.0,no_claim,,0,0
00-0029678,David DeCastro,2012,OL,<=24,,,no_claim,,0,0
00-0029679,Brandon Brooks,2012,OL,<=24,,,no_claim,,0,0
00-0029682,Brock Osweiler,2012,QB,<=24,5.0,16.0,no_claim,,0,0
00-0029683,Ronnie Hillman,2012,RB,<=24,14.0,16.0,no_claim,,0,0
00-0029685,Greg Van Roten,2012,OL,<=24,,,no_claim,,0,0
00-0029687,Matt Kalil,2012,OL,<=24,,,no_claim,,0,0
00-0029699,Tony Bergstrom,2012,OL,25-27,,,no_claim,,0,0
00-0029701,Ryan Tannehill,2012,QB,25-27,16.0,16.0,no_claim,,0,0
00-0007091,Matt Hasselbeck,2013,QB,31+,3.0,16.0,no_claim,,0,0
00-0009311,Jon Kitna,2013,QB,31+,,,no_claim,,0,0
00-0010346,Peyton Manning,2013,QB,31+,16.0,16.0,no_claim,,0,0
00-0018584,Brian Waters,2013,OL,31+,7.0,16.0,PTD,9.0,1,0
00-0018956,Brad Meester,2013,OL,31+,16.0,16.0,no_claim,,0,0
00-0019596,Tom Brady,2013,QB,31+,16.0,16.0,no_claim,,0,0
00-0020245,Michael Vick,2013,QB,31+,7.0,16.0,TTD,9.0,0,1
00-0020260,Roberto Garza,2013,OL,31+,16.0,16.0,no_claim,,0,0
00-0020445,Dominic Raiola,2013,OL,31+,16.0,16.0,no_claim,,0,0
00-0020531,Drew Brees,2013,QB,31+,16.0,16.0,no_claim,,0,0
00-0020679,Shaun Hill,2013,QB,31+,1.0,16.0,no_claim,,0,0
00-0021206,Josh McCown,2013,QB,31+,8.0,16.0,no_claim,,0,0
00-0021231,David Garrard,2013,QB,31+,,,no_claim,,0,0
00-0021267,Jonathan Goodwin,2013,OL,31+,19.0,16.0,no_claim,,0,0
00-0021383,Bryant McKinnie,2013,OL,31+,15.0,16.0,no_claim,,0,0
00-0021385,Andre Gurode,2013,OL,31+,8.0,16.0,PTD,8.0,1,0
00-0021429,Carson Palmer,2013,QB,31+,16.0,16.0,no_claim,,0,0
00-0021678,Tony Romo,2013,QB,31+,15.0,16.0,no_claim,,0,0
00-0021922,David Diehl,2013,OL,31+,11.0,16.0,excluded_sub_threshold,5.0,0,0
00-0022055,Seneca Wallace,2013,QB,31+,2.0,16.0,no_claim,,0,0
00-0022117,Jordan Gross,2013,OL,31+,17.0,16.0,no_claim,,0,0
00-0022121,Rex Grossman,2013,QB,31+,,,no_claim,,0,0
00-0022131,Wade Smith,2013,OL,31+,16.0,16.0,no_claim,,0,0
00-0022149,Tony Pashos,2013,OL,31+,12.0,16.0,excluded_sub_threshold,4.0,0,0
00-0022178,Willis McGahee,2013,RB,31+,11.0,16.0,excluded_sub_threshold,5.0,0,0
00-0022214,Travelle Wharton,2013,OL,31+,17.0,16.0,no_claim,,0,0
00-0022245,Tyson Clabo,2013,OL,31+,15.0,16.0,no_claim,,0,0
00-0022397,Vonta Leach,2013,RB,31+,13.0,16.0,no_claim,,0,0
00-0022531,Jason Peters,2013,OL,31+,17.0,16.0,no_claim,,0,0
00-0022736,Steven Jackson,2013,RB,31+,12.0,16.0,excluded_sub_threshold,4.0,0,0
00-0022785,Max Starks,2013,OL,31+,2.0,16.0,no_claim,,0,0
00-0022787,Matt Schaub,2013,QB,31+,10.0,16.0,PTD,6.0,1,0
00-0022803,Eli Manning,2013,QB,31+,16.0,16.0,no_claim,,0,0
00-0022804,Nick Hardwick,2013,OL,31+,18.0,16.0,no_claim,,0,0
00-0022832,Scott Wells,2013,OL,31+,12.0,16.0,excluded_sub_threshold,4.0,0,0
00-0022838,Chris Snee,2013,OL,31+,3.0,16.0,PTD,13.0,1,0
00-0022855,Sean Locklear,2013,OL,31+,,,no_claim,,0,0
00-0022864,Luke McCown,2013,QB,31+,3.0,16.0,no_claim,,0,0
00-0022897,Greg Jones,2013,RB,31+,10.0,16.0,no_claim,,0,0
00-0022924,Ben Roethlisberger,2013,QB,31+,16.0,16.0,no_claim,,0,0
00-0022942,Philip Rivers,2013,QB,31+,16.0,16.0,no_claim,,0,0
00-0022979,Dan Connolly,2013,OL,31+,18.0,16.0,no_claim,,0,0
00-0022999,John Kuhn,2013,RB,31+,12.0,16.0,excluded_sub_threshold,4.0,0,0
00-0023016,Erik Pears,2013,OL,31+,16.0,16.0,no_claim,,0,0
00-0023180,Harvey Dahl,2013,OL,31+,9.0,16.0,PTD,7.0,1,0
00-0023436,Alex Smith,2013,QB,28-30,15.0,16.0,no_claim,,0,0
00-0023437,Ronnie Brown,2013,RB,31+,12.0,16.0,no_claim,,0,0
00-0023459,Aaron Rodgers,2013,QB,28-30,9.0,16.0,TTD,7.0,0,1
00-0023460,Jason Campbell,2013,QB,31+,9.0,16.0,PTD,7.0,1,0
00-0023461,Chris Spencer,2013,OL,31+,3.0,16.0,no_claim,,0,0
00-0023467,Logan Mankins,2013,OL,31+,18.0,16.0,no_claim,,0,0
00-0023468,David Baas,2013,OL,31+,3.0,16.0,PTD,13.0,1,0
00-0023476,Michael Roos,2013,OL,31+,16.0,16.0,no_claim,,0,0
00-0023487,Khalif Barnes,2013,OL,31+,16.0,16.0,no_claim,,0,0
00-0023500,Frank Gore,2013,RB,31+,16.0,16.0,no_claim,,0,0
00-0023514,Evan Mathis,2013,OL,31+,17.0,16.0,no_claim,,0,0
00-0023516,Richie Incognito,2013,OL,31+,8.0,16.0,no_claim,,0,0
00-0023529,Adam Snyder,2013,OL,31+,19.0,16.0,no_claim,,0,0
00-0023541,Kyle Orton,2013,QB,31+,2.0,16.0,no_claim,,0,0
00-0023545,Brandon Jacobs,2013,RB,31+,7.0,16.0,PTD,9.0,1,0
00-0023548,David Stewart,2013,OL,31+,12.0,16.0,no_claim,,0,0
00-0023560,Todd Herremans,2013,OL,31+,17.0,16.0,no_claim,,0,0
00-0023563,Dylan Gandy,2013,OL,31+,10.0,16.0,no_claim,,0,0
00-0023564,Darren Sproles,2013,RB,31+,15.0,16.0,no_claim,,0,0
00-0023578,Dan Orlovsky,2013,QB,31+,,,no_claim,,0,0
00-0023602,Geoff Hangartner,2013,OL,31+,8.0,16.0,no_claim,,0,0
00-0023620,Will Svitek,2013,OL,31+,8.0,16.0,PTD,8.0,1,0
00-0023633,Chris Myers,2013,OL,31+,16.0,16.0,no_claim,,0,0
00-0023639,Joe Berger,2013,OL,31+,7.0,16.0,no_claim,,0,0
00-0023645,Derek Anderson,2013,QB,31+,3.0,16.0,no_claim,,0,0
00-0023662,Matt Cassel,2013,QB,31+,9.0,16.0,no_claim,,0,0
00-0023682,Ryan Fitzpatrick,2013,QB,31+,11.0,16.0,no_claim,,0,0
00-0023846,Mike Brisiel,2013,OL,31+,15.0,16.0,no_claim,,0,0
00-0023894,Donald Penn,2013,OL,31+,16.0,16.0,no_claim,,0,0
00-0023920,Dennis Roland,2013,OL,31+,3.0,16.0,no_claim,,0,0
00-0024103,Montell Owens,2013,RB,28-30,,,no_claim,,0,0
00-0024193,Willie Colon,2013,OL,31+,16.0,16.0,no_claim,,0,0
00-0024204,Fred Jackson,2013,RB,31+,16.0,16.0,no_claim,,0,0
00-0024217,Reggie Bush,2013,RB,28-30,14.0,16.0,no_claim,,0,0
00-0024219,D'Brickashaw Ferguson,2013,OL,28-30,16.0,16.0,no_claim,,0,0
00-0024226,Jay Cutler,2013,QB,31+,11.0,16.0,excluded_sub_threshold,5.0,0,0
00-0024238,Davin Joseph,2013,OL,28-30,16.0,16.0,no_claim,,0,0
00-0024242,DeAngelo Williams,2013,RB,31+,15.0,16.0,no_claim,,0,0
00-0024244,Nick Mangold,2013,OL,28-30,16.0,16.0,no_claim,,0,0
00-0024254,Winston Justice,2013,OL,28-30,2.0,16.0,no_claim,,0,0
00-0024262,Daryn Colledge,2013,OL,31+,16.0,16.0,no_claim,,0,0
00-0024264,Kellen Clemens,2013,QB,31+,10.0,16.0,no_claim,,0,0
00-0024270,Andrew Whitworth,2013,OL,31+,15.0,16.0,no_claim,,0,0
00-0024271,Chris Chester,2013,OL,31+,16.0,16.0,no_claim,,0,0
00-0024274,Jeremy Trueblood,2013,OL,31+,12.0,16.0,no_claim,,0,0
00-0024275,Maurice Jones-Drew,2013,RB,28-30,15.0,16.0,no_claim,,0,0
00-0024279,Tarvaris Jackson,2013,QB,31+,3.0,16.0,no_claim,,0,0
00-0024281,Eric Winston,2013,OL,28-30,16.0,16.0,no_claim,,0,0
00-0024284,Paul McQuistan,2013,OL,31+,18.0,16.0,no_claim,,0,0
00-0024290,Jason Spitz,2013,OL,31+,,,no_claim,,0,0
00-0024296,Charlie Whitehurst,2013,QB,31+,2.0,16.0,no_claim,,0,0
00-0024304,Rashad Butler,2013,OL,31+,3.0,16.0,no_claim,,0,0
00-0024315,Michael Robinson,2013,RB,31+,4.0,16.0,no_claim,,0,0
00-0024323,Jahri Evans,2013,OL,31+,16.0,16.0,no_claim,,0,0
00-0024332,Leon Washington,2013,RB,31+,1.0,16.0,TTD,15.0,0,1
00-0024332,Leon Washington,2013,RB,31+,1.0,16.0,TTD,15.0,0,1
00-0024343,Rob Sims,2013,OL,28-30,16.0,16.0,no_claim,,0,0
00-0024344,Guy Whimper,2013,OL,31+,7.0,16.0,no_claim,,0,0
00-0024355,Jonathan Scott,2013,OL,31+,,,no_claim,,0,0
00-0024375,Chris Kuper,2013,OL,31+,2.0,16.0,PTD,14.0,1,0
00-0024390,Kevin Boothe,2013,OL,31+,16.0,16.0,no_claim,,0,0
00-0024401,Jeromey Clary,2013,OL,28-30,16.0,16.0,no_claim,,0,0
00-0024408,Bruce Gradkowski,2013,QB,31+,,,no_claim,,0,0
00-0024413,Charlie Johnson,2013,OL,28-30,15.0,16.0,no_claim,,0,0
00-0024424,Zach Strief,2013,OL,28-30,17.0,16.0,no_claim,,0,0
00-0024425,Pat McQuistan,2013,OL,31+,,,no_claim,,0,0
00-0024448,Will Montgomery,2013,OL,31+,16.0,16.0,no_claim,,0,0
00-0024670,Kyle Cook,2013,OL,31+,17.0,16.0,no_claim,,0,0
00-0024813,Pierre Thomas,2013,RB,28-30,16.0,16.0,no_claim,,0,0
00-0025390,Joe Thomas,2013,OL,28-30,16.0,16.0,no_claim,,0,0
00-0025392,Levi Brown,2013,OL,28-30,4.0,16.0,no_claim,,0,0
00-0025394,Adrian Peterson,2013,RB,28-30,14.0,16.0,excluded_sub_threshold,2.0,0,0
00-0025399,Marshawn Lynch,2013,RB,28-30,16.0,16.0,no_claim,,0,0
00-0025409,Brady Quinn,2013,QB,28-30,,,no_claim,,0,0
00-0025415,Joe Staley,2013,OL,28-30,19.0,16.0,no_claim,,0,0
00-0025416,Ben Grubbs,2013,OL,28-30,18.0,16.0,no_claim,,0,0
00-0025426,Justin Blalock,2013,OL,28-30,16.0,16.0,no_claim,,0,0
00-0025430,Drew Stanton,2013,QB,28-30,,,no_claim,,0,0
00-0025439,Brian Leonard,2013,RB,28-30,16.0,16.0,no_claim,,0,0
00-0025446,Ryan Kalil,2013,OL,28-30,17.0,16.0,no_claim,,0,0
00-0025447,Samson Satele,2013,OL,28-30,15.0,16.0,no_claim,,0,0
00-0025457,Ryan Harris,2013,OL,28-30,15.0,16.0,no_claim,,0,0
00-0025473,Marshal Yanda,2013,OL,28-30,16.0,16.0,no_claim,,0,0
00-0025487,Michael Bush,2013,RB,28-30,14.0,16.0,no_claim,,0,0
00-0025502,Leroy Harris,2013,OL,28-30,0.0,16.0,no_claim,,0,0
00-0025504,Manuel Ramirez,2013,OL,31+,19.0,16.0,no_claim,,0,0
00-0025506,Allen Barbre,2013,OL,28-30,6.0,16.0,no_claim,,0,0
00-0025509,Doug Free,2013,OL,28-30,16.0,16.0,no_claim,,0,0
00-0025512,Jermon Bushrod,2013,OL,28-30,16.0,16.0,no_claim,,0,0
00-0025524,Le'Ron McClain,2013,RB,28-30,9.0,16.0,no_claim,,0,0
00-0025536,Uche Nwaneri,2013,OL,28-30,16.0,16.0,no_claim,,0,0
00-0025592,Jordan Palmer,2013,QB,28-30,,,no_claim,,0,0
00-0025596,Corey Hilliard,2013,OL,28-30,9.0,16.0,PTD,7.0,1,0
00-0025610,Mike Otto,2013,OL,31+,,,no_claim,,0,0
00-0025619,Steve Vallos,2013,OL,28-30,2.0,16.0,PTD,14.0,1,0
00-0025631,Jason Snelling,2013,RB,28-30,13.0,16.0,excluded_sub_threshold,3.0,0,0
00-0025637,Ahmad Bradshaw,2013,RB,28-30,3.0,16.0,TTD,13.0,0,1
00-0025682,Lyle Sendlein,2013,OL,28-30,16.0,16.0,no_claim,,0,0
00-0025701,Jackie Battle,2013,RB,28-30,8.0,16.0,no_claim,,0,0
00-0025708,Matt Moore,2013,QB,28-30,1.0,16.0,no_claim,,0,0
00-0025761,Robert Turner,2013,OL,28-30,6.0,16.0,no_claim,,0,0
00-0025820,Jake Long,2013,OL,28-30,15.0,16.0,no_claim,,0,0
00-0025826,Tyler Polumbus,2013,OL,28-30,16.0,16.0,no_claim,,0,0
00-0025829,Doug Legursky,2013,OL,28-30,12.0,16.0,excluded_sub_threshold,4.0,0,0
00-0025860,BenJarvus Green-Ellis,2013,RB,28-30,16.0,16.0,no_claim,,0,0
00-0025866,Ryan Wendell,2013,OL,28-30,18.0,16.0,no_claim,,0,0
00-0025900,Chris Clark,2013,OL,28-30,18.0,16.0,no_claim,,0,0
00-0025925,Fernando Velasco,2013,OL,28-30,11.0,16.0,no_claim,,0,0
00-0025951,Darius Reynaud,2013,RB,28-30,2.0,16.0,no_claim,,0,0
00-0025970,Caleb Hanie,2013,QB,28-30,,,no_claim,,0,0
00-0025980,Brian De La Puente,2013,OL,28-30,18.0,16.0,no_claim,,0,0
00-0026019,Danny Woodhead,2013,RB,28-30,16.0,16.0,no_claim,,0,0
00-0026069,Mike Tolbert,2013,RB,28-30,16.0,16.0,no_claim,,0,0
00-0026072,Jed Collins,2013,RB,28-30,14.0,16.0,no_claim,,0,0
00-0026143,Matt Ryan,2013,QB,28-30,16.0,16.0,no_claim,,0,0
00-0026144,Darren McFadden,2013,RB,25-27,10.0,16.0,TTD,6.0,0,1
00-0026152,Ryan Clady,2013,OL,25-27,2.0,16.0,no_claim,,0,0
00-0026153,Jonathan Stewart,2013,RB,25-27,6.0,16.0,TTD,10.0,0,1
00-0026154,Chris Williams,2013,OL,28-30,16.0,16.0,no_claim,,0,0
00-0026155,Branden Albert,2013,OL,28-30,13.0,16.0,excluded_sub_threshold,3.0,0,0
00-0026157,Gosder Cherilus,2013,OL,28-30,18.0,16.0,no_claim,,0,0
00-0026158,Joe Flacco,2013,QB,28-30,16.0,16.0,no_claim,,0,0
00-0026161,Sam Baker,2013,OL,28-30,4.0,16.0,PTD,12.0,1,0
00-0026162,Felix Jones,2013,RB,25-27,14.0,16.0,no_claim,,0,0
00-0026163,Rashard Mendenhall,2013,RB,25-27,15.0,16.0,no_claim,,0,0
00-0026164,Chris Johnson,2013,RB,28-30,16.0,16.0,no_claim,,0,0
00-0026166,Duane Brown,2013,OL,28-30,14.0,16.0,no_claim,,0,0
00-0026184,Matt Forte,2013,RB,28-30,16.0,16.0,no_claim,,0,0
00-0026195,Ray Rice,2013,RB,25-27,15.0,16.0,no_claim,,0,0
00-0026197,Chad Henne,2013,QB,28-30,15.0,16.0,no_claim,,0,0
00-0026199,Mike Pollak,2013,OL,28-30,8.0,16.0,TTD,8.0,0,1
00-0026205,John Greco,2013,OL,28-30,14.0,16.0,excluded_sub_threshold,2.0,0,0
00-0026213,Jamaal Charles,2013,RB,25-27,15.0,16.0,no_claim,,0,0
00-0026223,Jeremy Zuttah,2013,OL,28-30,16.0,16.0,no_claim,,0,0
00-0026236,Chad Rinehart,2013,OL,28-30,13.0,16.0,excluded_sub_threshold,3.0,0,0
00-0026239,Oniel Cousins,2013,OL,28-30,10.0,16.0,no_claim,,0,0
00-0026247,Cody Wallace,2013,OL,28-30,6.0,16.0,no_claim,,0,0
00-0026248,Kory Lichtensteiger,2013,OL,28-30,16.0,16.0,no_claim,,0,0
00-0026249,Mike McGlynn,2013,OL,28-30,17.0,16.0,no_claim,,0,0
00-0026252,Anthony Collins,2013,OL,28-30,14.0,16.0,no_claim,,0,0
00-0026262,Tashard Choice,2013,RB,28-30,13.0,16.0,no_claim,,0,0
00-0026275,Josh Sitton,2013,OL,28-30,17.0,16.0,no_claim,,0,0
00-0026286,Jerome Felton,2013,RB,28-30,6.0,16.0,no_claim,,0,0
00-0026290,Breno Giacomini,2013,OL,28-30,12.0,16.0,excluded_sub_threshold,4.0,0,0
00-0026300,Josh Johnson,2013,QB,28-30,2.0,16.0,no_claim,,0,0
00-0026304,Carl Nicks,2013,OL,28-30,2.0,16.0,PTD,14.0,1,0
00-0026310,Barry Richardson,2013,OL,28-30,0.0,16.0,no_claim,,0,0
00-0026323,Spencer Larsen,2013,RB,28-30,,,no_claim,,0,0
00-0026324,Mike Gibson,2013,OL,28-30,0.0,16.0,no_claim,,0,0
00-0026327,John Sullivan,2013,OL,28-30,16.0,16.0,no_claim,,0,0
00-0026335,Donald Thomas,2013,OL,28-30,2.0,16.0,no_claim,,0,0
00-0026349,Matt Flynn,2013,QB,28-30,7.0,16.0,no_claim,,0,0
00-0026351,Nate Garner,2013,OL,28-30,11.0,16.0,no_claim,,0,0
00-0026367,Peyton Hillis,2013,RB,28-30,7.0,16.0,PTD,9.0,1,0
00-0026367,Peyton Hillis,2013,RB,28-30,7.0,16.0,PTD,9.0,1,0
00-0026370,King Dunlap,2013,OL,28-30,13.0,16.0,excluded_sub_threshold,3.0,0,0
00-0026373,Justin Forsett,2013,RB,28-30,8.0,16.0,TTD,8.0,0,1
00-0026381,Geoff Schwartz,2013,OL,28-30,14.0,16.0,no_claim,,0,0
00-0026390,Mackenzy Bernadeau,2013,OL,28-30,12.0,16.0,no_claim,,0,0
00-0026393,Marcel Reece,2013,RB,28-30,16.0,16.0,no_claim,,0,0
00-0026408,Joe Reitz,2013,OL,28-30,10.0,16.0,TTD,6.0,0,1
00-0026498,Matthew Stafford,2013,QB,25-27,16.0,16.0,no_claim,,0,0
00-0026500,Matt Slauson,2013,OL,28-30,16.0,16.0,no_claim,,0,0
00-0026544,Chase Daniel,2013,QB,25-27,5.0,16.0,no_claim,,0,0
00-0026557,Will Ta'ufo'ou,2013,RB,28-30,9.0,16.0,no_claim,,0,0
00-0026561,Ramon Foster,2013,OL,28-30,15.0,16.0,no_claim,,0,0
00-0026566,Isaac Redman,2013,RB,28-30,2.0,16.0,no_claim,,0,0
00-0026574,Dallas Reynolds,2013,OL,28-30,3.0,16.0,no_claim,,0,0
00-0026577,Marcus Thigpen,2013,RB,28-30,10.0,16.0,no_claim,,0,0
00-0026579,Kahlil Bell,2013,RB,25-27,,,no_claim,,0,0
00-0026625,Brian Hoyer,2013,QB,28-30,3.0,16.0,TTD,13.0,0,1
00-0026644,Josh Vaughan,2013,RB,25-27,1.0,16.0,no_claim,,0,0
00-0026715,Garry Williams,2013,OL,28-30,1.0,16.0,no_claim,,0,0
00-0026762,Alex Boone,2013,OL,25-27,19.0,16.0,no_claim,,0,0
00-0026784,Evan Smith,2013,OL,28-30,17.0,16.0,no_claim,,0,0
00-0026796,Arian Foster,2013,RB,28-30,8.0,16.0,TTD,8.0,0,1
00-0026814,Demar Dotson,2013,OL,28-30,16.0,16.0,no_claim,,0,0
00-0026839,Jermey Parnell,2013,OL,28-30,11.0,16.0,no_claim,,0,0
00-0026852,Darrel Young,2013,RB,25-27,9.0,16.0,no_claim,,0,0
00-0026855,Antone Smith,2013,RB,28-30,4.0,16.0,TTD,12.0,0,1
00-0026898,Mark Sanchez,2013,QB,25-27,,,no_claim,,0,0
00-0026899,Shonn Greene,2013,RB,28-30,11.0,16.0,excluded_sub_threshold,5.0,0,0
00-0026909,Rich Ohrnberger,2013,OL,28-30,7.0,16.0,no_claim,,0,0
00-0026926,Frank Summers,2013,RB,28-30,8.0,16.0,no_claim,,0,0
00-0026929,Andrew Gardner,2013,OL,28-30,0.0,16.0,no_claim,,0,0
00-0026932,Cedric Peerman,2013,RB,25-27,2.0,16.0,no_claim,,0,0
00-0026941,Bernard Scott,2013,RB,28-30,2.0,16.0,no_claim,,0,0
00-0026943,Paul Fanaika,2013,OL,28-30,16.0,16.0,no_claim,,0,0
00-0026950,A.Q. Shipley,2013,OL,28-30,11.0,16.0,no_claim,,0,0
00-0026956,LaRod Stephens-Howling,2013,RB,25-27,1.0,16.0,no_claim,,0,0
00-0026982,Andre Smith,2013,OL,25-27,17.0,16.0,no_claim,,0,0
00-0026984,Eugene Monroe,2013,OL,25-27,15.0,16.0,no_claim,,0,0
00-0026988,Knowshon Moreno,2013,RB,25-27,16.0,16.0,no_claim,,0,0
00-0026993,Josh Freeman,2013,QB,25-27,4.0,16.0,PTD,12.0,1,0
00-0026993,Josh Freeman,2013,QB,25-27,4.0,16.0,PTD,12.0,1,0
00-0026997,Alex Mack,2013,OL,28-30,16.0,16.0,no_claim,,0,0
00-0026999,Michael Oher,2013,OL,28-30,16.0,16.0,no_claim,,0,0
00-0027003,Donald Brown,2013,RB,25-27,15.0,16.0,no_claim,,0,0
00-0027004,Eric Wood,2013,OL,28-30,16.0,16.0,no_claim,,0,0
00-0027015,Eben Britton,2013,OL,25-27,13.0,16.0,no_claim,,0,0
00-0027020,Pat White,2013,QB,28-30,,,no_claim,,0,0
00-0027025,Max Unger,2013,OL,28-30,16.0,16.0,no_claim,,0,0
00-0027027,Andy Levitre,2013,OL,28-30,16.0,16.0,no_claim,,0,0
00-0027029,LeSean McCoy,2013,RB,25-27,16.0,16.0,no_claim,,0,0
00-0027030,Phil Loadholt,2013,OL,28-30,15.0,16.0,no_claim,,0,0
00-0027034,Sebastian Vollmer,2013,OL,28-30,8.0,16.0,no_claim,,0,0
00-0027036,Will Beatty,2013,OL,28-30,16.0,16.0,no_claim,,0,0
00-0027052,Louis Vasquez,2013,OL,25-27,19.0,16.0,no_claim,,0,0
00-0027053,Kraig Urbik,2013,OL,28-30,16.0,16.0,no_claim,,0,0
00-0027078,T.J. Lang,2013,OL,25-27,17.0,16.0,no_claim,,0,0
00-0027080,Mike Goodson,2013,RB,25-27,2.0,16.0,no_claim,,0,0
00-0027093,Tony Fiammetta,2013,RB,28-30,4.0,16.0,no_claim,,0,0
00-0027094,Andre Brown,2013,RB,25-27,8.0,16.0,no_claim,,0,0
00-0027101,Colin Brown,2013,OL,28-30,6.0,16.0,no_claim,,0,0
00-0027106,Quinn Johnson,2013,RB,25-27,1.0,16.0,PTD,15.0,1,0
00-0027110,Garrett Reynolds,2013,OL,25-27,15.0,16.0,no_claim,,0,0
00-0027112,Jamon Meredith,2013,OL,28-30,12.0,16.0,no_claim,,0,0
00-0027134,Curtis Painter,2013,QB,28-30,3.0,16.0,no_claim,,0,0
00-0027140,Chris Ogbonnaya,2013,RB,28-30,16.0,16.0,no_claim,,0,0
00-0027155,Rashad Jennings,2013,RB,28-30,15.0,16.0,no_claim,,0,0
00-0027218,Joique Bell,2013,RB,28-30,16.0,16.0,no_claim,,0,0
00-0027253,Thad Lewis,2013,QB,25-27,5.0,16.0,PTD,11.0,1,0
00-0027264,Jim Cordle,2013,OL,25-27,10.0,16.0,no_claim,,0,0
00-0027297,Austin Howard,2013,OL,25-27,16.0,16.0,no_claim,,0,0
00-0027309,Lemuel Jeanpierre,2013,OL,25-27,13.0,16.0,no_claim,,0,0
00-0027325,LeGarrette Blount,2013,RB,25-27,16.0,16.0,no_claim,,0,0
00-0027333,Kevin Matthews,2013,OL,25-27,,,no_claim,,0,0
00-0027346,Alfonso Smith,2013,RB,25-27,8.0,16.0,no_claim,,0,0
00-0027417,Phil Costa,2013,OL,25-27,1.0,16.0,no_claim,,0,0
00-0027469,Jeff Linkenbach,2013,OL,25-27,10.0,16.0,TTD,6.0,0,1
00-0027485,Jeff Byers,2013,OL,28-30,5.0,16.0,no_claim,,0,0
00-0027531,Chris Ivory,2013,RB,25-27,15.0,16.0,no_claim,,0,0
00-0027607,Ted Larsen,2013,OL,25-27,8.0,16.0,no_claim,,0,0
00-0027609,J'Marcus Webb,2013,OL,25-27,5.0,16.0,no_claim,,0,0
00-0027648,Rodger Saffold,2013,OL,25-27,12.0,16.0,excluded_sub_threshold,4.0,0,0
00-0027658,Zane Beadles,2013,OL,25-27,19.0,16.0,no_claim,,0,0
00-0027667,Vladimir Ducasse,2013,OL,25-27,,,no_claim,,0,0
00-0027669,Charles Brown,2013,OL,25-27,15.0,16.0,no_claim,,0,0
00-0027673,Jon Asamoah,2013,OL,25-27,13.0,16.0,no_claim,,0,0
00-0027674,Jared Veldheer,2013,OL,25-27,5.0,16.0,TTD,11.0,0,1
00-0027678,John Jerry,2013,OL,28-30,16.0,16.0,no_claim,,0,0
00-0027683,J.D. Walton,2013,OL,25-27,,,no_claim,,0,0
00-0027688,Colt McCoy,2013,QB,25-27,3.0,16.0,no_claim,,0,0
00-0027694,Shawn Lauvao,2013,OL,25-27,11.0,16.0,excluded_sub_threshold,5.0,0,0
00-0027717,Joe Hawley,2013,OL,25-27,14.0,16.0,no_claim,,0,0
00-0027728,Jason Fox,2013,OL,25-27,8.0,16.0,TTD,8.0,0,1
00-0027729,Jacques McClendon,2013,OL,25-27,3.0,16.0,no_claim,,0,0
00-0027739,John Conner,2013,RB,25-27,4.0,16.0,no_claim,,0,0
00-0027750,Chris Scott,2013,OL,25-27,11.0,16.0,excluded_sub_threshold,5.0,0,0
00-0027754,John Skelton,2013,QB,25-27,,,no_claim,,0,0
00-0027768,Marshall Newhouse,2013,OL,25-27,10.0,16.0,no_claim,,0,0
00-0027772,Anthony Dixon,2013,RB,25-27,10.0,16.0,no_claim,,0,0
00-0027775,Rusty Smith,2013,QB,25-27,,,no_claim,,0,0
00-0027778,Sam Young,2013,OL,25-27,3.0,16.0,no_claim,,0,0
00-0027779,Deji Karim,2013,RB,25-27,2.0,16.0,no_claim,,0,0
00-0027781,Eric Olsen,2013,OL,25-27,,,no_claim,,0,0
00-0027785,Shelley Smith,2013,OL,25-27,10.0,16.0,no_claim,,0,0
00-0027786,Jonathan Dwyer,2013,RB,25-27,14.0,16.0,no_claim,,0,0
00-0027791,James Starks,2013,RB,28-30,13.0,16.0,excluded_sub_threshold,3.0,0,0
00-0027803,Thomas Welch,2013,OL,25-27,4.0,16.0,no_claim,,0,0
00-0027844,Erik Lorig,2013,RB,25-27,9.0,16.0,no_claim,,0,0
00-0027854,Sam Bradford,2013,QB,25-27,7.0,16.0,no_claim,,0,0
00-0027857,Trent Williams,2013,OL,25-27,16.0,16.0,no_claim,,0,0
00-0027859,Russell Okung,2013,OL,25-27,11.0,16.0,excluded_sub_threshold,5.0,0,0
00-0027861,C.J. Spiller,2013,RB,25-27,15.0,16.0,no_claim,,0,0
00-0027863,Anthony Davis,2013,OL,<=24,19.0,16.0,no_claim,,0,0
00-0027864,Ryan Mathews,2013,RB,25-27,16.0,16.0,no_claim,,0,0
00-0027869,Mike Iupati,2013,OL,25-27,15.0,16.0,no_claim,,0,0
00-0027870,Maurkice Pouncey,2013,OL,25-27,1.0,16.0,no_claim,,0,0
00-0027888,Toby Gerhart,2013,RB,25-27,12.0,16.0,excluded_sub_threshold,4.0,0,0
00-0027890,Ben Tate,2013,RB,25-27,14.0,16.0,no_claim,,0,0
00-0027905,Will Tukuafu,2013,RB,28-30,,,no_claim,,0,0
00-0027917,Tyler Clutts,2013,RB,28-30,2.0,16.0,no_claim,,0,0
00-0027925,James Develin,2013,RB,25-27,6.0,16.0,no_claim,,0,0
00-0027939,Cam Newton,2013,QB,25-27,16.0,16.0,no_claim,,0,0
00-0027946,Jake Locker,2013,QB,25-27,7.0,16.0,PTD,9.0,1,0
00-0027947,Tyron Smith,2013,OL,<=24,16.0,16.0,no_claim,,0,0
00-0027948,Blaine Gabbert,2013,QB,<=24,3.0,16.0,TTD,13.0,0,1
00-0027950,Christian Ponder,2013,QB,25-27,9.0,16.0,PTD,7.0,1,0
00-0027953,Mike Pouncey,2013,OL,25-27,14.0,16.0,excluded_sub_threshold,2.0,0,0
00-0027955,Nate Solder,2013,OL,25-27,17.0,16.0,no_claim,,0,0
00-0027960,Anthony Castonzo,2013,OL,25-27,18.0,16.0,no_claim,,0,0
00-0027961,Danny Watkins,2013,OL,28-30,1.0,16.0,no_claim,,0,0
00-0027963,James Carpenter,2013,OL,25-27,18.0,16.0,no_claim,,0,0
00-0027966,Mark Ingram,2013,RB,<=24,11.0,16.0,excluded_sub_threshold,5.0,0,0
00-0027967,Gabe Carimi,2013,OL,25-27,13.0,16.0,excluded_sub_threshold,3.0,0,0
00-0027970,Derek Sherrod,2013,OL,25-27,1.0,16.0,no_claim,,0,0
00-0027973,Andy Dalton,2013,QB,25-27,16.0,16.0,no_claim,,0,0
00-0027974,Colin Kaepernick,2013,QB,25-27,16.0,16.0,no_claim,,0,0
00-0027976,Ryan Williams,2013,RB,<=24,,,no_claim,,0,0
00-0027984,Orlando Franklin,2013,OL,25-27,18.0,16.0,no_claim,,0,0
00-0027986,Stefen Wisniewski,2013,OL,25-27,14.0,16.0,excluded_sub_threshold,2.0,0,0
00-0027987,Ben Ijalana,2013,OL,25-27,,,no_claim,,0,0
00-0027993,Rodney Hudson,2013,OL,25-27,16.0,16.0,no_claim,,0,0
00-0027994,Shane Vereen,2013,RB,25-27,8.0,16.0,no_claim,,0,0
00-0027995,Mikel Leshoure,2013,RB,<=24,1.0,16.0,no_claim,,0,0
00-0028000,Daniel Thomas,2013,RB,25-27,15.0,16.0,no_claim,,0,0
00-0028001,Marcus Gilbert,2013,OL,25-27,16.0,16.0,no_claim,,0,0
00-0028009,DeMarco Murray,2013,RB,25-27,14.0,16.0,excluded_sub_threshold,2.0,0,0
00-0028011,Stevan Ridley,2013,RB,25-27,14.0,16.0,excluded_sub_threshold,2.0,0,0
00-0028012,Ryan Mallett,2013,QB,25-27,,,no_claim,,0,0
00-0028013,John Moffitt,2013,OL,25-27,1.0,16.0,no_claim,,0,0
00-0028014,Will Rackley,2013,OL,<=24,11.0,16.0,excluded_sub_threshold,5.0,0,0
00-0028023,Jah Reid,2013,OL,25-27,5.0,16.0,no_claim,,0,0
00-0028030,Joe Barksdale,2013,OL,25-27,16.0,16.0,no_claim,,0,0
00-0028034,Alex Green,2013,RB,25-27,4.0,16.0,no_claim,,0,0
00-0028035,Sione Fua,2013,OL,25-27,0.0,16.0,no_claim,,0,0
00-0028039,Clint Boling,2013,OL,25-27,12.0,16.0,no_claim,,0,0
00-0028043,Roy Helu,2013,RB,25-27,16.0,16.0,no_claim,,0,0
00-0028048,David Arkin,2013,OL,25-27,1.0,16.0,no_claim,,0,0
00-0028053,Kendall Hunter,2013,RB,25-27,16.0,16.0,no_claim,,0,0
00-0028055,James Brewer,2013,OL,25-27,14.0,16.0,no_claim,,0,0
00-0028057,Delone Carter,2013,RB,25-27,,,no_claim,,0,0
00-0028062,Owen Marecic,2013,RB,25-27,,,no_claim,,0,0
00-0028064,Bilal Powell,2013,RB,25-27,16.0,16.0,no_claim,,0,0
00-0028073,Ricky Stanzi,2013,QB,25-27,,,no_claim,,0,0
00-0028074,Anthony Sherman,2013,RB,25-27,11.0,16.0,no_claim,,0,0
00-0028076,Marcus Cannon,2013,OL,25-27,15.0,16.0,no_claim,,0,0
00-0028083,Jacquizz Rodgers,2013,RB,<=24,15.0,16.0,no_claim,,0,0
00-0028088,Jason Pinkston,2013,OL,25-27,3.0,16.0,PTD,13.0,1,0
00-0028090,T.J. Yates,2013,QB,25-27,2.0,16.0,no_claim,,0,0
00-0028099,Julian Vandervelde,2013,OL,25-27,2.0,16.0,PTD,14.0,1,0
00-0028101,Daniel Kilgore,2013,OL,25-27,15.0,16.0,no_claim,,0,0
00-0028110,Brandon Fusco,2013,OL,25-27,15.0,16.0,no_claim,,0,0
00-0028113,Byron Stingily,2013,OL,25-27,2.0,16.0,no_claim,,0,0
00-0028115,Evan Royster,2013,RB,25-27,2.0,16.0,no_claim,,0,0
00-0028117,Caleb Schlauderaff,2013,OL,25-27,1.0,16.0,no_claim,,0,0
00-0028118,Tyrod Taylor,2013,QB,25-27,3.0,16.0,no_claim,,0,0
00-0028121,Jordan Todman,2013,RB,<=24,15.0,16.0,no_claim,,0,0
00-0028129,Jason Kelce,2013,OL,25-27,17.0,16.0,no_claim,,0,0
00-0028139,Stephen Schilling,2013,OL,25-27,4.0,16.0,no_claim,,0,0
00-0028149,Bruce Miller,2013,RB,25-27,13.0,16.0,no_claim,,0,0
00-0028152,Derek Newton,2013,OL,25-27,16.0,16.0,no_claim,,0,0
00-0028159,Da'Rel Scott,2013,RB,25-27,5.0,16.0,no_claim,,0,0
00-0028177,Mike Person,2013,OL,25-27,,,no_claim,,0,0
00-0028178,Stanley Havili,2013,RB,25-27,11.0,16.0,excluded_sub_threshold,5.0,0,0
00-0028198,Matt Asiata,2013,RB,25-27,2.0,16.0,TTD,14.0,0,1
00-0028201,Willie Smith,2013,OL,25-27,1.0,16.0,no_claim,,0,0
00-0028202,Shaun Draughn,2013,RB,25-27,1.0,16.0,no_claim,,0,0
00-0028240,Kenny Wiggins,2013,OL,25-27,,,no_claim,,0,0
00-0028253,Will Yeatman,2013,OL,25-27,2.0,16.0,PTD,14.0,1,0
00-0028274,Tim Barnes,2013,OL,25-27,5.0,16.0,no_claim,,0,0
00-0028401,Cameron Bradfield,2013,OL,25-27,14.0,16.0,no_claim,,0,0
00-0028453,Pat Devlin,2013,QB,25-27,,,no_claim,,0,0
00-0028492,Henry Hynoski,2013,RB,25-27,2.0,16.0,no_claim,,0,0
00-0028570,Taylor Boggs,2013,OL,25-27,0.0,16.0,no_claim,,0,0
00-0028581,Patrick DiMarco,2013,RB,25-27,9.0,16.0,no_claim,,0,0
00-0028595,Scott Tolzien,2013,QB,25-27,3.0,16.0,no_claim,,0,0
00-0028613,Phillip Tanner,2013,RB,25-27,5.0,16.0,no_claim,,0,0
00-0028656,Chad Spann,2013,RB,25-27,,,no_claim,,0,0
00-0028706,Armond Smith,2013,RB,28-30,2.0,16.0,no_claim,,0,0
00-0028738,Byron Bell,2013,OL,25-27,17.0,16.0,no_claim,,0,0
00-0028795,Chase Reynolds,2013,RB,25-27,,,no_claim,,0,0
00-0028825,Terrelle Pryor,2013,QB,25-27,11.0,16.0,no_claim,,0,0
00-0028841,Will Johnson,2013,RB,25-27,9.0,16.0,no_claim,,0,0
00-0028862,Bryce Harris,2013,OL,25-27,15.0,16.0,no_claim,,0,0
00-0028863,Dominique Davis,2013,QB,25-27,1.0,16.0,no_claim,,0,0
00-0028876,Collin Mooney,2013,RB,28-30,5.0,16.0,no_claim,,0,0
00-0028957,Austin Davis,2013,QB,25-27,,,no_claim,,0,0
00-0028986,Case Keenum,2013,QB,25-27,8.0,16.0,PTD,8.0,1,0
00-0029004,Lance Dunbar,2013,RB,<=24,7.0,16.0,TTD,9.0,0,1
00-0029005,Harland Gunn,2013,OL,25-27,3.0,16.0,no_claim,,0,0
00-0029010,Ronald Leary,2013,OL,25-27,16.0,16.0,no_claim,,0,0
00-0029048,Joe Banyard,2013,RB,25-27,1.0,16.0,no_claim,,0,0
00-0029052,Michael Brewster,2013,OL,25-27,,,no_claim,,0,0
00-0029058,Drew Nowak,2013,OL,<=24,1.0,16.0,no_claim,,0,0
00-0029066,Trevor Robinson,2013,OL,<=24,3.0,16.0,no_claim,,0,0
00-0029068,Derrick Coleman,2013,RB,<=24,6.0,16.0,PTD,10.0,1,0
00-0029076,Austin Pasztor,2013,OL,<=24,12.0,16.0,no_claim,,0,0
00-0029080,Darrion Weems,2013,OL,25-27,,,no_claim,,0,0
00-0029091,Bradley Sowell,2013,OL,25-27,14.0,16.0,no_claim,,0,0
00-0029127,Lucas Nix,2013,OL,<=24,14.0,16.0,no_claim,,0,0
00-0029135,Joe Long,2013,OL,25-27,,,no_claim,,0,0
00-0029139,Adam Gettis,2013,OL,25-27,2.0,16.0,no_claim,,0,0
00-0029140,Chris Rainey,2013,RB,25-27,1.0,16.0,no_claim,,0,0
00-0029141,Alfred Morris,2013,RB,25-27,16.0,16.0,no_claim,,0,0
00-0029144,Tom Compton,2013,OL,25-27,4.0,16.0,no_claim,,0,0
00-0029146,J.R. Sweezy,2013,OL,25-27,18.0,16.0,no_claim,,0,0
00-0029151,Matt Simms,2013,QB,25-27,3.0,16.0,no_claim,,0,0
00-0029164,Mike Remmers,2013,OL,25-27,1.0,16.0,TTD,15.0,0,1
00-0029166,David Snow,2013,OL,<=24,,,no_claim,,0,0
00-0029168,Brian Folkerts,2013,OL,<=24,3.0,16.0,no_claim,,0,0
00-0029187,Don Barclay,2013,OL,25-27,15.0,16.0,no_claim,,0,0
00-0029202,Mike Adams,2013,OL,<=24,14.0,16.0,no_claim,,0,0
00-0029205,Travaris Cadet,2013,RB,25-27,2.0,16.0,no_claim,,0,0
00-0029221,Rodney Austin,2013,OL,25-27,0.0,16.0,no_claim,,0,0
00-0029234,Kellen Moore,2013,QB,25-27,,,no_claim,,0,0
00-0029239,Brandon Bolden,2013,RB,<=24,10.0,16.0,no_claim,,0,0
00-0029251,David Wilson,2013,RB,<=24,5.0,16.0,PTD,11.0,1,0
00-0029253,Mitchell Schwartz,2013,OL,25-27,16.0,16.0,no_claim,,0,0
00-0029254,Amini Silatolu,2013,OL,25-27,3.0,16.0,no_claim,,0,0
00-0029259,Kelechi Osemele,2013,OL,25-27,7.0,16.0,TTD,9.0,0,1
00-0029260,LaMichael James,2013,RB,<=24,7.0,16.0,no_claim,,0,0
00-0029263,Russell Wilson,2013,QB,25-27,16.0,16.0,no_claim,,0,0
00-0029264,Bernard Pierce,2013,RB,<=24,16.0,16.0,no_claim,,0,0
00-0029268,Gino Gradkowski,2013,OL,25-27,16.0,16.0,no_claim,,0,0
00-0029273,Robert Turbin,2013,RB,<=24,15.0,16.0,no_claim,,0,0
00-0029276,Evan Rodriguez,2013,RB,25-27,1.0,16.0,no_claim,,0,0
00-0029278,Joe Looney,2013,OL,<=24,3.0,16.0,no_claim,,0,0
00-0029283,Brandon Mosley,2013,OL,25-27,5.0,16.0,PTD,11.0,1,0
00-0029288,Johnnie Troutman,2013,OL,25-27,14.0,16.0,no_claim,,0,0
00-0029296,Mark Asper,2013,OL,28-30,0.0,16.0,no_claim,,0,0
00-0029298,Cyrus Gray,2013,RB,<=24,8.0,16.0,no_claim,,0,0
00-0029302,Matt McCants,2013,OL,25-27,11.0,16.0,excluded_sub_threshold,5.0,0,0
00-0029315,Brad Smelley,2013,RB,25-27,,,no_claim,,0,0
00-0029316,Kelvin Beachum,2013,OL,25-27,15.0,16.0,no_claim,,0,0
00-0029317,Edwin Baker,2013,RB,<=24,3.0,16.0,no_claim,,0,0
00-0029332,James Brown,2013,OL,25-27,,,no_claim,,0,0
00-0029354,Rishaw Johnson,2013,OL,25-27,4.0,16.0,no_claim,,0,0
00-0029362,Stephen Goodin,2013,OL,25-27,1.0,16.0,no_claim,,0,0
00-0029379,Antoine McClain,2013,OL,<=24,,,no_claim,,0,0
00-0029384,Bobby Rainey,2013,RB,25-27,12.0,16.0,no_claim,,0,0
00-0029400,Nate Chandler,2013,OL,25-27,16.0,16.0,no_claim,,0,0
00-0029411,Peter Konz,2013,OL,<=24,16.0,16.0,no_claim,,0,0
00-0029413,Ben Jones,2013,OL,25-27,10.0,16.0,no_claim,,0,0
00-0029419,Dennis Kelly,2013,OL,<=24,,,no_claim,,0,0
00-0029420,Bradie Ewing,2013,RB,<=24,2.0,16.0,no_claim,,0,0
00-0029426,Brandon Washington,2013,OL,25-27,1.0,16.0,no_claim,,0,0
00-0029429,Bryce Brown,2013,RB,<=24,15.0,16.0,no_claim,,0,0
00-0029438,Chris Polk,2013,RB,<=24,6.0,16.0,no_claim,,0,0
00-0029441,Jeremy Stewart,2013,RB,25-27,3.0,16.0,PTD,13.0,1,0
00-0029457,Michael Harris,2013,OL,25-27,3.0,16.0,no_claim,,0,0
00-0029492,Jamize Olawale,2013,RB,25-27,6.0,16.0,no_claim,,0,0
00-0029510,Jonathan Grimes,2013,RB,<=24,2.0,16.0,no_claim,,0,0
00-0029522,Cody White,2013,OL,25-27,0.0,16.0,no_claim,,0,0
00-0029524,Jeff Allen,2013,OL,<=24,15.0,16.0,no_claim,,0,0
00-0029527,Lamar Holmes,2013,OL,25-27,16.0,16.0,no_claim,,0,0
00-0029528,Bobby Massie,2013,OL,25-27,8.0,16.0,no_claim,,0,0
00-0029531,Ryan Lindley,2013,QB,25-27,,,no_claim,,0,0
00-0029543,Donald Stephenson,2013,OL,25-27,14.0,16.0,no_claim,,0,0
00-0029547,Vick Ballard,2013,RB,<=24,1.0,16.0,PTD,15.0,1,0
00-0029551,Nate Potter,2013,OL,25-27,7.0,16.0,no_claim,,0,0
00-0029561,Cordy Glenn,2013,OL,<=24,16.0,16.0,no_claim,,0,0
00-0029567,Nick Foles,2013,QB,25-27,13.0,16.0,excluded_sub_threshold,3.0,0,0
00-0029588,Dan Herron,2013,RB,25-27,2.0,16.0,no_claim,,0,0
00-0029592,Kevin Zeitler,2013,OL,<=24,13.0,16.0,excluded_sub_threshold,3.0,0,0
00-0029593,Jonathan Martin,2013,OL,25-27,7.0,16.0,TTD,9.0,0,1
00-0029604,Kirk Cousins,2013,QB,25-27,5.0,16.0,no_claim,,0,0
00-0029612,Daryl Richardson,2013,RB,<=24,7.0,16.0,PTD,9.0,1,0
00-0029613,Doug Martin,2013,RB,25-27,6.0,16.0,TTD,10.0,0,1
00-0029615,Lamar Miller,2013,RB,<=24,16.0,16.0,no_claim,,0,0
00-0029616,Rokevious Watkins,2013,OL,25-27,3.0,16.0,no_claim,,0,0
00-0029623,Alex Tanney,2013,QB,25-27,,,no_claim,,0,0
00-0029626,Isaiah Pead,2013,RB,<=24,5.0,16.0,no_claim,,0,0
00-0029665,Robert Griffin,2013,QB,<=24,13.0,16.0,no_claim,,0,0
00-0029666,Josh LeRibeus,2013,OL,25-27,,,no_claim,,0,0
00-0029668,Andrew Luck,2013,QB,<=24,16.0,16.0,no_claim,,0,0
00-0029672,Riley Reiff,2013,OL,25-27,16.0,16.0,no_claim,,0,0
00-0029675,Trent Richardson,2013,RB,<=24,16.0,16.0,no_claim,,0,0
00-0029677,Brandon Weeden,2013,QB,28-30,8.0,16.0,PTD,8.0,1,0
00-0029678,David DeCastro,2013,OL,<=24,15.0,16.0,no_claim,,0,0
00-0029679,Brandon Brooks,2013,OL,25-27,15.0,16.0,no_claim,,0,0
00-0029682,Brock Osweiler,2013,QB,<=24,2.0,16.0,no_claim,,0,0
00-0029683,Ronnie Hillman,2013,RB,<=24,9.0,16.0,no_claim,,0,0
00-0029685,Greg Van Roten,2013,OL,<=24,0.0,16.0,PTD,16.0,1,0
00-0029687,Matt Kalil,2013,OL,25-27,16.0,16.0,no_claim,,0,0
00-0029701,Ryan Tannehill,2013,QB,25-27,16.0,16.0,no_claim,,0,0
00-0029722,Jeff Demps,2013,RB,<=24,2.0,16.0,PTD,14.0,1,0
00-0029731,Fozzy Whittaker,2013,RB,25-27,9.0,16.0,no_claim,,0,0
00-0029756,Lamar Mady,2013,OL,<=24,4.0,16.0,no_claim,,0,0
00-0029779,Terren Jones,2013,OL,<=24,,,no_claim,,0,0
00-0029786,Ryan Schraeder,2013,OL,25-27,9.0,16.0,no_claim,,0,0
00-0029791,Ronnie Wingo,2013,RB,<=24,1.0,16.0,no_claim,,0,0
00-0029795,Benny Cunningham,2013,RB,<=24,13.0,16.0,excluded_sub_threshold,3.0,0,0
00-0029840,Caylin Hauptmann,2013,OL,<=24,,,no_claim,,0,0
00-0029847,Martin Wallace,2013,OL,<=24,0.0,16.0,no_claim,,0,0
00-0029854,C.J. Anderson,2013,RB,<=24,2.0,16.0,TTD,14.0,0,1
00-0029857,Ryan Griffin,2013,QB,<=24,,,no_claim,,0,0
00-0029867,Xavier Nixon,2013,OL,<=24,5.0,16.0,no_claim,,0,0
00-0029886,LaAdrian Waddle,2013,OL,<=24,9.0,16.0,TTD,7.0,0,1
00-0029889,Patrick Omameh,2013,OL,<=24,,,no_claim,,0,0
00-0029892,Kyle Juszczyk,2013,RB,<=24,1.0,16.0,no_claim,,0,0
00-0029893,Rick Wagner,2013,OL,<=24,14.0,16.0,no_claim,,0,0
00-0029895,Ryan Jensen,2013,OL,<=24,,,no_claim,,0,0
00-0029931,Zach Line,2013,RB,<=24,3.0,16.0,no_claim,,0,0
00-0029953,Lonnie Pryor,2013,RB,<=24,,,no_claim,,0,0
00-0029965,Chris Barker,2013,OL,<=24,0.0,16.0,no_claim,,0,0
00-0029967,Sam Brenner,2013,OL,<=24,7.0,16.0,no_claim,,0,0
00-0029992,Josh Kline,2013,OL,<=24,5.0,16.0,no_claim,,0,0
00-0030021,Joe Unga,2013,OL,25-27,,,no_claim,,0,0
00-0030024,Jeff Tuel,2013,QB,<=24,2.0,16.0,no_claim,,0,0
00-0030046,Jordan Mills,2013,OL,<=24,16.0,16.0,no_claim,,0,0
00-0030065,Larry Warford,2013,OL,<=24,16.0,16.0,no_claim,,0,0
00-0030066,Brian Winters,2013,OL,<=24,13.0,16.0,no_claim,,0,0
00-0030067,Terron Armstead,2013,OL,<=24,4.0,16.0,no_claim,,0,0
00-0030071,Hugh Thornton,2013,OL,<=24,16.0,16.0,no_claim,,0,0
00-0030074,David Bakhtiari,2013,OL,<=24,17.0,16.0,no_claim,,0,0
00-0030075,Khaled Holmes,2013,OL,<=24,2.0,16.0,no_claim,,0,0
00-0030076,JC Tretter,2013,OL,<=24,,,no_claim,,0,0
00-0030078,Johnathan Franklin,2013,RB,<=24,4.0,16.0,PTD,12.0,1,0
00-0030083,Oday Aboushi,2013,OL,<=24,,,no_claim,,0,0
00-0030094,Eric Kush,2013,OL,<=24,2.0,16.0,no_claim,,0,0
00-0030096,Vinston Painter,2013,OL,<=24,,,no_claim,,0,0
00-0030097,David Quessenberry,2013,OL,<=24,,,no_claim,,0,0
00-0030099,William Campbell,2013,OL,<=24,,,no_claim,,0,0
00-0030107,Theo Riddick,2013,RB,<=24,9.0,16.0,TTD,7.0,0,1
00-0030112,Tommy Bohanon,2013,RB,<=24,11.0,16.0,no_claim,,0,0
00-0030115,Ryan Seymour,2013,OL,<=24,,,no_claim,,0,0
00-0030122,Reid Fragel,2013,OL,<=24,,,no_claim,,0,0
00-0030128,Michael Cox,2013,RB,25-27,3.0,16.0,no_claim,,0,0
00-0030134,Michael Ford,2013,RB,<=24,,,no_claim,,0,0
00-0030149,Matt Tobin,2013,OL,<=24,0.0,16.0,no_claim,,0,0
00-0030150,Matthew Tucker,2013,RB,<=24,,,no_claim,,0,0
00-0030151,Tyler Bray,2013,QB,<=24,,,no_claim,,0,0
00-0030207,Alvin Bailey,2013,OL,<=24,11.0,16.0,no_claim,,0,0
00-0030217,Tim Lelito,2013,OL,25-27,7.0,16.0,no_claim,,0,0
00-0030233,Ray Graham,2013,RB,<=24,1.0,16.0,no_claim,,0,0
00-0030236,Dennis Johnson,2013,RB,<=24,8.0,16.0,no_claim,,0,0
00-0030238,Alex Kupper,2013,OL,<=24,,,no_claim,,0,0
00-0030248,Cierre Wood,2013,RB,<=24,2.0,16.0,no_claim,,0,0
00-0030268,Patrick Lewis,2013,OL,<=24,,,no_claim,,0,0
00-0030273,Lane Taylor,2013,OL,<=24,3.0,16.0,no_claim,,0,0
00-0030280,Knile Davis,2013,RB,<=24,14.0,16.0,no_claim,,0,0
00-0030282,Stepfan Taylor,2013,RB,<=24,11.0,16.0,no_claim,,0,0
00-0030287,Andre Ellington,2013,RB,25-27,15.0,16.0,no_claim,,0,0
00-0030288,Rex Burkhead,2013,RB,<=24,,,no_claim,,0,0
00-0030292,Brad Sorensen,2013,QB,25-27,,,no_claim,,0,0
00-0030320,Michael Hill,2013,RB,25-27,3.0,16.0,no_claim,,0,0
00-0030348,Khiry Robinson,2013,RB,<=24,10.0,16.0,no_claim,,0,0
00-0030388,Joseph Randle,2013,RB,<=24,5.0,16.0,no_claim,,0,0
00-0030389,Tanner Hawkinson,2013,OL,<=24,1.0,16.0,no_claim,,0,0
00-0030391,Mike James,2013,RB,<=24,7.0,16.0,no_claim,,0,0
00-0030394,Zac Dysert,2013,QB,<=24,,,no_claim,,0,0
00-0030404,Chris Thompson,2013,RB,<=24,,,no_claim,,0,0
00-0030406,Jeff Baca,2013,OL,<=24,2.0,16.0,no_claim,,0,0
00-0030408,Travis Bond,2013,OL,<=24,1.0,16.0,no_claim,,0,0
00-0030414,Spencer Ware,2013,RB,<=24,1.0,16.0,TTD,15.0,0,1
00-0030415,Jawan Jamison,2013,RB,<=24,,,no_claim,,0,0
00-0030419,Matthew McGloin,2013,QB,<=24,7.0,16.0,no_claim,,0,0
00-0030429,Toben Opurum,2013,RB,<=24,,,no_claim,,0,0
00-0030432,Christine Michael,2013,RB,<=24,3.0,16.0,no_claim,,0,0
00-0030433,Mike Gillislee,2013,RB,<=24,1.0,16.0,no_claim,,0,0
00-0030441,Kyle Long,2013,OL,25-27,16.0,16.0,no_claim,,0,0
00-0030452,Eric Herman,2013,OL,<=24,,,no_claim,,0,0
00-0030456,Giovani Bernard,2013,RB,<=24,16.0,16.0,no_claim,,0,0
00-0030465,Kenjon Barner,2013,RB,25-27,3.0,16.0,PTD,13.0,1,0
00-0030476,Garrett Gilkey,2013,OL,<=24,3.0,16.0,no_claim,,0,0
00-0030485,Eddie Lacy,2013,RB,<=24,15.0,16.0,no_claim,,0,0
00-0030486,Brian Schwenke,2013,OL,<=24,9.0,16.0,TTD,7.0,0,1
00-0030490,Michael Bowie,2013,OL,<=24,10.0,16.0,PTD,6.0,1,0
00-0030496,Le'Veon Bell,2013,RB,<=24,13.0,16.0,excluded_sub_threshold,3.0,0,0
00-0030504,Earl Watford,2013,OL,<=24,,,no_claim,,0,0
00-0030505,D.J. Fluker,2013,OL,<=24,17.0,16.0,no_claim,,0,0
00-0030520,Mike Glennon,2013,QB,<=24,13.0,16.0,no_claim,,0,0
00-0030522,Montee Ball,2013,RB,<=24,15.0,16.0,no_claim,,0,0
00-0030524,Landry Jones,2013,QB,25-27,,,no_claim,,0,0
00-0030526,EJ Manuel,2013,QB,<=24,10.0,16.0,PTD,6.0,1,0
00-0030531,Dallas Thomas,2013,OL,<=24,2.0,16.0,no_claim,,0,0
00-0030533,Matt Barkley,2013,QB,<=24,3.0,16.0,no_claim,,0,0
00-0030534,Barrett Jones,2013,OL,<=24,0.0,16.0,no_claim,,0,0
00-0030536,Zac Stacy,2013,RB,<=24,13.0,16.0,no_claim,,0,0
00-0030545,Luke Joeckel,2013,OL,<=24,5.0,16.0,no_claim,,0,0
00-0030546,Travis Frederick,2013,OL,<=24,16.0,16.0,no_claim,,0,0
00-0030561,Lane Johnson,2013,OL,<=24,17.0,16.0,no_claim,,0,0
00-0030565,Geno Smith,2013,QB,<=24,16.0,16.0,no_claim,,0,0
00-0030568,Tyler Wilson,2013,QB,25-27,,,no_claim,,0,0
00-0030579,Menelik Watson,2013,OL,25-27,5.0,16.0,TTD,11.0,0,1
00-0030584,Eric Fisher,2013,OL,<=24,14.0,16.0,excluded_sub_threshold,2.0,0,0
00-0030585,Justin Pugh,2013,OL,<=24,16.0,16.0,no_claim,,0,0
00-0030586,Ryan Nassib,2013,QB,<=24,,,no_claim,,0,0
00-0030593,Chance Warmack,2013,OL,<=24,16.0,16.0,no_claim,,0,0
00-0007091,Matt Hasselbeck,2014,QB,31+,4.0,16.0,no_claim,,0,0
00-0010346,Peyton Manning,2014,QB,31+,16.0,16.0,no_claim,,0,0
00-0019596,Tom Brady,2014,QB,31+,16.0,16.0,no_claim,,0,0
00-0020245,Michael Vick,2014,QB,31+,9.0,16.0,no_claim,,0,0
00-0020260,Roberto Garza,2014,OL,31+,12.0,16.0,excluded_sub_threshold,4.0,0,0
00-0020445,Dominic Raiola,2014,OL,31+,16.0,16.0,no_claim,,0,0
00-0020531,Drew Brees,2014,QB,31+,16.0,16.0,no_claim,,0,0
00-0020679,Shaun Hill,2014,QB,31+,8.0,16.0,no_claim,,0,0
00-0021206,Josh McCown,2014,QB,31+,11.0,16.0,excluded_sub_threshold,5.0,0,0
00-0021267,Jonathan Goodwin,2014,OL,31+,14.0,16.0,excluded_sub_threshold,2.0,0,0
00-0021429,Carson Palmer,2014,QB,31+,6.0,16.0,TTD,10.0,0,1
00-0021678,Tony Romo,2014,QB,31+,15.0,16.0,no_claim,,0,0
00-0022131,Wade Smith,2014,OL,31+,1.0,16.0,no_claim,,0,0
00-0022245,Tyson Clabo,2014,OL,31+,7.0,16.0,no_claim,,0,0
00-0022531,Jason Peters,2014,OL,31+,16.0,16.0,no_claim,,0,0
00-0022736,Steven Jackson,2014,RB,31+,15.0,16.0,no_claim,,0,0
00-0022787,Matt Schaub,2014,QB,31+,2.0,16.0,PTD,14.0,1,0
00-0022803,Eli Manning,2014,QB,31+,16.0,16.0,no_claim,,0,0
00-0022804,Nick Hardwick,2014,OL,31+,1.0,16.0,no_claim,,0,0
00-0022832,Scott Wells,2014,OL,31+,16.0,16.0,no_claim,,0,0
00-0022864,Luke McCown,2014,QB,31+,,,no_claim,,0,0
00-0022924,Ben Roethlisberger,2014,QB,31+,16.0,16.0,no_claim,,0,0
00-0022942,Philip Rivers,2014,QB,31+,16.0,16.0,no_claim,,0,0
00-0022979,Dan Connolly,2014,OL,31+,16.0,16.0,no_claim,,0,0
00-0022999,John Kuhn,2014,RB,31+,11.0,16.0,no_claim,,0,0
00-0023016,Erik Pears,2014,OL,31+,16.0,16.0,no_claim,,0,0
00-0023436,Alex Smith,2014,QB,31+,15.0,16.0,no_claim,,0,0
00-0023437,Ronnie Brown,2014,RB,31+,8.0,16.0,no_claim,,0,0
00-0023459,Aaron Rodgers,2014,QB,31+,16.0,16.0,no_claim,,0,0
00-0023460,Jason Campbell,2014,QB,31+,4.0,16.0,no_claim,,0,0
00-0023461,Chris Spencer,2014,OL,31+,9.0,16.0,no_claim,,0,0
00-0023467,Logan Mankins,2014,OL,31+,16.0,16.0,no_claim,,0,0
00-0023476,Michael Roos,2014,OL,31+,5.0,16.0,PTD,11.0,1,0
00-0023487,Khalif Barnes,2014,OL,31+,14.0,16.0,excluded_sub_threshold,2.0,0,0
00-0023500,Frank Gore,2014,RB,31+,16.0,16.0,no_claim,,0,0
00-0023514,Evan Mathis,2014,OL,31+,9.0,16.0,no_claim,,0,0
00-0023529,Adam Snyder,2014,OL,31+,3.0,16.0,PTD,13.0,1,0
00-0023541,Kyle Orton,2014,QB,31+,12.0,16.0,no_claim,,0,0
00-0023560,Todd Herremans,2014,OL,31+,8.0,16.0,no_claim,,0,0
00-0023564,Darren Sproles,2014,RB,31+,15.0,16.0,no_claim,,0,0
00-0023578,Dan Orlovsky,2014,QB,31+,,,no_claim,,0,0
00-0023620,Will Svitek,2014,OL,31+,3.0,16.0,no_claim,,0,0
00-0023633,Chris Myers,2014,OL,31+,16.0,16.0,no_claim,,0,0
00-0023639,Joe Berger,2014,OL,31+,12.0,16.0,no_claim,,0,0
00-0023645,Derek Anderson,2014,QB,31+,5.0,16.0,no_claim,,0,0
00-0023662,Matt Cassel,2014,QB,31+,3.0,16.0,no_claim,,0,0
00-0023682,Ryan Fitzpatrick,2014,QB,31+,12.0,16.0,no_claim,,0,0
00-0023894,Donald Penn,2014,OL,31+,16.0,16.0,no_claim,,0,0
00-0024103,Montell Owens,2014,RB,31+,,,no_claim,,0,0
00-0024193,Willie Colon,2014,OL,31+,16.0,16.0,no_claim,,0,0
00-0024204,Fred Jackson,2014,RB,31+,14.0,16.0,excluded_sub_threshold,2.0,0,0
00-0024217,Reggie Bush,2014,RB,28-30,11.0,16.0,excluded_sub_threshold,5.0,0,0
00-0024219,D'Brickashaw Ferguson,2014,OL,31+,16.0,16.0,no_claim,,0,0
00-0024226,Jay Cutler,2014,QB,31+,15.0,16.0,no_claim,,0,0
00-0024238,Davin Joseph,2014,OL,31+,16.0,16.0,no_claim,,0,0
00-0024242,DeAngelo Williams,2014,RB,31+,6.0,16.0,TTD,10.0,0,1
00-0024244,Nick Mangold,2014,OL,31+,15.0,16.0,no_claim,,0,0
00-0024262,Daryn Colledge,2014,OL,31+,13.0,16.0,excluded_sub_threshold,3.0,0,0
00-0024264,Kellen Clemens,2014,QB,31+,1.0,16.0,no_claim,,0,0
00-0024270,Andrew Whitworth,2014,OL,31+,17.0,16.0,no_claim,,0,0
00-0024271,Chris Chester,2014,OL,31+,16.0,16.0,no_claim,,0,0
00-0024275,Maurice Jones-Drew,2014,RB,28-30,11.0,16.0,no_claim,,0,0
00-0024279,Tarvaris Jackson,2014,QB,31+,1.0,16.0,no_claim,,0,0
00-0024281,Eric Winston,2014,OL,31+,5.0,16.0,no_claim,,0,0
00-0024284,Paul McQuistan,2014,OL,31+,4.0,16.0,PTD,12.0,1,0
00-0024296,Charlie Whitehurst,2014,QB,31+,7.0,16.0,no_claim,,0,0
00-0024323,Jahri Evans,2014,OL,31+,16.0,16.0,no_claim,,0,0
00-0024332,Leon Washington,2014,RB,31+,11.0,16.0,no_claim,,0,0
00-0024343,Rob Sims,2014,OL,31+,17.0,16.0,no_claim,,0,0
00-0024355,Jonathan Scott,2014,OL,31+,1.0,16.0,PTD,15.0,1,0
00-0024390,Kevin Boothe,2014,OL,31+,1.0,16.0,no_claim,,0,0
00-0024408,Bruce Gradkowski,2014,QB,31+,1.0,16.0,no_claim,,0,0
00-0024413,Charlie Johnson,2014,OL,31+,14.0,16.0,excluded_sub_threshold,2.0,0,0
00-0024424,Zach Strief,2014,OL,31+,16.0,16.0,no_claim,,0,0
00-0024448,Will Montgomery,2014,OL,31+,11.0,16.0,no_claim,,0,0
00-0024813,Pierre Thomas,2014,RB,28-30,11.0,16.0,excluded_sub_threshold,5.0,0,0
00-0025390,Joe Thomas,2014,OL,28-30,16.0,16.0,no_claim,,0,0
00-0025394,Adrian Peterson,2014,RB,28-30,1.0,16.0,no_claim,,0,0
00-0025399,Marshawn Lynch,2014,RB,28-30,16.0,16.0,no_claim,,0,0
00-0025415,Joe Staley,2014,OL,31+,16.0,16.0,no_claim,,0,0
00-0025416,Ben Grubbs,2014,OL,31+,16.0,16.0,no_claim,,0,0
00-0025426,Justin Blalock,2014,OL,31+,15.0,16.0,no_claim,,0,0
00-0025430,Drew Stanton,2014,QB,31+,9.0,16.0,PTD,7.0,1,0
00-0025439,Brian Leonard,2014,RB,31+,1.0,16.0,no_claim,,0,0
00-0025446,Ryan Kalil,2014,OL,28-30,18.0,16.0,no_claim,,0,0
00-0025447,Samson Satele,2014,OL,28-30,16.0,16.0,no_claim,,0,0
00-0025457,Ryan Harris,2014,OL,28-30,16.0,16.0,no_claim,,0,0
00-0025473,Marshal Yanda,2014,OL,28-30,18.0,16.0,no_claim,,0,0
00-0025487,Michael Bush,2014,RB,31+,,,no_claim,,0,0
00-0025504,Manuel Ramirez,2014,OL,31+,17.0,16.0,no_claim,,0,0
00-0025506,Allen Barbre,2014,OL,31+,1.0,16.0,no_claim,,0,0
00-0025509,Doug Free,2014,OL,31+,11.0,16.0,excluded_sub_threshold,5.0,0,0
00-0025512,Jermon Bushrod,2014,OL,31+,14.0,16.0,excluded_sub_threshold,2.0,0,0
00-0025592,Jordan Palmer,2014,QB,31+,1.0,16.0,no_claim,,0,0
00-0025596,Corey Hilliard,2014,OL,28-30,1.0,16.0,no_claim,,0,0
00-0025604,Tyler Thigpen,2014,QB,31+,,,no_claim,,0,0
00-0025637,Ahmad Bradshaw,2014,RB,28-30,10.0,16.0,no_claim,,0,0
00-0025682,Lyle Sendlein,2014,OL,31+,17.0,16.0,no_claim,,0,0
00-0025708,Matt Moore,2014,QB,31+,2.0,16.0,no_claim,,0,0
00-0025820,Jake Long,2014,OL,28-30,7.0,16.0,no_claim,,0,0
00-0025826,Tyler Polumbus,2014,OL,28-30,11.0,16.0,no_claim,,0,0
00-0025829,Doug Legursky,2014,OL,28-30,2.0,16.0,no_claim,,0,0
00-0025866,Ryan Wendell,2014,OL,28-30,17.0,16.0,no_claim,,0,0
00-0025900,Chris Clark,2014,OL,28-30,13.0,16.0,no_claim,,0,0
00-0025925,Fernando Velasco,2014,OL,28-30,9.0,16.0,no_claim,,0,0
00-0025980,Brian De La Puente,2014,OL,28-30,8.0,16.0,PTD,8.0,1,0
00-0026019,Danny Woodhead,2014,RB,28-30,3.0,16.0,no_claim,,0,0
00-0026069,Mike Tolbert,2014,RB,28-30,8.0,16.0,no_claim,,0,0
00-0026072,Jed Collins,2014,RB,28-30,8.0,16.0,no_claim,,0,0
00-0026143,Matt Ryan,2014,QB,28-30,16.0,16.0,no_claim,,0,0
00-0026144,Darren McFadden,2014,RB,28-30,16.0,16.0,no_claim,,0,0
00-0026152,Ryan Clady,2014,OL,28-30,17.0,16.0,no_claim,,0,0
00-0026153,Jonathan Stewart,2014,RB,28-30,13.0,16.0,excluded_sub_threshold,3.0,0,0
00-0026154,Chris Williams,2014,OL,28-30,3.0,16.0,PTD,13.0,1,0
00-0026155,Branden Albert,2014,OL,28-30,9.0,16.0,no_claim,,0,0
00-0026157,Gosder Cherilus,2014,OL,31+,13.0,16.0,excluded_sub_threshold,3.0,0,0
00-0026158,Joe Flacco,2014,QB,28-30,16.0,16.0,no_claim,,0,0
00-0026164,Chris Johnson,2014,RB,28-30,16.0,16.0,no_claim,,0,0
00-0026166,Duane Brown,2014,OL,28-30,16.0,16.0,no_claim,,0,0
00-0026184,Matt Forte,2014,RB,28-30,16.0,16.0,no_claim,,0,0
00-0026197,Chad Henne,2014,QB,28-30,3.0,16.0,no_claim,,0,0
00-0026199,Mike Pollak,2014,OL,28-30,13.0,16.0,no_claim,,0,0
00-0026205,John Greco,2014,OL,28-30,16.0,16.0,no_claim,,0,0
00-0026213,Jamaal Charles,2014,RB,28-30,15.0,16.0,no_claim,,0,0
00-0026223,Jeremy Zuttah,2014,OL,28-30,18.0,16.0,no_claim,,0,0
00-0026236,Chad Rinehart,2014,OL,28-30,16.0,16.0,no_claim,,0,0
00-0026239,Oniel Cousins,2014,OL,31+,7.0,16.0,no_claim,,0,0
00-0026247,Cody Wallace,2014,OL,28-30,5.0,16.0,no_claim,,0,0
00-0026248,Kory Lichtensteiger,2014,OL,28-30,16.0,16.0,no_claim,,0,0
00-0026249,Mike McGlynn,2014,OL,28-30,14.0,16.0,no_claim,,0,0
00-0026252,Anthony Collins,2014,OL,28-30,10.0,16.0,PTD,6.0,1,0
00-0026270,Tony Hills,2014,OL,28-30,4.0,16.0,no_claim,,0,0
00-0026275,Josh Sitton,2014,OL,28-30,18.0,16.0,no_claim,,0,0
00-0026286,Jerome Felton,2014,RB,28-30,5.0,16.0,no_claim,,0,0
00-0026290,Breno Giacomini,2014,OL,28-30,16.0,16.0,no_claim,,0,0
00-0026300,Josh Johnson,2014,QB,28-30,,,no_claim,,0,0
00-0026316,Jalen Parmele,2014,RB,28-30,1.0,16.0,no_claim,,0,0
00-0026327,John Sullivan,2014,OL,28-30,16.0,16.0,no_claim,,0,0
00-0026349,Matt Flynn,2014,QB,28-30,7.0,16.0,no_claim,,0,0
00-0026351,Nate Garner,2014,OL,28-30,5.0,16.0,PTD,11.0,1,0
00-0026367,Peyton Hillis,2014,RB,28-30,6.0,16.0,PTD,10.0,1,0
00-0026370,King Dunlap,2014,OL,28-30,16.0,16.0,no_claim,,0,0
00-0026373,Justin Forsett,2014,RB,28-30,16.0,16.0,no_claim,,0,0
00-0026381,Geoff Schwartz,2014,OL,28-30,2.0,16.0,no_claim,,0,0
00-0026390,Mackenzy Bernadeau,2014,OL,28-30,3.0,16.0,no_claim,,0,0
00-0026393,Marcel Reece,2014,RB,28-30,15.0,16.0,no_claim,,0,0
00-0026408,Joe Reitz,2014,OL,28-30,11.0,16.0,excluded_sub_threshold,5.0,0,0
00-0026498,Matthew Stafford,2014,QB,25-27,16.0,16.0,no_claim,,0,0
00-0026500,Matt Slauson,2014,OL,28-30,5.0,16.0,TTD,11.0,0,1
00-0026544,Chase Daniel,2014,QB,28-30,2.0,16.0,no_claim,,0,0
00-0026557,Will Ta'ufo'ou,2014,RB,28-30,7.0,16.0,no_claim,,0,0
00-0026561,Ramon Foster,2014,OL,28-30,15.0,16.0,no_claim,,0,0
00-0026574,Dallas Reynolds,2014,OL,31+,6.0,16.0,no_claim,,0,0
00-0026625,Brian Hoyer,2014,QB,28-30,14.0,16.0,excluded_sub_threshold,2.0,0,0
00-0026715,Garry Williams,2014,OL,28-30,1.0,16.0,PTD,15.0,1,0
00-0026762,Alex Boone,2014,OL,28-30,15.0,16.0,no_claim,,0,0
00-0026784,Evan Smith,2014,OL,28-30,15.0,16.0,no_claim,,0,0
00-0026796,Arian Foster,2014,RB,28-30,13.0,16.0,no_claim,,0,0
00-0026814,Demar Dotson,2014,OL,28-30,16.0,16.0,no_claim,,0,0
00-0026839,Jermey Parnell,2014,OL,28-30,17.0,16.0,no_claim,,0,0
00-0026852,Darrel Young,2014,RB,28-30,12.0,16.0,no_claim,,0,0
00-0026855,Antone Smith,2014,RB,28-30,10.0,16.0,no_claim,,0,0
00-0026898,Mark Sanchez,2014,QB,28-30,9.0,16.0,no_claim,,0,0
00-0026899,Shonn Greene,2014,RB,28-30,13.0,16.0,excluded_sub_threshold,3.0,0,0
00-0026909,Rich Ohrnberger,2014,OL,28-30,8.0,16.0,PTD,8.0,1,0
00-0026926,Frank Summers,2014,RB,28-30,8.0,16.0,no_claim,,0,0
00-0026929,Andrew Gardner,2014,OL,28-30,14.0,16.0,no_claim,,0,0
00-0026932,Cedric Peerman,2014,RB,28-30,6.0,16.0,no_claim,,0,0
00-0026943,Paul Fanaika,2014,OL,28-30,15.0,16.0,no_claim,,0,0
00-0026950,A.Q. Shipley,2014,OL,28-30,9.0,16.0,TTD,7.0,0,1
00-0026961,Lance Louis,2014,OL,28-30,11.0,16.0,no_claim,,0,0
00-0026982,Andre Smith,2014,OL,28-30,9.0,16.0,TTD,7.0,0,1
00-0026984,Eugene Monroe,2014,OL,28-30,11.0,16.0,excluded_sub_threshold,5.0,0,0
00-0026988,Knowshon Moreno,2014,RB,28-30,3.0,16.0,PTD,13.0,1,0
00-0026997,Alex Mack,2014,OL,28-30,5.0,16.0,no_claim,,0,0
00-0026999,Michael Oher,2014,OL,28-30,11.0,16.0,excluded_sub_threshold,5.0,0,0
00-0027003,Donald Brown,2014,RB,28-30,13.0,16.0,excluded_sub_threshold,3.0,0,0
00-0027004,Eric Wood,2014,OL,28-30,16.0,16.0,no_claim,,0,0
00-0027015,Eben Britton,2014,OL,25-27,9.0,16.0,PTD,7.0,1,0
00-0027025,Max Unger,2014,OL,28-30,9.0,16.0,TTD,7.0,0,1
00-0027027,Andy Levitre,2014,OL,28-30,16.0,16.0,no_claim,,0,0
00-0027029,LeSean McCoy,2014,RB,25-27,16.0,16.0,no_claim,,0,0
00-0027030,Phil Loadholt,2014,OL,28-30,11.0,16.0,no_claim,,0,0
00-0027034,Sebastian Vollmer,2014,OL,31+,18.0,16.0,no_claim,,0,0
00-0027036,Will Beatty,2014,OL,28-30,16.0,16.0,no_claim,,0,0
00-0027052,Louis Vasquez,2014,OL,28-30,17.0,16.0,no_claim,,0,0
00-0027053,Kraig Urbik,2014,OL,28-30,10.0,16.0,no_claim,,0,0
00-0027078,T.J. Lang,2014,OL,25-27,18.0,16.0,no_claim,,0,0
00-0027093,Tony Fiammetta,2014,RB,28-30,,,no_claim,,0,0
00-0027110,Garrett Reynolds,2014,OL,28-30,6.0,16.0,no_claim,,0,0
00-0027112,Jamon Meredith,2014,OL,28-30,6.0,16.0,no_claim,,0,0
00-0027140,Chris Ogbonnaya,2014,RB,28-30,3.0,16.0,no_claim,,0,0
00-0027155,Rashad Jennings,2014,RB,28-30,11.0,16.0,excluded_sub_threshold,5.0,0,0
00-0027218,Joique Bell,2014,RB,28-30,15.0,16.0,no_claim,,0,0
00-0027253,Thad Lewis,2014,QB,25-27,,,no_claim,,0,0
00-0027282,Ben Garland,2014,OL,25-27,6.0,16.0,PTD,10.0,1,0
00-0027297,Austin Howard,2014,OL,28-30,16.0,16.0,no_claim,,0,0
00-0027309,Lemuel Jeanpierre,2014,OL,28-30,4.0,16.0,PTD,12.0,1,0
00-0027325,LeGarrette Blount,2014,RB,28-30,15.0,16.0,no_claim,,0,0
00-0027346,Alfonso Smith,2014,RB,28-30,3.0,16.0,no_claim,,0,0
00-0027435,Nick McDonald,2014,OL,28-30,8.0,16.0,no_claim,,0,0
00-0027469,Jeff Linkenbach,2014,OL,28-30,10.0,16.0,no_claim,,0,0
00-0027531,Chris Ivory,2014,RB,25-27,16.0,16.0,no_claim,,0,0
00-0027607,Ted Larsen,2014,OL,28-30,17.0,16.0,no_claim,,0,0
00-0027609,J'Marcus Webb,2014,OL,25-27,0.0,16.0,no_claim,,0,0
00-0027648,Rodger Saffold,2014,OL,25-27,16.0,16.0,no_claim,,0,0
00-0027651,Dexter McCluster,2014,RB,25-27,13.0,16.0,excluded_sub_threshold,3.0,0,0
00-0027658,Zane Beadles,2014,OL,28-30,16.0,16.0,no_claim,,0,0
00-0027659,Jimmy Clausen,2014,QB,25-27,4.0,16.0,PTD,12.0,1,0
00-0027667,Vladimir Ducasse,2014,OL,25-27,,,no_claim,,0,0
00-0027669,Charles Brown,2014,OL,28-30,1.0,16.0,no_claim,,0,0
00-0027673,Jon Asamoah,2014,OL,25-27,15.0,16.0,no_claim,,0,0
00-0027674,Jared Veldheer,2014,OL,28-30,17.0,16.0,no_claim,,0,0
00-0027678,John Jerry,2014,OL,28-30,16.0,16.0,no_claim,,0,0
00-0027683,J.D. Walton,2014,OL,28-30,16.0,16.0,no_claim,,0,0
00-0027688,Colt McCoy,2014,QB,28-30,5.0,16.0,no_claim,,0,0
00-0027694,Shawn Lauvao,2014,OL,25-27,15.0,16.0,no_claim,,0,0
00-0027712,Joe McKnight,2014,RB,25-27,1.0,16.0,PTD,15.0,1,0
00-0027717,Joe Hawley,2014,OL,25-27,4.0,16.0,no_claim,,0,0
00-0027728,Jason Fox,2014,OL,25-27,5.0,16.0,no_claim,,0,0
00-0027729,Jacques McClendon,2014,OL,25-27,7.0,16.0,no_claim,,0,0
00-0027739,John Conner,2014,RB,28-30,6.0,16.0,no_claim,,0,0
00-0027750,Chris Scott,2014,OL,28-30,3.0,16.0,no_claim,,0,0
00-0027768,Marshall Newhouse,2014,OL,25-27,15.0,16.0,no_claim,,0,0
00-0027772,Anthony Dixon,2014,RB,25-27,13.0,16.0,no_claim,,0,0
00-0027778,Sam Young,2014,OL,28-30,8.0,16.0,no_claim,,0,0
00-0027781,Eric Olsen,2014,OL,25-27,5.0,16.0,no_claim,,0,0
00-0027785,Shelley Smith,2014,OL,28-30,9.0,16.0,PTD,7.0,1,0
00-0027786,Jonathan Dwyer,2014,RB,25-27,2.0,16.0,no_claim,,0,0
00-0027791,James Starks,2014,RB,28-30,14.0,16.0,no_claim,,0,0
00-0027796,Joe Webb,2014,QB,28-30,1.0,16.0,no_claim,,0,0
00-0027844,Erik Lorig,2014,RB,28-30,7.0,16.0,PTD,9.0,1,0
00-0027857,Trent Williams,2014,OL,25-27,15.0,16.0,no_claim,,0,0
00-0027859,Russell Okung,2014,OL,25-27,17.0,16.0,no_claim,,0,0
00-0027861,C.J. Spiller,2014,RB,28-30,9.0,16.0,no_claim,,0,0
00-0027863,Anthony Davis,2014,OL,25-27,7.0,16.0,PTD,9.0,1,0
00-0027864,Ryan Mathews,2014,RB,25-27,6.0,16.0,TTD,10.0,0,1
00-0027869,Mike Iupati,2014,OL,28-30,15.0,16.0,no_claim,,0,0
00-0027870,Maurkice Pouncey,2014,OL,25-27,17.0,16.0,no_claim,,0,0
00-0027875,Bryan Bulaga,2014,OL,25-27,17.0,16.0,no_claim,,0,0
00-0027888,Toby Gerhart,2014,RB,28-30,14.0,16.0,excluded_sub_threshold,2.0,0,0
00-0027890,Ben Tate,2014,RB,25-27,11.0,16.0,excluded_sub_threshold,5.0,0,0
00-0027890,Ben Tate,2014,RB,25-27,11.0,16.0,excluded_sub_threshold,5.0,0,0
00-0027890,Ben Tate,2014,RB,25-27,11.0,16.0,excluded_sub_threshold,5.0,0,0
00-0027905,Will Tukuafu,2014,RB,31+,3.0,16.0,no_claim,,0,0
00-0027917,Tyler Clutts,2014,RB,28-30,1.0,16.0,no_claim,,0,0
00-0027925,James Develin,2014,RB,25-27,6.0,16.0,no_claim,,0,0
00-0027939,Cam Newton,2014,QB,25-27,14.0,16.0,excluded_sub_threshold,2.0,0,0
00-0027946,Jake Locker,2014,QB,25-27,7.0,16.0,no_claim,,0,0
00-0027947,Tyron Smith,2014,OL,<=24,18.0,16.0,no_claim,,0,0
00-0027948,Blaine Gabbert,2014,QB,25-27,1.0,16.0,no_claim,,0,0
00-0027950,Christian Ponder,2014,QB,25-27,2.0,16.0,no_claim,,0,0
00-0027953,Mike Pouncey,2014,OL,25-27,12.0,16.0,excluded_sub_threshold,4.0,0,0
00-0027955,Nate Solder,2014,OL,25-27,19.0,16.0,no_claim,,0,0
00-0027960,Anthony Castonzo,2014,OL,25-27,19.0,16.0,no_claim,,0,0
00-0027963,James Carpenter,2014,OL,25-27,16.0,16.0,no_claim,,0,0
00-0027966,Mark Ingram,2014,RB,25-27,13.0,16.0,excluded_sub_threshold,3.0,0,0
00-0027967,Gabe Carimi,2014,OL,25-27,16.0,16.0,no_claim,,0,0
00-0027970,Derek Sherrod,2014,OL,25-27,6.0,16.0,no_claim,,0,0
00-0027973,Andy Dalton,2014,QB,25-27,16.0,16.0,no_claim,,0,0
00-0027974,Colin Kaepernick,2014,QB,25-27,16.0,16.0,no_claim,,0,0
00-0027984,Orlando Franklin,2014,OL,25-27,17.0,16.0,no_claim,,0,0
00-0027986,Stefen Wisniewski,2014,OL,25-27,16.0,16.0,no_claim,,0,0
00-0027987,Ben Ijalana,2014,OL,25-27,3.0,16.0,no_claim,,0,0
00-0027993,Rodney Hudson,2014,OL,25-27,16.0,16.0,no_claim,,0,0
00-0027994,Shane Vereen,2014,RB,25-27,16.0,16.0,no_claim,,0,0
00-0028000,Daniel Thomas,2014,RB,25-27,12.0,16.0,excluded_sub_threshold,4.0,0,0
00-0028001,Marcus Gilbert,2014,OL,25-27,13.0,16.0,excluded_sub_threshold,3.0,0,0
00-0028009,DeMarco Murray,2014,RB,25-27,16.0,16.0,no_claim,,0,0
00-0028011,Stevan Ridley,2014,RB,25-27,6.0,16.0,TTD,10.0,0,1
00-0028012,Ryan Mallett,2014,QB,25-27,3.0,16.0,no_claim,,0,0
00-0028023,Jah Reid,2014,OL,25-27,4.0,16.0,TTD,12.0,0,1
00-0028030,Joe Barksdale,2014,OL,25-27,16.0,16.0,no_claim,,0,0
00-0028039,Clint Boling,2014,OL,25-27,17.0,16.0,no_claim,,0,0
00-0028043,Roy Helu,2014,RB,25-27,13.0,16.0,excluded_sub_threshold,3.0,0,0
00-0028048,David Arkin,2014,OL,25-27,2.0,16.0,no_claim,,0,0
00-0028055,James Brewer,2014,OL,25-27,2.0,16.0,PTD,14.0,1,0
00-0028060,Chris Hairston,2014,OL,25-27,9.0,16.0,no_claim,,0,0
00-0028064,Bilal Powell,2014,RB,25-27,14.0,16.0,no_claim,,0,0
00-0028074,Anthony Sherman,2014,RB,25-27,11.0,16.0,no_claim,,0,0
00-0028076,Marcus Cannon,2014,OL,25-27,16.0,16.0,no_claim,,0,0
00-0028083,Jacquizz Rodgers,2014,RB,25-27,16.0,16.0,no_claim,,0,0
00-0028087,Dion Lewis,2014,RB,<=24,,,no_claim,,0,0
00-0028090,T.J. Yates,2014,QB,28-30,1.0,16.0,no_claim,,0,0
00-0028099,Julian Vandervelde,2014,OL,25-27,0.0,16.0,no_claim,,0,0
00-0028101,Daniel Kilgore,2014,OL,25-27,7.0,16.0,no_claim,,0,0
00-0028110,Brandon Fusco,2014,OL,25-27,3.0,16.0,no_claim,,0,0
00-0028113,Byron Stingily,2014,OL,25-27,9.0,16.0,no_claim,,0,0
00-0028118,Tyrod Taylor,2014,QB,25-27,1.0,16.0,no_claim,,0,0
00-0028121,Jordan Todman,2014,RB,25-27,15.0,16.0,no_claim,,0,0
00-0028129,Jason Kelce,2014,OL,25-27,12.0,16.0,excluded_sub_threshold,4.0,0,0
00-0028139,Stephen Schilling,2014,OL,25-27,5.0,16.0,PTD,11.0,1,0
00-0028149,Bruce Miller,2014,RB,28-30,14.0,16.0,no_claim,,0,0
00-0028152,Derek Newton,2014,OL,25-27,16.0,16.0,no_claim,,0,0
00-0028177,Mike Person,2014,OL,25-27,,,no_claim,,0,0
00-0028198,Matt Asiata,2014,RB,28-30,15.0,16.0,no_claim,,0,0
00-0028201,Willie Smith,2014,OL,28-30,7.0,16.0,no_claim,,0,0
00-0028202,Shaun Draughn,2014,RB,25-27,1.0,16.0,no_claim,,0,0
00-0028240,Kenny Wiggins,2014,OL,25-27,0.0,16.0,no_claim,,0,0
00-0028274,Tim Barnes,2014,OL,25-27,6.0,16.0,TTD,10.0,0,1
00-0028345,Robert Hughes,2014,RB,25-27,11.0,16.0,no_claim,,0,0
00-0028401,Cameron Bradfield,2014,OL,25-27,2.0,16.0,no_claim,,0,0
00-0028409,DuJuan Harris,2014,RB,25-27,6.0,16.0,no_claim,,0,0
00-0028492,Henry Hynoski,2014,RB,25-27,5.0,16.0,no_claim,,0,0
00-0028581,Patrick DiMarco,2014,RB,25-27,9.0,16.0,no_claim,,0,0
00-0028595,Scott Tolzien,2014,QB,25-27,,,no_claim,,0,0
00-0028613,Phillip Tanner,2014,RB,25-27,,,no_claim,,0,0
00-0028738,Byron Bell,2014,OL,25-27,17.0,16.0,no_claim,,0,0
00-0028795,Chase Reynolds,2014,RB,25-27,,,no_claim,,0,0
00-0028841,Will Johnson,2014,RB,25-27,9.0,16.0,no_claim,,0,0
00-0028862,Bryce Harris,2014,OL,25-27,13.0,16.0,no_claim,,0,0
00-0028933,Garth Gerhart,2014,OL,25-27,2.0,16.0,no_claim,,0,0
00-0028957,Austin Davis,2014,QB,25-27,9.0,16.0,no_claim,,0,0
00-0028986,Case Keenum,2014,QB,25-27,2.0,16.0,no_claim,,0,0
00-0028998,Jeff Adams,2014,OL,25-27,1.0,16.0,no_claim,,0,0
00-0029004,Lance Dunbar,2014,RB,25-27,14.0,16.0,no_claim,,0,0
00-0029005,Harland Gunn,2014,OL,25-27,6.0,16.0,no_claim,,0,0
00-0029010,Ronald Leary,2014,OL,25-27,17.0,16.0,no_claim,,0,0
00-0029048,Joe Banyard,2014,RB,25-27,7.0,16.0,no_claim,,0,0
00-0029066,Trevor Robinson,2014,OL,25-27,3.0,16.0,no_claim,,0,0
00-0029068,Derrick Coleman,2014,RB,<=24,2.0,16.0,PTD,14.0,1,0
00-0029076,Austin Pasztor,2014,OL,<=24,8.0,16.0,TTD,8.0,0,1
00-0029080,Darrion Weems,2014,OL,25-27,,,no_claim,,0,0
00-0029091,Bradley Sowell,2014,OL,25-27,0.0,16.0,no_claim,,0,0
00-0029104,Jonas Gray,2014,RB,25-27,8.0,16.0,PTD,8.0,1,0
00-0029139,Adam Gettis,2014,OL,25-27,,,no_claim,,0,0
00-0029141,Alfred Morris,2014,RB,25-27,16.0,16.0,no_claim,,0,0
00-0029144,Tom Compton,2014,OL,25-27,16.0,16.0,no_claim,,0,0
00-0029146,J.R. Sweezy,2014,OL,25-27,19.0,16.0,no_claim,,0,0
00-0029151,Matt Simms,2014,QB,25-27,1.0,16.0,no_claim,,0,0
00-0029164,Mike Remmers,2014,OL,25-27,7.0,16.0,no_claim,,0,0
00-0029168,Brian Folkerts,2014,OL,25-27,12.0,16.0,no_claim,,0,0
00-0029202,Mike Adams,2014,OL,25-27,7.0,16.0,no_claim,,0,0
00-0029203,David Molk,2014,OL,25-27,7.0,16.0,no_claim,,0,0
00-0029205,Travaris Cadet,2014,RB,25-27,13.0,16.0,no_claim,,0,0
00-0029221,Rodney Austin,2014,OL,25-27,0.0,16.0,no_claim,,0,0
00-0029234,Kellen Moore,2014,QB,25-27,,,no_claim,,0,0
00-0029239,Brandon Bolden,2014,RB,25-27,9.0,16.0,no_claim,,0,0
00-0029253,Mitchell Schwartz,2014,OL,25-27,16.0,16.0,no_claim,,0,0
00-0029254,Amini Silatolu,2014,OL,25-27,7.0,16.0,PTD,9.0,1,0
00-0029259,Kelechi Osemele,2014,OL,25-27,16.0,16.0,no_claim,,0,0
00-0029260,LaMichael James,2014,RB,25-27,3.0,16.0,no_claim,,0,0
00-0029263,Russell Wilson,2014,QB,25-27,16.0,16.0,no_claim,,0,0
00-0029264,Bernard Pierce,2014,RB,<=24,13.0,16.0,no_claim,,0,0
00-0029268,Gino Gradkowski,2014,OL,25-27,3.0,16.0,no_claim,,0,0
00-0029273,Robert Turbin,2014,RB,25-27,16.0,16.0,no_claim,,0,0
00-0029276,Evan Rodriguez,2014,RB,25-27,,,no_claim,,0,0
00-0029278,Joe Looney,2014,OL,25-27,13.0,16.0,no_claim,,0,0
00-0029283,Brandon Mosley,2014,OL,25-27,3.0,16.0,no_claim,,0,0
00-0029288,Johnnie Troutman,2014,OL,25-27,15.0,16.0,no_claim,,0,0
00-0029290,Ryan Miller,2014,OL,25-27,,,no_claim,,0,0
00-0029298,Cyrus Gray,2014,RB,25-27,3.0,16.0,no_claim,,0,0
00-0029302,Matt McCants,2014,OL,25-27,11.0,16.0,no_claim,,0,0
00-0029316,Kelvin Beachum,2014,OL,25-27,17.0,16.0,no_claim,,0,0
00-0029354,Rishaw Johnson,2014,OL,25-27,,,no_claim,,0,0
00-0029384,Bobby Rainey,2014,RB,25-27,12.0,16.0,no_claim,,0,0
00-0029400,Nate Chandler,2014,OL,25-27,11.0,16.0,no_claim,,0,0
00-0029411,Peter Konz,2014,OL,25-27,6.0,16.0,no_claim,,0,0
00-0029413,Ben Jones,2014,OL,25-27,16.0,16.0,no_claim,,0,0
00-0029419,Dennis Kelly,2014,OL,25-27,3.0,16.0,no_claim,,0,0
00-0029426,Brandon Washington,2014,OL,25-27,,,no_claim,,0,0
00-0029429,Bryce Brown,2014,RB,<=24,7.0,16.0,no_claim,,0,0
00-0029438,Chris Polk,2014,RB,25-27,9.0,16.0,TTD,7.0,0,1
00-0029441,Jeremy Stewart,2014,RB,25-27,3.0,16.0,no_claim,,0,0
00-0029457,Michael Harris,2014,OL,25-27,9.0,16.0,no_claim,,0,0
00-0029470,Andrew McDonald,2014,OL,25-27,0.0,16.0,no_claim,,0,0
00-0029492,Jamize Olawale,2014,RB,25-27,8.0,16.0,no_claim,,0,0
00-0029510,Jonathan Grimes,2014,RB,25-27,9.0,16.0,no_claim,,0,0
00-0029524,Jeff Allen,2014,OL,25-27,1.0,16.0,TTD,15.0,0,1
00-0029527,Lamar Holmes,2014,OL,25-27,4.0,16.0,no_claim,,0,0
00-0029528,Bobby Massie,2014,OL,25-27,17.0,16.0,no_claim,,0,0
00-0029531,Ryan Lindley,2014,QB,25-27,3.0,16.0,no_claim,,0,0
00-0029543,Donald Stephenson,2014,OL,25-27,8.0,16.0,no_claim,,0,0
00-0029546,Senio Kelemete,2014,OL,25-27,1.0,16.0,no_claim,,0,0
00-0029554,Chandler Harnish,2014,QB,25-27,,,no_claim,,0,0
00-0029561,Cordy Glenn,2014,OL,25-27,16.0,16.0,no_claim,,0,0
00-0029567,Nick Foles,2014,QB,25-27,8.0,16.0,TTD,8.0,0,1
00-0029588,Dan Herron,2014,RB,25-27,11.0,16.0,no_claim,,0,0
00-0029592,Kevin Zeitler,2014,OL,25-27,13.0,16.0,excluded_sub_threshold,3.0,0,0
00-0029593,Jonathan Martin,2014,OL,25-27,15.0,16.0,no_claim,,0,0
00-0029604,Kirk Cousins,2014,QB,25-27,6.0,16.0,no_claim,,0,0
00-0029613,Doug Martin,2014,RB,25-27,11.0,16.0,excluded_sub_threshold,5.0,0,0
00-0029615,Lamar Miller,2014,RB,<=24,16.0,16.0,no_claim,,0,0
00-0029619,Jorvorskie Lane,2014,RB,28-30,4.0,16.0,no_claim,,0,0
00-0029661,Andrew Tiller,2014,OL,25-27,1.0,16.0,no_claim,,0,0
00-0029662,Paul Cornick,2014,OL,25-27,9.0,16.0,PTD,7.0,1,0
00-0029665,Robert Griffin,2014,QB,25-27,9.0,16.0,PTD,7.0,1,0
00-0029666,Josh LeRibeus,2014,OL,25-27,4.0,16.0,no_claim,,0,0
00-0029668,Andrew Luck,2014,QB,25-27,16.0,16.0,no_claim,,0,0
00-0029672,Riley Reiff,2014,OL,25-27,16.0,16.0,no_claim,,0,0
00-0029675,Trent Richardson,2014,RB,25-27,15.0,16.0,no_claim,,0,0
00-0029677,Brandon Weeden,2014,QB,31+,4.0,16.0,no_claim,,0,0
00-0029678,David DeCastro,2014,OL,25-27,17.0,16.0,no_claim,,0,0
00-0029679,Brandon Brooks,2014,OL,25-27,15.0,16.0,no_claim,,0,0
00-0029682,Brock Osweiler,2014,QB,<=24,4.0,16.0,no_claim,,0,0
00-0029683,Ronnie Hillman,2014,RB,<=24,8.0,16.0,TTD,8.0,0,1
00-0029687,Matt Kalil,2014,OL,25-27,16.0,16.0,no_claim,,0,0
00-0029699,Tony Bergstrom,2014,OL,28-30,,,no_claim,,0,0
00-0029701,Ryan Tannehill,2014,QB,25-27,16.0,16.0,no_claim,,0,0
00-0029729,Austin Johnson,2014,RB,25-27,6.0,16.0,PTD,10.0,1,0
00-0029731,Fozzy Whittaker,2014,RB,25-27,8.0,16.0,TTD,8.0,0,1
00-0029779,Terren Jones,2014,OL,<=24,1.0,16.0,no_claim,,0,0
00-0029786,Ryan Schraeder,2014,OL,25-27,13.0,16.0,no_claim,,0,0
00-0029795,Benny Cunningham,2014,RB,25-27,16.0,16.0,no_claim,,0,0
00-0029854,C.J. Anderson,2014,RB,<=24,14.0,16.0,no_claim,,0,0
00-0029857,Ryan Griffin,2014,QB,25-27,,,no_claim,,0,0
00-0029867,Xavier Nixon,2014,OL,<=24,4.0,16.0,PTD,12.0,1,0
00-0029886,LaAdrian Waddle,2014,OL,<=24,10.0,16.0,TTD,6.0,0,1
00-0029889,Patrick Omameh,2014,OL,25-27,16.0,16.0,no_claim,,0,0
00-0029892,Kyle Juszczyk,2014,RB,<=24,13.0,16.0,no_claim,,0,0
00-0029893,Rick Wagner,2014,OL,25-27,15.0,16.0,no_claim,,0,0
00-0029895,Ryan Jensen,2014,OL,<=24,0.0,16.0,no_claim,,0,0
00-0029931,Zach Line,2014,RB,25-27,,,no_claim,,0,0
00-0029963,Chris Hubbard,2014,OL,<=24,,,no_claim,,0,0
00-0029967,Sam Brenner,2014,OL,25-27,,,no_claim,,0,0
00-0029992,Josh Kline,2014,OL,25-27,11.0,16.0,no_claim,,0,0
00-0030011,Jordan Devey,2014,OL,25-27,6.0,16.0,no_claim,,0,0
00-0030046,Jordan Mills,2014,OL,<=24,13.0,16.0,excluded_sub_threshold,3.0,0,0
00-0030065,Larry Warford,2014,OL,<=24,13.0,16.0,excluded_sub_threshold,3.0,0,0
00-0030066,Brian Winters,2014,OL,<=24,6.0,16.0,no_claim,,0,0
00-0030067,Terron Armstead,2014,OL,<=24,14.0,16.0,excluded_sub_threshold,2.0,0,0
00-0030071,Hugh Thornton,2014,OL,<=24,9.0,16.0,TTD,7.0,0,1
00-0030074,David Bakhtiari,2014,OL,<=24,18.0,16.0,no_claim,,0,0
00-0030075,Khaled Holmes,2014,OL,25-27,8.0,16.0,no_claim,,0,0
00-0030076,JC Tretter,2014,OL,<=24,7.0,16.0,TTD,9.0,0,1
00-0030083,Oday Aboushi,2014,OL,<=24,13.0,16.0,no_claim,,0,0
00-0030094,Eric Kush,2014,OL,25-27,,,no_claim,,0,0
00-0030096,Vinston Painter,2014,OL,25-27,0.0,16.0,no_claim,,0,0
00-0030107,Theo Riddick,2014,RB,<=24,13.0,16.0,excluded_sub_threshold,3.0,0,0
00-0030112,Tommy Bohanon,2014,RB,<=24,1.0,16.0,no_claim,,0,0
00-0030115,Ryan Seymour,2014,OL,25-27,4.0,16.0,PTD,12.0,1,0
00-0030117,Kerwynn Williams,2014,RB,<=24,4.0,16.0,no_claim,,0,0
00-0030120,B.J. Daniels,2014,QB,25-27,,,no_claim,,0,0
00-0030125,Carter Bykowski,2014,OL,25-27,,,no_claim,,0,0
00-0030126,T.J. Johnson,2014,OL,25-27,2.0,16.0,no_claim,,0,0
00-0030128,Michael Cox,2014,RB,25-27,2.0,16.0,no_claim,,0,0
00-0030149,Matt Tobin,2014,OL,25-27,8.0,16.0,TTD,8.0,0,1
00-0030166,Dalton Freeman,2014,OL,25-27,4.0,16.0,no_claim,,0,0
00-0030207,Alvin Bailey,2014,OL,<=24,13.0,16.0,excluded_sub_threshold,3.0,0,0
00-0030217,Tim Lelito,2014,OL,25-27,7.0,16.0,no_claim,,0,0
00-0030247,George Winn,2014,RB,<=24,5.0,16.0,no_claim,,0,0
00-0030268,Patrick Lewis,2014,OL,<=24,7.0,16.0,no_claim,,0,0
00-0030273,Lane Taylor,2014,OL,25-27,10.0,16.0,no_claim,,0,0
00-0030280,Knile Davis,2014,RB,<=24,15.0,16.0,no_claim,,0,0
00-0030282,Stepfan Taylor,2014,RB,<=24,12.0,16.0,excluded_sub_threshold,4.0,0,0
00-0030287,Andre Ellington,2014,RB,25-27,12.0,16.0,excluded_sub_threshold,4.0,0,0
00-0030288,Rex Burkhead,2014,RB,25-27,4.0,16.0,TTD,12.0,0,1
00-0030313,Nick Becton,2014,OL,25-27,,,no_claim,,0,0
00-0030320,Michael Hill,2014,RB,25-27,,,no_claim,,0,0
00-0030344,Darren Keyton,2014,OL,25-27,,,no_claim,,0,0
00-0030348,Khiry Robinson,2014,RB,25-27,9.0,16.0,TTD,7.0,0,1
00-0030388,Joseph Randle,2014,RB,<=24,14.0,16.0,no_claim,,0,0
00-0030389,Tanner Hawkinson,2014,OL,25-27,2.0,16.0,no_claim,,0,0
00-0030391,Mike James,2014,RB,<=24,5.0,16.0,no_claim,,0,0
00-0030404,Chris Thompson,2014,RB,<=24,2.0,16.0,no_claim,,0,0
00-0030406,Jeff Baca,2014,OL,25-27,,,no_claim,,0,0
00-0030419,Matthew McGloin,2014,QB,25-27,1.0,16.0,no_claim,,0,0
00-0030432,Christine Michael,2014,RB,<=24,10.0,16.0,TTD,6.0,0,1
00-0030441,Kyle Long,2014,OL,25-27,15.0,16.0,no_claim,,0,0
00-0030452,Eric Herman,2014,OL,25-27,,,no_claim,,0,0
00-0030456,Giovani Bernard,2014,RB,<=24,13.0,16.0,excluded_sub_threshold,3.0,0,0
00-0030476,Garrett Gilkey,2014,OL,25-27,10.0,16.0,no_claim,,0,0
00-0030485,Eddie Lacy,2014,RB,25-27,16.0,16.0,no_claim,,0,0
00-0030486,Brian Schwenke,2014,OL,<=24,11.0,16.0,no_claim,,0,0
00-0030496,Le'Veon Bell,2014,RB,<=24,16.0,16.0,no_claim,,0,0
00-0030504,Earl Watford,2014,OL,25-27,2.0,16.0,no_claim,,0,0
00-0030505,D.J. Fluker,2014,OL,<=24,16.0,16.0,no_claim,,0,0
00-0030513,Latavius Murray,2014,RB,25-27,10.0,16.0,TTD,6.0,0,1
00-0030520,Mike Glennon,2014,QB,25-27,6.0,16.0,no_claim,,0,0
00-0030522,Montee Ball,2014,RB,<=24,5.0,16.0,PTD,11.0,1,0
00-0030524,Landry Jones,2014,QB,25-27,,,no_claim,,0,0
00-0030526,EJ Manuel,2014,QB,25-27,4.0,16.0,no_claim,,0,0
00-0030531,Dallas Thomas,2014,OL,25-27,12.0,16.0,excluded_sub_threshold,4.0,0,0
00-0030533,Matt Barkley,2014,QB,<=24,1.0,16.0,no_claim,,0,0
00-0030534,Barrett Jones,2014,OL,25-27,1.0,16.0,PTD,15.0,1,0
00-0030536,Zac Stacy,2014,RB,<=24,9.0,16.0,no_claim,,0,0
00-0030545,Luke Joeckel,2014,OL,<=24,16.0,16.0,no_claim,,0,0
00-0030546,Travis Frederick,2014,OL,<=24,18.0,16.0,no_claim,,0,0
00-0030547,Denard Robinson,2014,RB,<=24,13.0,16.0,excluded_sub_threshold,3.0,0,0
00-0030561,Lane Johnson,2014,OL,25-27,12.0,16.0,no_claim,,0,0
00-0030565,Geno Smith,2014,QB,<=24,14.0,16.0,no_claim,,0,0
00-0030569,Sean Renfree,2014,QB,25-27,,,no_claim,,0,0
00-0030579,Menelik Watson,2014,OL,25-27,12.0,16.0,excluded_sub_threshold,4.0,0,0
00-0030584,Eric Fisher,2014,OL,<=24,16.0,16.0,no_claim,,0,0
00-0030585,Justin Pugh,2014,OL,25-27,14.0,16.0,excluded_sub_threshold,2.0,0,0
00-0030586,Ryan Nassib,2014,QB,25-27,2.0,16.0,no_claim,,0,0
00-0030590,Jonathan Cooper,2014,OL,25-27,7.0,16.0,TTD,9.0,0,1
00-0030593,Chance Warmack,2014,OL,<=24,16.0,16.0,no_claim,,0,0
00-0030621,Michael Ola,2014,OL,25-27,13.0,16.0,no_claim,,0,0
00-0030649,Jonotthan Harrison,2014,OL,<=24,12.0,16.0,no_claim,,0,0
00-0030653,Ray Agnew,2014,RB,<=24,9.0,16.0,no_claim,,0,0
00-0030656,Isaiah Crowell,2014,RB,<=24,15.0,16.0,no_claim,,0,0
00-0030661,Connor Shaw,2014,QB,<=24,1.0,16.0,no_claim,,0,0
00-0030668,Charcandrick West,2014,RB,<=24,1.0,16.0,no_claim,,0,0
00-0030694,James Hurst,2014,OL,<=24,12.0,16.0,no_claim,,0,0
00-0030705,Juwan Thompson,2014,RB,<=24,12.0,16.0,no_claim,,0,0
00-0030714,Donald Hawkins,2014,OL,<=24,0.0,16.0,no_claim,,0,0
00-0030725,Cornelius Lucas,2014,OL,<=24,13.0,16.0,no_claim,,0,0
00-0030746,Jerome Smith,2014,RB,<=24,,,no_claim,,0,0
00-0030750,James Stone,2014,OL,<=24,11.0,16.0,no_claim,,0,0
00-0030764,Dillon Farrell,2014,OL,<=24,7.0,16.0,no_claim,,0,0
00-0030789,Antonio Andrews,2014,RB,<=24,1.0,16.0,no_claim,,0,0
00-0030825,Stephen Morris,2014,QB,<=24,,,no_claim,,0,0
00-0030827,Tyler Shatley,2014,OL,<=24,1.0,16.0,no_claim,,0,0
00-0030829,Josh Wells,2014,OL,<=24,6.0,16.0,no_claim,,0,0
00-0030833,Josh Allen,2014,OL,<=24,3.0,16.0,no_claim,,0,0
00-0030855,Zurlon Tipton,2014,RB,25-27,2.0,16.0,no_claim,,0,0
00-0030860,Orleans Darkwa,2014,RB,<=24,4.0,16.0,no_claim,,0,0
00-0030874,Damien Williams,2014,RB,<=24,12.0,16.0,no_claim,,0,0
00-0030887,Anthony Steen,2014,OL,25-27,,,no_claim,,0,0
00-0030899,Garry Gilliam,2014,OL,<=24,12.0,16.0,no_claim,,0,0
00-0030923,Jeremiah Sirles,2014,OL,<=24,2.0,16.0,no_claim,,0,0
00-0030970,Dustin Vaughan,2014,QB,<=24,,,no_claim,,0,0
00-0030985,Trey Watts,2014,RB,<=24,4.0,16.0,no_claim,,0,0
00-0030991,Chris Watt,2014,OL,25-27,12.0,16.0,no_claim,,0,0
00-0030996,John Urschel,2014,OL,<=24,9.0,16.0,no_claim,,0,0
00-0030997,Zach Fulton,2014,OL,<=24,16.0,16.0,no_claim,,0,0
00-0030999,Marion Grice,2014,RB,<=24,6.0,16.0,no_claim,,0,0
00-0031008,Silas Redd,2014,RB,<=24,6.0,16.0,no_claim,,0,0
00-0031017,Dakota Dozier,2014,OL,<=24,,,no_claim,,0,0
00-0031019,Corey Linsley,2014,OL,<=24,18.0,16.0,no_claim,,0,0
00-0031022,Laurent Duvernay-Tardif,2014,OL,<=24,,,no_claim,,0,0
00-0031029,Seantrel Henderson,2014,OL,<=24,16.0,16.0,no_claim,,0,0
00-0031045,Carlos Hyde,2014,RB,<=24,14.0,16.0,excluded_sub_threshold,2.0,0,0
00-0031046,Jack Mewhort,2014,OL,<=24,17.0,16.0,no_claim,,0,0
00-0031047,Spencer Long,2014,OL,<=24,3.0,16.0,no_claim,,0,0
00-0031055,Andre Williams,2014,RB,<=24,16.0,16.0,no_claim,,0,0
00-0031057,Ka'Deem Carey,2014,RB,<=24,10.0,16.0,no_claim,,0,0
00-0031060,De'Anthony Thomas,2014,RB,<=24,12.0,16.0,excluded_sub_threshold,4.0,0,0
00-0031062,James White,2014,RB,<=24,3.0,16.0,no_claim,,0,0
00-0031064,Tom Savage,2014,QB,25-27,2.0,16.0,PTD,14.0,1,0
00-0031066,Lorenzo Taliaferro,2014,RB,<=24,10.0,16.0,no_claim,,0,0
00-0031067,Cameron Fleming,2014,OL,<=24,9.0,16.0,TTD,7.0,0,1
00-0031069,David Yankey,2014,OL,<=24,,,no_claim,,0,0
00-0031075,Alfred Blue,2014,RB,<=24,16.0,16.0,no_claim,,0,0
00-0031076,David Fales,2014,QB,<=24,,,no_claim,,0,0
00-0031085,Jay Prosch,2014,RB,<=24,3.0,16.0,no_claim,,0,0
00-0031095,Charles Leno Jr.,2014,OL,<=24,,,no_claim,,0,0
00-0031106,Henry Josey,2014,RB,<=24,,,no_claim,,0,0
00-0031107,Austin Wentworth,2014,OL,25-27,3.0,16.0,no_claim,,0,0
00-0031122,Andrew Norwell,2014,OL,<=24,12.0,16.0,no_claim,,0,0
00-0031128,Ryan Groy,2014,OL,<=24,4.0,16.0,no_claim,,0,0
00-0031158,George Atkinson,2014,RB,<=24,,,no_claim,,0,0
00-0031174,Bryan Stork,2014,OL,<=24,15.0,16.0,no_claim,,0,0
00-0031180,Kadeem Edwards,2014,OL,<=24,,,no_claim,,0,0
00-0031182,Kevin Pamphile,2014,OL,<=24,7.0,16.0,no_claim,,0,0
00-0031191,Luke Bowanko,2014,OL,<=24,15.0,16.0,no_claim,,0,0
00-0031197,David Foucault,2014,OL,25-27,4.0,16.0,no_claim,,0,0
00-0031209,Senorise Perry,2014,RB,<=24,1.0,16.0,no_claim,,0,0
00-0031237,Teddy Bridgewater,2014,QB,<=24,13.0,16.0,no_claim,,0,0
00-0031238,Weston Richburg,2014,OL,<=24,16.0,16.0,no_claim,,0,0
00-0031243,Storm Johnson,2014,RB,<=24,5.0,16.0,PTD,11.0,1,0
00-0031260,Logan Thomas,2014,QB,<=24,2.0,16.0,no_claim,,0,0
00-0031266,Zach Mettenberger,2014,QB,<=24,7.0,16.0,PTD,9.0,1,0
00-0031277,Branden Oliver,2014,RB,<=24,14.0,16.0,no_claim,,0,0
00-0031279,Jake Matthews,2014,OL,<=24,15.0,16.0,no_claim,,0,0
00-0031280,Derek Carr,2014,QB,<=24,16.0,16.0,no_claim,,0,0
00-0031282,Justin Britt,2014,OL,<=24,18.0,16.0,no_claim,,0,0
00-0031284,Travis Swanson,2014,OL,<=24,11.0,16.0,no_claim,,0,0
00-0031285,Devonta Freeman,2014,RB,<=24,16.0,16.0,no_claim,,0,0
00-0031287,Aaron Murray,2014,QB,<=24,,,no_claim,,0,0
00-0031288,A.J. McCarron,2014,QB,<=24,,,no_claim,,0,0
00-0031301,Jeremy Hill,2014,RB,<=24,16.0,16.0,no_claim,,0,0
00-0031306,Russell Bodine,2014,OL,<=24,17.0,16.0,no_claim,,0,0
00-0031311,Cyril Richardson,2014,OL,<=24,6.0,16.0,no_claim,,0,0
00-0031314,Wesley Johnson,2014,OL,<=24,,,no_claim,,0,0
00-0031330,Morgan Moses,2014,OL,<=24,4.0,16.0,no_claim,,0,0
00-0031332,Fitzgerald Toussaint,2014,RB,25-27,2.0,16.0,no_claim,,0,0
00-0031335,Cyrus Kouandjio,2014,OL,<=24,0.0,16.0,no_claim,,0,0
00-0031337,Marcus Martin,2014,OL,<=24,8.0,16.0,TTD,8.0,0,1
00-0031345,Jimmy Garoppolo,2014,QB,<=24,5.0,16.0,no_claim,,0,0
00-0031353,Michael Schofield,2014,OL,<=24,,,no_claim,,0,0
00-0031362,Trai Turner,2014,OL,<=24,15.0,16.0,no_claim,,0,0
00-0031367,Gabe Jackson,2014,OL,<=24,13.0,16.0,excluded_sub_threshold,3.0,0,0
00-0031369,Brandon Linder,2014,OL,<=24,15.0,16.0,no_claim,,0,0
00-0031375,Terrance West,2014,RB,<=24,14.0,16.0,no_claim,,0,0
00-0031376,Jerick McKinnon,2014,RB,<=24,11.0,16.0,excluded_sub_threshold,5.0,0,0
00-0031386,Greg Robinson,2014,OL,<=24,14.0,16.0,no_claim,,0,0
00-0031390,Charles Sims,2014,RB,<=24,8.0,16.0,no_claim,,0,0
00-0031391,Tre Mason,2014,RB,<=24,12.0,16.0,no_claim,,0,0
00-0031392,Dri Archer,2014,RB,<=24,10.0,16.0,PTD,6.0,1,0
00-0031402,Zack Martin,2014,OL,<=24,18.0,16.0,no_claim,,0,0
00-0031407,Blake Bortles,2014,QB,<=24,14.0,16.0,no_claim,,0,0
00-0031409,Johnny Manziel,2014,QB,<=24,4.0,16.0,TTD,12.0,0,1
00-0031410,Xavier Su'a-Filo,2014,OL,<=24,8.0,16.0,TTD,8.0,0,1
00-0031413,Bishop Sankey,2014,RB,<=24,16.0,16.0,no_claim,,0,0
00-0031417,Ja'Wuan James,2014,OL,<=24,16.0,16.0,no_claim,,0,0
00-0031426,Joel Bitonio,2014,OL,<=24,16.0,16.0,no_claim,,0,0
00-0031433,Billy Turner,2014,OL,<=24,1.0,16.0,TTD,15.0,0,1
00-0031442,Taylor Lewan,2014,OL,<=24,10.0,16.0,TTD,6.0,0,1
00-0031450,Josh Harris,2014,RB,<=24,2.0,16.0,no_claim,,0,0
00-0031459,Glenn Winston,2014,RB,25-27,,,no_claim,,0,0
00-0007091,Matt Hasselbeck,2015,QB,31+,8.0,16.0,PTD,8.0,1,0
00-0010346,Peyton Manning,2015,QB,31+,10.0,16.0,PTD,6.0,1,0
00-0019596,Tom Brady,2015,QB,31+,16.0,16.0,no_claim,,0,0
00-0020245,Michael Vick,2015,QB,31+,5.0,16.0,PTD,11.0,1,0
00-0020531,Drew Brees,2015,QB,31+,15.0,16.0,no_claim,,0,0
00-0020679,Shaun Hill,2015,QB,31+,3.0,16.0,no_claim,,0,0
00-0021206,Josh McCown,2015,QB,31+,8.0,16.0,TTD,8.0,0,1
00-0021429,Carson Palmer,2015,QB,31+,16.0,16.0,no_claim,,0,0
00-0021678,Tony Romo,2015,QB,31+,4.0,16.0,PTD,12.0,1,0
00-0022531,Jason Peters,2015,OL,31+,14.0,16.0,excluded_sub_threshold,2.0,0,0
00-0022736,Steven Jackson,2015,RB,31+,2.0,16.0,no_claim,,0,0
00-0022787,Matt Schaub,2015,QB,31+,2.0,16.0,no_claim,,0,0
00-0022803,Eli Manning,2015,QB,31+,16.0,16.0,no_claim,,0,0
00-0022864,Luke McCown,2015,QB,31+,2.0,16.0,PTD,14.0,1,0
00-0022924,Ben Roethlisberger,2015,QB,31+,12.0,16.0,excluded_sub_threshold,4.0,0,0
00-0022942,Philip Rivers,2015,QB,31+,16.0,16.0,no_claim,,0,0
00-0022999,John Kuhn,2015,RB,31+,9.0,16.0,no_claim,,0,0
00-0023016,Erik Pears,2015,OL,31+,16.0,16.0,no_claim,,0,0
00-0023436,Alex Smith,2015,QB,31+,16.0,16.0,no_claim,,0,0
00-0023459,Aaron Rodgers,2015,QB,31+,16.0,16.0,no_claim,,0,0
00-0023467,Logan Mankins,2015,OL,31+,15.0,16.0,no_claim,,0,0
00-0023487,Khalif Barnes,2015,OL,31+,10.0,16.0,no_claim,,0,0
00-0023500,Frank Gore,2015,RB,31+,16.0,16.0,no_claim,,0,0
00-0023514,Evan Mathis,2015,OL,31+,18.0,16.0,no_claim,,0,0
00-0023516,Richie Incognito,2015,OL,31+,16.0,16.0,no_claim,,0,0
00-0023560,Todd Herremans,2015,OL,31+,2.0,16.0,no_claim,,0,0
00-0023564,Darren Sproles,2015,RB,31+,16.0,16.0,no_claim,,0,0
00-0023578,Dan Orlovsky,2015,QB,31+,2.0,16.0,no_claim,,0,0
00-0023639,Joe Berger,2015,OL,31+,17.0,16.0,no_claim,,0,0
00-0023645,Derek Anderson,2015,QB,31+,3.0,16.0,no_claim,,0,0
00-0023662,Matt Cassel,2015,QB,31+,8.0,16.0,no_claim,,0,0
00-0023682,Ryan Fitzpatrick,2015,QB,31+,16.0,16.0,no_claim,,0,0
00-0023894,Donald Penn,2015,OL,31+,16.0,16.0,no_claim,,0,0
00-0024193,Willie Colon,2015,OL,31+,6.0,16.0,PTD,10.0,1,0
00-0024204,Fred Jackson,2015,RB,31+,15.0,16.0,no_claim,,0,0
00-0024217,Reggie Bush,2015,RB,31+,5.0,16.0,TTD,11.0,0,1
00-0024219,D'Brickashaw Ferguson,2015,OL,31+,16.0,16.0,no_claim,,0,0
00-0024226,Jay Cutler,2015,QB,31+,15.0,16.0,no_claim,,0,0
00-0024242,DeAngelo Williams,2015,RB,31+,16.0,16.0,no_claim,,0,0
00-0024244,Nick Mangold,2015,OL,31+,15.0,16.0,no_claim,,0,0
00-0024264,Kellen Clemens,2015,QB,31+,2.0,16.0,no_claim,,0,0
00-0024270,Andrew Whitworth,2015,OL,31+,17.0,16.0,no_claim,,0,0
00-0024271,Chris Chester,2015,OL,31+,16.0,16.0,no_claim,,0,0
00-0024279,Tarvaris Jackson,2015,QB,31+,4.0,16.0,no_claim,,0,0
00-0024281,Eric Winston,2015,OL,31+,9.0,16.0,no_claim,,0,0
00-0024296,Charlie Whitehurst,2015,QB,31+,4.0,16.0,no_claim,,0,0
00-0024323,Jahri Evans,2015,OL,31+,11.0,16.0,excluded_sub_threshold,5.0,0,0
00-0024424,Zach Strief,2015,OL,31+,15.0,16.0,no_claim,,0,0
00-0024448,Will Montgomery,2015,OL,31+,4.0,16.0,no_claim,,0,0
00-0024813,Pierre Thomas,2015,RB,31+,4.0,16.0,no_claim,,0,0
00-0025390,Joe Thomas,2015,OL,31+,16.0,16.0,no_claim,,0,0
00-0025394,Adrian Peterson,2015,RB,31+,16.0,16.0,no_claim,,0,0
00-0025399,Marshawn Lynch,2015,RB,28-30,7.0,16.0,TTD,9.0,0,1
00-0025415,Joe Staley,2015,OL,31+,16.0,16.0,no_claim,,0,0
00-0025416,Ben Grubbs,2015,OL,31+,7.0,16.0,PTD,9.0,1,0
00-0025430,Drew Stanton,2015,QB,31+,6.0,16.0,no_claim,,0,0
00-0025446,Ryan Kalil,2015,OL,31+,18.0,16.0,no_claim,,0,0
00-0025457,Ryan Harris,2015,OL,31+,19.0,16.0,no_claim,,0,0
00-0025473,Marshal Yanda,2015,OL,31+,16.0,16.0,no_claim,,0,0
00-0025504,Manuel Ramirez,2015,OL,31+,9.0,16.0,no_claim,,0,0
00-0025506,Allen Barbre,2015,OL,31+,16.0,16.0,no_claim,,0,0
00-0025509,Doug Free,2015,OL,31+,16.0,16.0,no_claim,,0,0
00-0025512,Jermon Bushrod,2015,OL,31+,8.0,16.0,TTD,8.0,0,1
00-0025637,Ahmad Bradshaw,2015,RB,28-30,6.0,16.0,no_claim,,0,0
00-0025682,Lyle Sendlein,2015,OL,31+,17.0,16.0,no_claim,,0,0
00-0025708,Matt Moore,2015,QB,31+,1.0,16.0,no_claim,,0,0
00-0025820,Jake Long,2015,OL,31+,1.0,16.0,no_claim,,0,0
00-0025826,Tyler Polumbus,2015,OL,31+,15.0,16.0,no_claim,,0,0
00-0025829,Doug Legursky,2015,OL,28-30,2.0,16.0,no_claim,,0,0
00-0025866,Ryan Wendell,2015,OL,28-30,2.0,16.0,PTD,14.0,1,0
00-0025900,Chris Clark,2015,OL,28-30,12.0,16.0,no_claim,,0,0
00-0025925,Fernando Velasco,2015,OL,31+,7.0,16.0,no_claim,,0,0
00-0025980,Brian De La Puente,2015,OL,31+,3.0,16.0,no_claim,,0,0
00-0026019,Danny Woodhead,2015,RB,31+,16.0,16.0,no_claim,,0,0
00-0026069,Mike Tolbert,2015,RB,28-30,16.0,16.0,no_claim,,0,0
00-0026143,Matt Ryan,2015,QB,31+,16.0,16.0,no_claim,,0,0
00-0026144,Darren McFadden,2015,RB,28-30,16.0,16.0,no_claim,,0,0
00-0026153,Jonathan Stewart,2015,RB,28-30,13.0,16.0,excluded_sub_threshold,3.0,0,0
00-0026155,Branden Albert,2015,OL,31+,14.0,16.0,excluded_sub_threshold,2.0,0,0
00-0026157,Gosder Cherilus,2015,OL,31+,13.0,16.0,no_claim,,0,0
00-0026158,Joe Flacco,2015,QB,31+,10.0,16.0,no_claim,,0,0
00-0026164,Chris Johnson,2015,RB,28-30,11.0,16.0,no_claim,,0,0
00-0026166,Duane Brown,2015,OL,31+,14.0,16.0,excluded_sub_threshold,2.0,0,0
00-0026184,Matt Forte,2015,RB,28-30,13.0,16.0,excluded_sub_threshold,3.0,0,0
00-0026197,Chad Henne,2015,QB,31+,,,no_claim,,0,0
00-0026205,John Greco,2015,OL,31+,14.0,16.0,no_claim,,0,0
00-0026213,Jamaal Charles,2015,RB,28-30,5.0,16.0,no_claim,,0,0
00-0026223,Jeremy Zuttah,2015,OL,28-30,9.0,16.0,no_claim,,0,0
00-0026247,Cody Wallace,2015,OL,31+,18.0,16.0,no_claim,,0,0
00-0026248,Kory Lichtensteiger,2015,OL,31+,6.0,16.0,PTD,10.0,1,0
00-0026249,Mike McGlynn,2015,OL,31+,2.0,16.0,no_claim,,0,0
00-0026270,Tony Hills,2015,OL,31+,3.0,16.0,no_claim,,0,0
00-0026275,Josh Sitton,2015,OL,28-30,18.0,16.0,no_claim,,0,0
00-0026286,Jerome Felton,2015,RB,28-30,3.0,16.0,no_claim,,0,0
00-0026289,Tim Hightower,2015,RB,28-30,6.0,16.0,no_claim,,0,0
00-0026290,Breno Giacomini,2015,OL,28-30,16.0,16.0,no_claim,,0,0
00-0026300,Josh Johnson,2015,QB,28-30,,,no_claim,,0,0
00-0026349,Matt Flynn,2015,QB,31+,,,no_claim,,0,0
00-0026370,King Dunlap,2015,OL,28-30,7.0,16.0,TTD,9.0,0,1
00-0026373,Justin Forsett,2015,RB,28-30,10.0,16.0,no_claim,,0,0
00-0026381,Geoff Schwartz,2015,OL,28-30,11.0,16.0,no_claim,,0,0
00-0026390,Mackenzy Bernadeau,2015,OL,28-30,4.0,16.0,no_claim,,0,0
00-0026393,Marcel Reece,2015,RB,31+,15.0,16.0,no_claim,,0,0
00-0026408,Joe Reitz,2015,OL,31+,16.0,16.0,no_claim,,0,0
00-0026498,Matthew Stafford,2015,QB,28-30,16.0,16.0,no_claim,,0,0
00-0026500,Matt Slauson,2015,OL,28-30,16.0,16.0,no_claim,,0,0
00-0026544,Chase Daniel,2015,QB,28-30,2.0,16.0,no_claim,,0,0
00-0026561,Ramon Foster,2015,OL,28-30,18.0,16.0,no_claim,,0,0
00-0026574,Dallas Reynolds,2015,OL,31+,9.0,16.0,no_claim,,0,0
00-0026625,Brian Hoyer,2015,QB,28-30,11.0,16.0,excluded_sub_threshold,5.0,0,0
00-0026762,Alex Boone,2015,OL,28-30,13.0,16.0,excluded_sub_threshold,3.0,0,0
00-0026784,Evan Smith,2015,OL,28-30,,,no_claim,,0,0
00-0026796,Arian Foster,2015,RB,28-30,4.0,16.0,PTD,12.0,1,0
00-0026814,Demar Dotson,2015,OL,28-30,3.0,16.0,no_claim,,0,0
00-0026839,Jermey Parnell,2015,OL,28-30,15.0,16.0,no_claim,,0,0
00-0026852,Darrel Young,2015,RB,28-30,9.0,16.0,no_claim,,0,0
00-0026855,Antone Smith,2015,RB,28-30,1.0,16.0,no_claim,,0,0
00-0026898,Mark Sanchez,2015,QB,28-30,3.0,16.0,no_claim,,0,0
00-0026929,Andrew Gardner,2015,OL,28-30,3.0,16.0,no_claim,,0,0
00-0026932,Cedric Peerman,2015,RB,28-30,,,no_claim,,0,0
00-0026950,A.Q. Shipley,2015,OL,28-30,12.0,16.0,no_claim,,0,0
00-0026961,Lance Louis,2015,OL,31+,6.0,16.0,no_claim,,0,0
00-0026982,Andre Smith,2015,OL,28-30,15.0,16.0,no_claim,,0,0
00-0026984,Eugene Monroe,2015,OL,28-30,6.0,16.0,PTD,10.0,1,0
00-0026993,Josh Freeman,2015,QB,28-30,1.0,16.0,no_claim,,0,0
00-0026997,Alex Mack,2015,OL,28-30,16.0,16.0,no_claim,,0,0
00-0026999,Michael Oher,2015,OL,28-30,19.0,16.0,no_claim,,0,0
00-0027003,Donald Brown,2015,RB,28-30,6.0,16.0,no_claim,,0,0
00-0027004,Eric Wood,2015,OL,28-30,16.0,16.0,no_claim,,0,0
00-0027025,Max Unger,2015,OL,28-30,16.0,16.0,no_claim,,0,0
00-0027027,Andy Levitre,2015,OL,28-30,16.0,16.0,no_claim,,0,0
00-0027029,LeSean McCoy,2015,RB,28-30,12.0,16.0,excluded_sub_threshold,4.0,0,0
00-0027034,Sebastian Vollmer,2015,OL,31+,16.0,16.0,no_claim,,0,0
00-0027052,Louis Vasquez,2015,OL,28-30,18.0,16.0,no_claim,,0,0
00-0027053,Kraig Urbik,2015,OL,28-30,10.0,16.0,no_claim,,0,0
00-0027078,T.J. Lang,2015,OL,28-30,17.0,16.0,no_claim,,0,0
00-0027109,James Casey,2015,RB,31+,,,no_claim,,0,0
00-0027110,Garrett Reynolds,2015,OL,28-30,13.0,16.0,no_claim,,0,0
00-0027112,Jamon Meredith,2015,OL,28-30,10.0,16.0,no_claim,,0,0
00-0027155,Rashad Jennings,2015,RB,31+,16.0,16.0,no_claim,,0,0
00-0027218,Joique Bell,2015,RB,28-30,13.0,16.0,excluded_sub_threshold,3.0,0,0
00-0027253,Thad Lewis,2015,QB,28-30,,,no_claim,,0,0
00-0027282,Ben Garland,2015,OL,28-30,,,no_claim,,0,0
00-0027297,Austin Howard,2015,OL,28-30,13.0,16.0,excluded_sub_threshold,3.0,0,0
00-0027309,Lemuel Jeanpierre,2015,OL,28-30,4.0,16.0,no_claim,,0,0
00-0027325,LeGarrette Blount,2015,RB,28-30,12.0,16.0,no_claim,,0,0
00-0027469,Jeff Linkenbach,2015,OL,28-30,6.0,16.0,no_claim,,0,0
00-0027531,Chris Ivory,2015,RB,28-30,15.0,16.0,no_claim,,0,0
00-0027607,Ted Larsen,2015,OL,28-30,12.0,16.0,no_claim,,0,0
00-0027609,J'Marcus Webb,2015,OL,28-30,16.0,16.0,no_claim,,0,0
00-0027648,Rodger Saffold,2015,OL,28-30,5.0,16.0,no_claim,,0,0
00-0027651,Dexter McCluster,2015,RB,28-30,11.0,16.0,excluded_sub_threshold,5.0,0,0
00-0027658,Zane Beadles,2015,OL,28-30,16.0,16.0,no_claim,,0,0
00-0027659,Jimmy Clausen,2015,QB,28-30,4.0,16.0,no_claim,,0,0
00-0027667,Vladimir Ducasse,2015,OL,28-30,,,no_claim,,0,0
00-0027669,Charles Brown,2015,OL,28-30,11.0,16.0,no_claim,,0,0
00-0027674,Jared Veldheer,2015,OL,28-30,18.0,16.0,no_claim,,0,0
00-0027678,John Jerry,2015,OL,28-30,16.0,16.0,no_claim,,0,0
00-0027683,J.D. Walton,2015,OL,28-30,3.0,16.0,no_claim,,0,0
00-0027688,Colt McCoy,2015,QB,28-30,1.0,16.0,no_claim,,0,0
00-0027694,Shawn Lauvao,2015,OL,28-30,3.0,16.0,no_claim,,0,0
00-0027717,Joe Hawley,2015,OL,25-27,15.0,16.0,no_claim,,0,0
00-0027728,Jason Fox,2015,OL,28-30,15.0,16.0,no_claim,,0,0
00-0027729,Jacques McClendon,2015,OL,28-30,1.0,16.0,no_claim,,0,0
00-0027750,Chris Scott,2015,OL,28-30,11.0,16.0,no_claim,,0,0
00-0027768,Marshall Newhouse,2015,OL,25-27,14.0,16.0,excluded_sub_threshold,2.0,0,0
00-0027772,Anthony Dixon,2015,RB,28-30,8.0,16.0,no_claim,,0,0
00-0027778,Sam Young,2015,OL,28-30,6.0,16.0,no_claim,,0,0
00-0027785,Shelley Smith,2015,OL,28-30,,,no_claim,,0,0
00-0027791,James Starks,2015,RB,28-30,16.0,16.0,no_claim,,0,0
00-0027796,Joe Webb,2015,QB,28-30,1.0,16.0,no_claim,,0,0
00-0027854,Sam Bradford,2015,QB,28-30,14.0,16.0,excluded_sub_threshold,2.0,0,0
00-0027857,Trent Williams,2015,OL,28-30,15.0,16.0,no_claim,,0,0
00-0027859,Russell Okung,2015,OL,25-27,15.0,16.0,no_claim,,0,0
00-0027861,C.J. Spiller,2015,RB,28-30,13.0,16.0,excluded_sub_threshold,3.0,0,0
00-0027864,Ryan Mathews,2015,RB,28-30,13.0,16.0,excluded_sub_threshold,3.0,0,0
00-0027869,Mike Iupati,2015,OL,28-30,15.0,16.0,no_claim,,0,0
00-0027875,Bryan Bulaga,2015,OL,25-27,14.0,16.0,excluded_sub_threshold,2.0,0,0
00-0027888,Toby Gerhart,2015,RB,28-30,5.0,16.0,PTD,11.0,1,0
00-0027905,Will Tukuafu,2015,RB,31+,4.0,16.0,PTD,12.0,1,0
00-0027917,Tyler Clutts,2015,RB,31+,1.0,16.0,no_claim,,0,0
00-0027939,Cam Newton,2015,QB,25-27,16.0,16.0,no_claim,,0,0
00-0027947,Tyron Smith,2015,OL,25-27,16.0,16.0,no_claim,,0,0
00-0027948,Blaine Gabbert,2015,QB,25-27,8.0,16.0,no_claim,,0,0
00-0027950,Christian Ponder,2015,QB,28-30,,,no_claim,,0,0
00-0027953,Mike Pouncey,2015,OL,25-27,14.0,16.0,excluded_sub_threshold,2.0,0,0
00-0027955,Nate Solder,2015,OL,28-30,4.0,16.0,no_claim,,0,0
00-0027960,Anthony Castonzo,2015,OL,28-30,13.0,16.0,excluded_sub_threshold,3.0,0,0
00-0027963,James Carpenter,2015,OL,25-27,16.0,16.0,no_claim,,0,0
00-0027966,Mark Ingram,2015,RB,25-27,12.0,16.0,no_claim,,0,0
00-0027973,Andy Dalton,2015,QB,28-30,13.0,16.0,excluded_sub_threshold,3.0,0,0
00-0027974,Colin Kaepernick,2015,QB,28-30,9.0,16.0,no_claim,,0,0
00-0027984,Orlando Franklin,2015,OL,28-30,10.0,16.0,TTD,6.0,0,1
00-0027986,Stefen Wisniewski,2015,OL,25-27,16.0,16.0,no_claim,,0,0
00-0027987,Ben Ijalana,2015,OL,25-27,,,no_claim,,0,0
00-0027993,Rodney Hudson,2015,OL,25-27,13.0,16.0,excluded_sub_threshold,3.0,0,0
00-0027994,Shane Vereen,2015,RB,25-27,16.0,16.0,no_claim,,0,0
00-0028001,Marcus Gilbert,2015,OL,28-30,18.0,16.0,no_claim,,0,0
00-0028009,DeMarco Murray,2015,RB,28-30,15.0,16.0,no_claim,,0,0
00-0028011,Stevan Ridley,2015,RB,25-27,8.0,16.0,no_claim,,0,0
00-0028012,Ryan Mallett,2015,QB,28-30,7.0,16.0,no_claim,,0,0
00-0028023,Jah Reid,2015,OL,28-30,12.0,16.0,no_claim,,0,0
00-0028030,Joe Barksdale,2015,OL,25-27,16.0,16.0,no_claim,,0,0
00-0028039,Clint Boling,2015,OL,25-27,17.0,16.0,no_claim,,0,0
00-0028043,Roy Helu,2015,RB,25-27,8.0,16.0,no_claim,,0,0
00-0028053,Kendall Hunter,2015,RB,25-27,1.0,16.0,no_claim,,0,0
00-0028060,Chris Hairston,2015,OL,25-27,16.0,16.0,no_claim,,0,0
00-0028063,Taiwan Jones,2015,RB,28-30,9.0,16.0,PTD,7.0,1,0
00-0028064,Bilal Powell,2015,RB,25-27,11.0,16.0,excluded_sub_threshold,5.0,0,0
00-0028074,Anthony Sherman,2015,RB,25-27,4.0,16.0,no_claim,,0,0
00-0028076,Marcus Cannon,2015,OL,28-30,14.0,16.0,excluded_sub_threshold,2.0,0,0
00-0028083,Jacquizz Rodgers,2015,RB,25-27,5.0,16.0,no_claim,,0,0
00-0028087,Dion Lewis,2015,RB,25-27,7.0,16.0,no_claim,,0,0
00-0028090,T.J. Yates,2015,QB,28-30,4.0,16.0,no_claim,,0,0
00-0028099,Julian Vandervelde,2015,OL,28-30,0.0,16.0,no_claim,,0,0
00-0028101,Daniel Kilgore,2015,OL,28-30,5.0,16.0,no_claim,,0,0
00-0028110,Brandon Fusco,2015,OL,28-30,17.0,16.0,no_claim,,0,0
00-0028113,Byron Stingily,2015,OL,25-27,,,no_claim,,0,0
00-0028118,Tyrod Taylor,2015,QB,25-27,14.0,16.0,excluded_sub_threshold,2.0,0,0
00-0028121,Jordan Todman,2015,RB,25-27,3.0,16.0,no_claim,,0,0
00-0028129,Jason Kelce,2015,OL,28-30,16.0,16.0,no_claim,,0,0
00-0028149,Bruce Miller,2015,RB,28-30,10.0,16.0,no_claim,,0,0
00-0028152,Derek Newton,2015,OL,28-30,17.0,16.0,no_claim,,0,0
00-0028177,Mike Person,2015,OL,28-30,,,no_claim,,0,0
00-0028198,Matt Asiata,2015,RB,28-30,15.0,16.0,no_claim,,0,0
00-0028202,Shaun Draughn,2015,RB,28-30,9.0,16.0,TTD,7.0,0,1
00-0028202,Shaun Draughn,2015,RB,28-30,9.0,16.0,TTD,7.0,0,1
00-0028240,Kenny Wiggins,2015,OL,28-30,14.0,16.0,no_claim,,0,0
00-0028274,Tim Barnes,2015,OL,28-30,16.0,16.0,no_claim,,0,0
00-0028409,DuJuan Harris,2015,RB,25-27,4.0,16.0,no_claim,,0,0
00-0028453,Pat Devlin,2015,QB,28-30,,,no_claim,,0,0
00-0028570,Taylor Boggs,2015,OL,28-30,2.0,16.0,no_claim,,0,0
00-0028581,Patrick DiMarco,2015,RB,25-27,10.0,16.0,no_claim,,0,0
00-0028595,Scott Tolzien,2015,QB,28-30,2.0,16.0,no_claim,,0,0
00-0028738,Byron Bell,2015,OL,25-27,16.0,16.0,no_claim,,0,0
00-0028795,Chase Reynolds,2015,RB,28-30,,,no_claim,,0,0
00-0028841,Will Johnson,2015,RB,25-27,5.0,16.0,no_claim,,0,0
00-0028862,Bryce Harris,2015,OL,25-27,1.0,16.0,no_claim,,0,0
00-0028875,Matthew Masifilo,2015,OL,25-27,0.0,16.0,no_claim,,0,0
00-0028957,Austin Davis,2015,QB,25-27,3.0,16.0,no_claim,,0,0
00-0028986,Case Keenum,2015,QB,28-30,5.0,16.0,no_claim,,0,0
00-0028998,Jeff Adams,2015,OL,25-27,2.0,16.0,PTD,14.0,1,0
00-0029004,Lance Dunbar,2015,RB,25-27,4.0,16.0,no_claim,,0,0
00-0029010,Ronald Leary,2015,OL,25-27,4.0,16.0,TTD,12.0,0,1
00-0029048,Joe Banyard,2015,RB,25-27,,,no_claim,,0,0
00-0029066,Trevor Robinson,2015,OL,25-27,15.0,16.0,no_claim,,0,0
00-0029068,Derrick Coleman,2015,RB,25-27,5.0,16.0,PTD,11.0,1,0
00-0029076,Austin Pasztor,2015,OL,25-27,6.0,16.0,no_claim,,0,0
00-0029091,Bradley Sowell,2015,OL,25-27,5.0,16.0,no_claim,,0,0
00-0029104,Jonas Gray,2015,RB,25-27,7.0,16.0,no_claim,,0,0
00-0029139,Adam Gettis,2015,OL,25-27,1.0,16.0,no_claim,,0,0
00-0029141,Alfred Morris,2015,RB,25-27,16.0,16.0,no_claim,,0,0
00-0029144,Tom Compton,2015,OL,25-27,14.0,16.0,no_claim,,0,0
00-0029146,J.R. Sweezy,2015,OL,25-27,17.0,16.0,no_claim,,0,0
00-0029164,Mike Remmers,2015,OL,25-27,19.0,16.0,no_claim,,0,0
00-0029168,Brian Folkerts,2015,OL,25-27,0.0,16.0,no_claim,,0,0
00-0029187,Don Barclay,2015,OL,25-27,10.0,16.0,no_claim,,0,0
00-0029203,David Molk,2015,OL,25-27,0.0,16.0,no_claim,,0,0
00-0029205,Travaris Cadet,2015,RB,25-27,6.0,16.0,no_claim,,0,0
00-0029234,Kellen Moore,2015,QB,28-30,3.0,16.0,no_claim,,0,0
00-0029239,Brandon Bolden,2015,RB,25-27,11.0,16.0,no_claim,,0,0
00-0029243,Jeremiah Warren,2015,OL,28-30,0.0,16.0,no_claim,,0,0
00-0029253,Mitchell Schwartz,2015,OL,25-27,16.0,16.0,no_claim,,0,0
00-0029254,Amini Silatolu,2015,OL,25-27,4.0,16.0,TTD,12.0,0,1
00-0029259,Kelechi Osemele,2015,OL,25-27,14.0,16.0,excluded_sub_threshold,2.0,0,0
00-0029260,LaMichael James,2015,RB,25-27,,,no_claim,,0,0
00-0029263,Russell Wilson,2015,QB,25-27,16.0,16.0,no_claim,,0,0
00-0029264,Bernard Pierce,2015,RB,25-27,4.0,16.0,PTD,12.0,1,0
00-0029268,Gino Gradkowski,2015,OL,25-27,1.0,16.0,no_claim,,0,0
00-0029273,Robert Turbin,2015,RB,25-27,10.0,16.0,TTD,6.0,0,1
00-0029273,Robert Turbin,2015,RB,25-27,10.0,16.0,TTD,6.0,0,1
00-0029278,Joe Looney,2015,OL,25-27,8.0,16.0,no_claim,,0,0
00-0029288,Johnnie Troutman,2015,OL,28-30,,,no_claim,,0,0
00-0029302,Matt McCants,2015,OL,25-27,1.0,16.0,no_claim,,0,0
00-0029316,Kelvin Beachum,2015,OL,25-27,6.0,16.0,no_claim,,0,0
00-0029384,Bobby Rainey,2015,RB,28-30,5.0,16.0,no_claim,,0,0
00-0029400,Nate Chandler,2015,OL,25-27,,,no_claim,,0,0
00-0029413,Ben Jones,2015,OL,25-27,17.0,16.0,no_claim,,0,0
00-0029419,Dennis Kelly,2015,OL,25-27,10.0,16.0,no_claim,,0,0
00-0029429,Bryce Brown,2015,RB,25-27,3.0,16.0,no_claim,,0,0
00-0029438,Chris Polk,2015,RB,25-27,15.0,16.0,no_claim,,0,0
00-0029457,Michael Harris,2015,OL,25-27,17.0,16.0,no_claim,,0,0
00-0029470,Andrew McDonald,2015,OL,25-27,,,no_claim,,0,0
00-0029492,Jamize Olawale,2015,RB,25-27,10.0,16.0,TTD,6.0,0,1
00-0029510,Jonathan Grimes,2015,RB,25-27,13.0,16.0,excluded_sub_threshold,3.0,0,0
00-0029524,Jeff Allen,2015,OL,25-27,12.0,16.0,no_claim,,0,0
00-0029528,Bobby Massie,2015,OL,25-27,16.0,16.0,no_claim,,0,0
00-0029531,Ryan Lindley,2015,QB,25-27,1.0,16.0,no_claim,,0,0
00-0029543,Donald Stephenson,2015,OL,25-27,13.0,16.0,no_claim,,0,0
00-0029546,Senio Kelemete,2015,OL,25-27,13.0,16.0,no_claim,,0,0
00-0029547,Vick Ballard,2015,RB,25-27,,,no_claim,,0,0
00-0029561,Cordy Glenn,2015,OL,25-27,16.0,16.0,no_claim,,0,0
00-0029567,Nick Foles,2015,QB,25-27,11.0,16.0,no_claim,,0,0
00-0029588,Dan Herron,2015,RB,25-27,8.0,16.0,no_claim,,0,0
00-0029592,Kevin Zeitler,2015,OL,25-27,17.0,16.0,no_claim,,0,0
00-0029604,Kirk Cousins,2015,QB,28-30,16.0,16.0,no_claim,,0,0
00-0029613,Doug Martin,2015,RB,25-27,16.0,16.0,no_claim,,0,0
00-0029615,Lamar Miller,2015,RB,25-27,16.0,16.0,no_claim,,0,0
00-0029619,Jorvorskie Lane,2015,RB,28-30,3.0,16.0,no_claim,,0,0
00-0029623,Alex Tanney,2015,QB,28-30,1.0,16.0,no_claim,,0,0
00-0029626,Isaiah Pead,2015,RB,25-27,1.0,16.0,no_claim,,0,0
00-0029661,Andrew Tiller,2015,OL,25-27,12.0,16.0,no_claim,,0,0
00-0029665,Robert Griffin,2015,QB,25-27,,,no_claim,,0,0
00-0029666,Josh LeRibeus,2015,OL,25-27,14.0,16.0,no_claim,,0,0
00-0029668,Andrew Luck,2015,QB,25-27,7.0,16.0,TTD,9.0,0,1
00-0029672,Riley Reiff,2015,OL,25-27,16.0,16.0,no_claim,,0,0
00-0029677,Brandon Weeden,2015,QB,31+,6.0,16.0,no_claim,,0,0
00-0029678,David DeCastro,2015,OL,25-27,18.0,16.0,no_claim,,0,0
00-0029679,Brandon Brooks,2015,OL,25-27,15.0,16.0,no_claim,,0,0
00-0029682,Brock Osweiler,2015,QB,25-27,8.0,16.0,no_claim,,0,0
00-0029683,Ronnie Hillman,2015,RB,<=24,16.0,16.0,no_claim,,0,0
00-0029687,Matt Kalil,2015,OL,25-27,17.0,16.0,no_claim,,0,0
00-0029699,Tony Bergstrom,2015,OL,28-30,6.0,16.0,no_claim,,0,0
00-0029701,Ryan Tannehill,2015,QB,28-30,16.0,16.0,no_claim,,0,0
00-0029709,Ty Nsekhe,2015,OL,28-30,11.0,16.0,no_claim,,0,0
00-0029729,Austin Johnson,2015,RB,25-27,5.0,16.0,no_claim,,0,0
00-0029731,Fozzy Whittaker,2015,RB,25-27,13.0,16.0,excluded_sub_threshold,3.0,0,0
00-0029786,Ryan Schraeder,2015,OL,28-30,16.0,16.0,no_claim,,0,0
00-0029795,Benny Cunningham,2015,RB,25-27,14.0,16.0,no_claim,,0,0
00-0029821,Emmett Cleary,2015,OL,25-27,,,no_claim,,0,0
00-0029833,Braxston Cave,2015,OL,25-27,,,no_claim,,0,0
00-0029854,C.J. Anderson,2015,RB,25-27,15.0,16.0,no_claim,,0,0
00-0029857,Ryan Griffin,2015,QB,25-27,,,no_claim,,0,0
00-0029886,LaAdrian Waddle,2015,OL,25-27,9.0,16.0,no_claim,,0,0
00-0029889,Patrick Omameh,2015,OL,25-27,11.0,16.0,no_claim,,0,0
00-0029892,Kyle Juszczyk,2015,RB,25-27,16.0,16.0,no_claim,,0,0
00-0029893,Rick Wagner,2015,OL,25-27,16.0,16.0,no_claim,,0,0
00-0029895,Ryan Jensen,2015,OL,25-27,8.0,16.0,no_claim,,0,0
00-0029931,Zach Line,2015,RB,25-27,10.0,16.0,no_claim,,0,0
00-0029963,Chris Hubbard,2015,OL,25-27,,,no_claim,,0,0
00-0029967,Sam Brenner,2015,OL,25-27,2.0,16.0,no_claim,,0,0
00-0029992,Josh Kline,2015,OL,25-27,16.0,16.0,no_claim,,0,0
00-0030011,Jordan Devey,2015,OL,28-30,9.0,16.0,no_claim,,0,0
00-0030039,Kendall Gaskins,2015,RB,25-27,4.0,16.0,no_claim,,0,0
00-0030046,Jordan Mills,2015,OL,25-27,8.0,16.0,no_claim,,0,0
00-0030065,Larry Warford,2015,OL,25-27,13.0,16.0,excluded_sub_threshold,3.0,0,0
00-0030066,Brian Winters,2015,OL,25-27,13.0,16.0,no_claim,,0,0
00-0030067,Terron Armstead,2015,OL,25-27,13.0,16.0,excluded_sub_threshold,3.0,0,0
00-0030071,Hugh Thornton,2015,OL,25-27,13.0,16.0,excluded_sub_threshold,3.0,0,0
00-0030074,David Bakhtiari,2015,OL,<=24,15.0,16.0,no_claim,,0,0
00-0030075,Khaled Holmes,2015,OL,25-27,9.0,16.0,PTD,7.0,1,0
00-0030076,JC Tretter,2015,OL,25-27,13.0,16.0,no_claim,,0,0
00-0030083,Oday Aboushi,2015,OL,25-27,6.0,16.0,no_claim,,0,0
00-0030094,Eric Kush,2015,OL,25-27,0.0,16.0,no_claim,,0,0
00-0030107,Theo Riddick,2015,RB,25-27,16.0,16.0,no_claim,,0,0
00-0030112,Tommy Bohanon,2015,RB,25-27,5.0,16.0,no_claim,,0,0
00-0030115,Ryan Seymour,2015,OL,25-27,,,no_claim,,0,0
00-0030117,Kerwynn Williams,2015,RB,25-27,5.0,16.0,no_claim,,0,0
00-0030126,T.J. Johnson,2015,OL,25-27,3.0,16.0,no_claim,,0,0
00-0030149,Matt Tobin,2015,OL,25-27,16.0,16.0,no_claim,,0,0
00-0030207,Alvin Bailey,2015,OL,25-27,13.0,16.0,no_claim,,0,0
00-0030217,Tim Lelito,2015,OL,25-27,14.0,16.0,excluded_sub_threshold,2.0,0,0
00-0030247,George Winn,2015,RB,25-27,2.0,16.0,no_claim,,0,0
00-0030248,Cierre Wood,2015,RB,25-27,2.0,16.0,PTD,14.0,1,0
00-0030268,Patrick Lewis,2015,OL,25-27,11.0,16.0,excluded_sub_threshold,5.0,0,0
00-0030273,Lane Taylor,2015,OL,25-27,3.0,16.0,no_claim,,0,0
00-0030280,Knile Davis,2015,RB,<=24,9.0,16.0,no_claim,,0,0
00-0030282,Stepfan Taylor,2015,RB,25-27,6.0,16.0,no_claim,,0,0
00-0030287,Andre Ellington,2015,RB,25-27,10.0,16.0,TTD,6.0,0,1
00-0030288,Rex Burkhead,2015,RB,25-27,12.0,16.0,no_claim,,0,0
00-0030313,Nick Becton,2015,OL,25-27,0.0,16.0,no_claim,,0,0
00-0030348,Khiry Robinson,2015,RB,25-27,8.0,16.0,no_claim,,0,0
00-0030388,Joseph Randle,2015,RB,<=24,6.0,16.0,PTD,10.0,1,0
00-0030389,Tanner Hawkinson,2015,OL,25-27,,,no_claim,,0,0
00-0030391,Mike James,2015,RB,25-27,,,no_claim,,0,0
00-0030404,Chris Thompson,2015,RB,25-27,13.0,16.0,excluded_sub_threshold,3.0,0,0
00-0030414,Spencer Ware,2015,RB,<=24,9.0,16.0,no_claim,,0,0
00-0030419,Matthew McGloin,2015,QB,25-27,2.0,16.0,no_claim,,0,0
00-0030429,Toben Opurum,2015,RB,25-27,,,no_claim,,0,0
00-0030432,Christine Michael,2015,RB,25-27,8.0,16.0,no_claim,,0,0
00-0030433,Mike Gillislee,2015,RB,25-27,5.0,16.0,no_claim,,0,0
00-0030441,Kyle Long,2015,OL,25-27,16.0,16.0,no_claim,,0,0
00-0030456,Giovani Bernard,2015,RB,<=24,16.0,16.0,no_claim,,0,0
00-0030465,Kenjon Barner,2015,RB,25-27,5.0,16.0,no_claim,,0,0
00-0030485,Eddie Lacy,2015,RB,25-27,15.0,16.0,no_claim,,0,0
00-0030486,Brian Schwenke,2015,OL,25-27,5.0,16.0,no_claim,,0,0
00-0030496,Le'Veon Bell,2015,RB,<=24,6.0,16.0,no_claim,,0,0
00-0030504,Earl Watford,2015,OL,25-27,6.0,16.0,no_claim,,0,0
00-0030505,D.J. Fluker,2015,OL,25-27,12.0,16.0,excluded_sub_threshold,4.0,0,0
00-0030513,Latavius Murray,2015,RB,25-27,16.0,16.0,no_claim,,0,0
00-0030520,Mike Glennon,2015,QB,25-27,,,no_claim,,0,0
00-0030524,Landry Jones,2015,QB,25-27,7.0,16.0,PTD,9.0,1,0
00-0030526,EJ Manuel,2015,QB,25-27,4.0,16.0,no_claim,,0,0
00-0030531,Dallas Thomas,2015,OL,25-27,16.0,16.0,no_claim,,0,0
00-0030533,Matt Barkley,2015,QB,25-27,,,no_claim,,0,0
00-0030534,Barrett Jones,2015,OL,25-27,,,no_claim,,0,0
00-0030536,Zac Stacy,2015,RB,25-27,6.0,16.0,no_claim,,0,0
00-0030545,Luke Joeckel,2015,OL,<=24,14.0,16.0,no_claim,,0,0
00-0030546,Travis Frederick,2015,OL,25-27,16.0,16.0,no_claim,,0,0
00-0030547,Denard Robinson,2015,RB,25-27,12.0,16.0,excluded_sub_threshold,4.0,0,0
00-0030561,Lane Johnson,2015,OL,25-27,16.0,16.0,no_claim,,0,0
00-0030565,Geno Smith,2015,QB,25-27,1.0,16.0,PTD,15.0,1,0
00-0030569,Sean Renfree,2015,QB,25-27,2.0,16.0,no_claim,,0,0
00-0030584,Eric Fisher,2015,OL,25-27,18.0,16.0,no_claim,,0,0
00-0030585,Justin Pugh,2015,OL,25-27,14.0,16.0,excluded_sub_threshold,2.0,0,0
00-0030586,Ryan Nassib,2015,QB,25-27,1.0,16.0,no_claim,,0,0
00-0030590,Jonathan Cooper,2015,OL,25-27,11.0,16.0,excluded_sub_threshold,5.0,0,0
00-0030593,Chance Warmack,2015,OL,<=24,14.0,16.0,excluded_sub_threshold,2.0,0,0
00-0030621,Michael Ola,2015,OL,28-30,10.0,16.0,no_claim,,0,0
00-0030648,Alejandro Villanueva,2015,OL,25-27,18.0,16.0,no_claim,,0,0
00-0030649,Jonotthan Harrison,2015,OL,25-27,13.0,16.0,no_claim,,0,0
00-0030652,Josh Walker,2015,OL,25-27,9.0,16.0,no_claim,,0,0
00-0030656,Isaiah Crowell,2015,RB,<=24,16.0,16.0,no_claim,,0,0
00-0030668,Charcandrick West,2015,RB,25-27,13.0,16.0,no_claim,,0,0
00-0030694,James Hurst,2015,OL,<=24,14.0,16.0,no_claim,,0,0
00-0030705,Juwan Thompson,2015,RB,<=24,7.0,16.0,no_claim,,0,0
00-0030706,Josh Andrews,2015,OL,25-27,0.0,16.0,PTD,16.0,1,0
00-0030725,Cornelius Lucas,2015,OL,25-27,13.0,16.0,no_claim,,0,0
00-0030741,Roosevelt Nix,2015,RB,<=24,3.0,16.0,no_claim,,0,0
00-0030750,James Stone,2015,OL,<=24,4.0,16.0,no_claim,,0,0
00-0030785,Nikita Whitlock,2015,RB,25-27,,,no_claim,,0,0
00-0030789,Antonio Andrews,2015,RB,<=24,14.0,16.0,excluded_sub_threshold,2.0,0,0
00-0030791,Gabe Ikard,2015,OL,25-27,0.0,16.0,no_claim,,0,0
00-0030825,Stephen Morris,2015,QB,<=24,,,no_claim,,0,0
00-0030827,Tyler Shatley,2015,OL,25-27,1.0,16.0,no_claim,,0,0
00-0030855,Zurlon Tipton,2015,RB,25-27,4.0,16.0,no_claim,,0,0
00-0030860,Orleans Darkwa,2015,RB,<=24,8.0,16.0,no_claim,,0,0
00-0030874,Damien Williams,2015,RB,<=24,13.0,16.0,no_claim,,0,0
00-0030899,Garry Gilliam,2015,OL,25-27,18.0,16.0,no_claim,,0,0
00-0030923,Jeremiah Sirles,2015,OL,25-27,,,no_claim,,0,0
00-0030937,Zac Kerin,2015,OL,25-27,1.0,16.0,no_claim,,0,0
00-0030964,Jarrod Pughsley,2015,OL,25-27,1.0,16.0,no_claim,,0,0
00-0030985,Trey Watts,2015,RB,25-27,,,no_claim,,0,0
00-0030991,Chris Watt,2015,OL,25-27,5.0,16.0,PTD,11.0,1,0
00-0030996,John Urschel,2015,OL,25-27,11.0,16.0,no_claim,,0,0
00-0030997,Zach Fulton,2015,OL,<=24,12.0,16.0,no_claim,,0,0
00-0030998,Keith Wenning,2015,QB,25-27,,,no_claim,,0,0
00-0031017,Dakota Dozier,2015,OL,25-27,2.0,16.0,no_claim,,0,0
00-0031019,Corey Linsley,2015,OL,25-27,15.0,16.0,no_claim,,0,0
00-0031022,Laurent Duvernay-Tardif,2015,OL,25-27,14.0,16.0,excluded_sub_threshold,2.0,0,0
00-0031028,Ulrick John,2015,OL,<=24,1.0,16.0,no_claim,,0,0
00-0031029,Seantrel Henderson,2015,OL,<=24,10.0,16.0,PTD,6.0,1,0
00-0031031,Brent Qvale,2015,OL,25-27,6.0,16.0,no_claim,,0,0
00-0031039,James Ferentz,2015,OL,25-27,9.0,16.0,no_claim,,0,0
00-0031045,Carlos Hyde,2015,RB,25-27,7.0,16.0,TTD,9.0,0,1
00-0031046,Jack Mewhort,2015,OL,25-27,16.0,16.0,no_claim,,0,0
00-0031047,Spencer Long,2015,OL,25-27,14.0,16.0,no_claim,,0,0
00-0031055,Andre Williams,2015,RB,<=24,16.0,16.0,no_claim,,0,0
00-0031057,Ka'Deem Carey,2015,RB,<=24,7.0,16.0,TTD,9.0,0,1
00-0031062,James White,2015,RB,<=24,12.0,16.0,no_claim,,0,0
00-0031066,Lorenzo Taliaferro,2015,RB,<=24,3.0,16.0,PTD,13.0,1,0
00-0031067,Cameron Fleming,2015,OL,<=24,13.0,16.0,no_claim,,0,0
00-0031075,Alfred Blue,2015,RB,25-27,14.0,16.0,no_claim,,0,0
00-0031076,David Fales,2015,QB,25-27,,,no_claim,,0,0
00-0031085,Jay Prosch,2015,RB,<=24,4.0,16.0,no_claim,,0,0
00-0031095,Charles Leno Jr.,2015,OL,<=24,,,no_claim,,0,0
00-0031122,Andrew Norwell,2015,OL,<=24,16.0,16.0,no_claim,,0,0
00-0031128,Ryan Groy,2015,OL,25-27,3.0,16.0,no_claim,,0,0
00-0031174,Bryan Stork,2015,OL,25-27,10.0,16.0,PTD,6.0,1,0
00-0031182,Kevin Pamphile,2015,OL,25-27,15.0,16.0,no_claim,,0,0
00-0031191,Luke Bowanko,2015,OL,25-27,0.0,16.0,no_claim,,0,0
00-0031237,Teddy Bridgewater,2015,QB,<=24,16.0,16.0,no_claim,,0,0
00-0031238,Weston Richburg,2015,OL,25-27,15.0,16.0,no_claim,,0,0
00-0031260,Logan Thomas,2015,QB,25-27,,,no_claim,,0,0
00-0031266,Zach Mettenberger,2015,QB,25-27,7.0,16.0,no_claim,,0,0
00-0031277,Branden Oliver,2015,RB,25-27,6.0,16.0,no_claim,,0,0
00-0031279,Jake Matthews,2015,OL,<=24,16.0,16.0,no_claim,,0,0
00-0031280,Derek Carr,2015,QB,25-27,16.0,16.0,no_claim,,0,0
00-0031282,Justin Britt,2015,OL,25-27,18.0,16.0,no_claim,,0,0
00-0031284,Travis Swanson,2015,OL,25-27,14.0,16.0,excluded_sub_threshold,2.0,0,0
00-0031285,Devonta Freeman,2015,RB,<=24,15.0,16.0,no_claim,,0,0
00-0031287,Aaron Murray,2015,QB,25-27,,,no_claim,,0,0
00-0031288,A.J. McCarron,2015,QB,25-27,7.0,16.0,no_claim,,0,0
00-0031301,Jeremy Hill,2015,RB,<=24,16.0,16.0,no_claim,,0,0
00-0031305,Brandon Thomas,2015,OL,25-27,,,no_claim,,0,0
00-0031306,Russell Bodine,2015,OL,<=24,17.0,16.0,no_claim,,0,0
00-0031314,Wesley Johnson,2015,OL,25-27,4.0,16.0,no_claim,,0,0
00-0031330,Morgan Moses,2015,OL,25-27,17.0,16.0,no_claim,,0,0
00-0031332,Fitzgerald Toussaint,2015,RB,25-27,3.0,16.0,no_claim,,0,0
00-0031335,Cyrus Kouandjio,2015,OL,<=24,11.0,16.0,no_claim,,0,0
00-0031337,Marcus Martin,2015,OL,<=24,14.0,16.0,excluded_sub_threshold,2.0,0,0
00-0031345,Jimmy Garoppolo,2015,QB,<=24,4.0,16.0,no_claim,,0,0
00-0031349,Matt Paradis,2015,OL,25-27,19.0,16.0,no_claim,,0,0
00-0031353,Michael Schofield,2015,OL,25-27,16.0,16.0,no_claim,,0,0
00-0031362,Trai Turner,2015,OL,<=24,19.0,16.0,no_claim,,0,0
00-0031367,Gabe Jackson,2015,OL,25-27,16.0,16.0,no_claim,,0,0
00-0031369,Brandon Linder,2015,OL,<=24,3.0,16.0,TTD,13.0,0,1
00-0031375,Terrance West,2015,RB,25-27,8.0,16.0,no_claim,,0,0
00-0031376,Jerick McKinnon,2015,RB,<=24,16.0,16.0,no_claim,,0,0
00-0031386,Greg Robinson,2015,OL,<=24,16.0,16.0,no_claim,,0,0
00-0031390,Charles Sims,2015,RB,25-27,16.0,16.0,no_claim,,0,0
00-0031391,Tre Mason,2015,RB,<=24,13.0,16.0,no_claim,,0,0
00-0031392,Dri Archer,2015,RB,25-27,,,no_claim,,0,0
00-0031399,Demetrius Rhaney,2015,OL,<=24,5.0,16.0,no_claim,,0,0
00-0031402,Zack Martin,2015,OL,25-27,16.0,16.0,no_claim,,0,0
00-0031407,Blake Bortles,2015,QB,<=24,16.0,16.0,no_claim,,0,0
00-0031409,Johnny Manziel,2015,QB,<=24,9.0,16.0,PTD,7.0,1,0
00-0031410,Xavier Su'a-Filo,2015,OL,25-27,12.0,16.0,excluded_sub_threshold,4.0,0,0
00-0031413,Bishop Sankey,2015,RB,<=24,11.0,16.0,no_claim,,0,0
00-0031417,Ja'Wuan James,2015,OL,<=24,7.0,16.0,TTD,9.0,0,1
00-0031426,Joel Bitonio,2015,OL,<=24,10.0,16.0,TTD,6.0,0,1
00-0031433,Billy Turner,2015,OL,<=24,12.0,16.0,no_claim,,0,0
00-0031442,Taylor Lewan,2015,OL,25-27,15.0,16.0,no_claim,,0,0
00-0031459,Glenn Winston,2015,RB,25-27,1.0,16.0,PTD,15.0,1,0
00-0031493,Jarryd Hayne,2015,RB,28-30,4.0,16.0,no_claim,,0,0
00-0031503,Jameis Winston,2015,QB,<=24,16.0,16.0,no_claim,,0,0
00-0031510,Dylan Thompson,2015,QB,<=24,,,no_claim,,0,0
00-0031526,Tyler Varga,2015,RB,<=24,2.0,16.0,PTD,14.0,1,0
00-0031531,Trey Williams,2015,RB,<=24,1.0,16.0,no_claim,,0,0
00-0031534,La'el Collins,2015,OL,<=24,12.0,16.0,excluded_sub_threshold,4.0,0,0
00-0031536,Darrian Miller,2015,OL,<=24,0.0,16.0,no_claim,,0,0
00-0031561,Hroniss Grasu,2015,OL,25-27,8.0,16.0,PTD,8.0,1,0
00-0031567,Daryl Williams,2015,OL,<=24,11.0,16.0,excluded_sub_threshold,5.0,0,0
00-0031568,Bryce Petty,2015,QB,25-27,,,no_claim,,0,0
00-0031569,Jeremy Langford,2015,RB,<=24,15.0,16.0,no_claim,,0,0
00-0031572,T.J. Clemmings,2015,OL,<=24,17.0,16.0,no_claim,,0,0
00-0031573,Tre Jackson,2015,OL,<=24,13.0,16.0,excluded_sub_threshold,3.0,0,0
00-0031575,Jamil Douglas,2015,OL,<=24,9.0,16.0,no_claim,,0,0
00-0031577,Javorius Allen,2015,RB,25-27,16.0,16.0,no_claim,,0,0
00-0031580,Shaquille Mason,2015,OL,<=24,,,no_claim,,0,0
00-0031581,Mark Glowinski,2015,OL,<=24,2.0,16.0,no_claim,,0,0
00-0031589,Brett Hundley,2015,QB,<=24,,,no_claim,,0,0
00-0031590,Jay Ajayi,2015,RB,<=24,9.0,16.0,no_claim,,0,0
00-0031595,Michael Burton,2015,RB,<=24,8.0,16.0,no_claim,,0,0
00-0031599,Cameron Artis-Payne,2015,RB,25-27,6.0,16.0,no_claim,,0,0
00-0031601,Robert Myers,2015,OL,<=24,,,no_claim,,0,0
00-0031603,Tayo Fabuluje,2015,OL,25-27,1.0,16.0,no_claim,,0,0
00-0031611,Josh Robinson,2015,RB,<=24,5.0,16.0,no_claim,,0,0
00-0031612,Aaron Ripkowski,2015,RB,<=24,1.0,16.0,no_claim,,0,0
00-0031618,Kristjan Sokoli,2015,OL,<=24,0.0,16.0,no_claim,,0,0
00-0031622,Bobby Hart,2015,OL,<=24,5.0,16.0,no_claim,,0,0
00-0031623,Austin Shepherd,2015,OL,<=24,10.0,16.0,no_claim,,0,0
00-0031627,Corey Robinson,2015,OL,<=24,0.0,16.0,TTD,16.0,0,1
00-0031632,Denzelle Good,2015,OL,25-27,4.0,16.0,no_claim,,0,0
00-0031665,Zach Zenner,2015,RB,<=24,4.0,16.0,no_claim,,0,0
00-0031682,Terron Ward,2015,RB,<=24,10.0,16.0,no_claim,,0,0
00-0031687,Raheem Mostert,2015,RB,<=24,,,no_claim,,0,0
00-0031731,Corey Grant,2015,RB,<=24,5.0,16.0,no_claim,,0,0
00-0031743,Akeem Hunt,2015,RB,<=24,7.0,16.0,no_claim,,0,0
00-0031755,Jameill Showers,2015,QB,<=24,,,no_claim,,0,0
00-0031765,Nick Easton,2015,OL,<=24,,,no_claim,,0,0
00-0031766,Kaleb Johnson,2015,OL,<=24,,,no_claim,,0,0
00-0031768,Terrence Magee,2015,RB,<=24,1.0,16.0,no_claim,,0,0
00-0031771,De'Ondre Wesley,2015,OL,<=24,1.0,16.0,no_claim,,0,0
00-0031800,Taylor Heinicke,2015,QB,<=24,,,no_claim,,0,0
00-0031806,Malcolm Brown,2015,RB,<=24,1.0,16.0,no_claim,,0,0
00-0031821,Darrell Williams,2015,OL,<=24,3.0,16.0,no_claim,,0,0
00-0031826,John Crockett,2015,RB,<=24,2.0,16.0,no_claim,,0,0
00-0031852,David Andrews,2015,OL,<=24,16.0,16.0,no_claim,,0,0
00-0031875,Brandon Wegher,2015,RB,25-27,,,no_claim,,0,0
00-0031897,Thomas Rawls,2015,RB,<=24,12.0,16.0,no_claim,,0,0
00-0031900,Rod Smith,2015,RB,<=24,3.0,16.0,no_claim,,0,0
00-0031921,Kendall Lamm,2015,OL,<=24,16.0,16.0,no_claim,,0,0
00-0031923,Greg Mancz,2015,OL,<=24,1.0,16.0,TTD,15.0,0,1
00-0031936,Mitch Morse,2015,OL,<=24,15.0,16.0,no_claim,,0,0
00-0031939,Matt Jones,2015,RB,<=24,13.0,16.0,excluded_sub_threshold,3.0,0,0
00-0031942,Arie Kouandjio,2015,OL,<=24,1.0,16.0,no_claim,,0,0
00-0031959,Marcus Murphy,2015,RB,<=24,2.0,16.0,no_claim,,0,0
00-0032043,Quinton Spain,2015,OL,25-27,7.0,16.0,no_claim,,0,0
00-0032053,Brandon Scherff,2015,OL,<=24,17.0,16.0,no_claim,,0,0
00-0032058,Tevin Coleman,2015,RB,<=24,12.0,16.0,excluded_sub_threshold,4.0,0,0
00-0032063,Mike Davis,2015,RB,<=24,5.0,16.0,PTD,11.0,1,0
00-0032067,Ian Silberman,2015,OL,<=24,0.0,16.0,no_claim,,0,0
00-0032068,Malcolm Johnson,2015,RB,<=24,5.0,16.0,no_claim,,0,0
00-0032071,Trent Brown,2015,OL,<=24,,,no_claim,,0,0
00-0032078,Tyreek Burwell,2015,OL,<=24,6.0,16.0,no_claim,,0,0
00-0032090,Dreamius Smith,2015,RB,<=24,,,no_claim,,0,0
00-0032104,Ameer Abdullah,2015,RB,<=24,16.0,16.0,no_claim,,0,0
00-0032118,Andy Gallik,2015,OL,<=24,12.0,16.0,no_claim,,0,0
00-0032130,Jalston Fowler,2015,RB,25-27,7.0,16.0,no_claim,,0,0
00-0032132,Max Garcia,2015,OL,<=24,17.0,16.0,no_claim,,0,0
00-0032133,David Cobb,2015,RB,<=24,7.0,16.0,no_claim,,0,0
00-0032144,Melvin Gordon,2015,RB,<=24,14.0,16.0,no_claim,,0,0
00-0032145,Cameron Erving,2015,OL,<=24,13.0,16.0,no_claim,,0,0
00-0032147,Ty Sambrailo,2015,OL,<=24,3.0,16.0,TTD,13.0,0,1
00-0032148,Garrett Grayson,2015,QB,25-27,,,no_claim,,0,0
00-0032149,John Miller,2015,OL,<=24,12.0,16.0,excluded_sub_threshold,4.0,0,0
00-0032151,Jon Feliciano,2015,OL,<=24,3.0,16.0,no_claim,,0,0
00-0032152,Karlos Williams,2015,RB,<=24,11.0,16.0,excluded_sub_threshold,5.0,0,0
00-0032156,Trevor Siemian,2015,QB,<=24,1.0,16.0,no_claim,,0,0
00-0032187,David Johnson,2015,RB,<=24,16.0,16.0,no_claim,,0,0
00-0032192,Daniel Munyer,2015,OL,<=24,1.0,16.0,no_claim,,0,0
00-0032196,Jake Fisher,2015,OL,<=24,15.0,16.0,no_claim,,0,0
00-0032203,Andrus Peat,2015,OL,<=24,12.0,16.0,excluded_sub_threshold,4.0,0,0
00-0032204,Chaz Green,2015,OL,<=24,,,no_claim,,0,0
00-0032209,T.J. Yeldon,2015,RB,<=24,12.0,16.0,excluded_sub_threshold,4.0,0,0
00-0032217,Donovan Smith,2015,OL,<=24,16.0,16.0,no_claim,,0,0
00-0032222,D.J. Humphries,2015,OL,<=24,,,no_claim,,0,0
00-0032233,Cedric Ogbuehi,2015,OL,<=24,6.0,16.0,no_claim,,0,0
00-0032234,Laken Tomlinson,2015,OL,<=24,15.0,16.0,no_claim,,0,0
00-0032241,Todd Gurley,2015,RB,<=24,13.0,16.0,excluded_sub_threshold,3.0,0,0
00-0032242,Rob Havenstein,2015,OL,<=24,13.0,16.0,excluded_sub_threshold,3.0,0,0
00-0032243,Ali Marpet,2015,OL,<=24,13.0,16.0,excluded_sub_threshold,3.0,0,0
00-0032244,Jamon Brown,2015,OL,<=24,9.0,16.0,no_claim,,0,0
00-0032245,Sean Mannion,2015,QB,<=24,1.0,16.0,no_claim,,0,0
00-0032246,Andrew Donnal,2015,OL,<=24,2.0,16.0,TTD,14.0,0,1
00-0032247,Cody Wichmann,2015,OL,<=24,8.0,16.0,no_claim,,0,0
00-0032255,A.J. Cann,2015,OL,<=24,13.0,16.0,no_claim,,0,0
00-0032257,Duke Johnson,2015,RB,<=24,16.0,16.0,no_claim,,0,0
00-0032259,Ereck Flowers,2015,OL,<=24,15.0,16.0,no_claim,,0,0
00-0032263,Jeremiah Poutasi,2015,OL,<=24,8.0,16.0,no_claim,,0,0
00-0032268,Marcus Mariota,2015,QB,<=24,12.0,16.0,excluded_sub_threshold,4.0,0,0
00-0032272,Isaiah Battle,2015,OL,<=24,,,no_claim,,0,0
00-0019596,Tom Brady,2016,QB,31+,12.0,16.0,no_claim,,0,0
00-0020531,Drew Brees,2016,QB,31+,16.0,16.0,no_claim,,0,0
00-0020679,Shaun Hill,2016,QB,31+,3.0,16.0,no_claim,,0,0
00-0021206,Josh McCown,2016,QB,31+,5.0,16.0,TTD,11.0,0,1
00-0021429,Carson Palmer,2016,QB,31+,15.0,16.0,no_claim,,0,0
00-0021678,Tony Romo,2016,QB,31+,1.0,16.0,PTD,15.0,1,0
00-0022531,Jason Peters,2016,OL,31+,16.0,16.0,no_claim,,0,0
00-0022787,Matt Schaub,2016,QB,31+,3.0,16.0,no_claim,,0,0
00-0022803,Eli Manning,2016,QB,31+,16.0,16.0,no_claim,,0,0
00-0022864,Luke McCown,2016,QB,31+,,,no_claim,,0,0
00-0022924,Ben Roethlisberger,2016,QB,31+,14.0,16.0,excluded_sub_threshold,2.0,0,0
00-0022942,Philip Rivers,2016,QB,31+,16.0,16.0,no_claim,,0,0
00-0022999,John Kuhn,2016,RB,31+,13.0,16.0,no_claim,,0,0
00-0023436,Alex Smith,2016,QB,31+,15.0,16.0,no_claim,,0,0
00-0023459,Aaron Rodgers,2016,QB,31+,16.0,16.0,no_claim,,0,0
00-0023487,Khalif Barnes,2016,OL,31+,,,no_claim,,0,0
00-0023500,Frank Gore,2016,RB,31+,16.0,16.0,no_claim,,0,0
00-0023514,Evan Mathis,2016,OL,31+,4.0,16.0,PTD,12.0,1,0
00-0023516,Richie Incognito,2016,OL,31+,16.0,16.0,no_claim,,0,0
00-0023564,Darren Sproles,2016,RB,31+,15.0,16.0,no_claim,,0,0
00-0023578,Dan Orlovsky,2016,QB,31+,,,no_claim,,0,0
00-0023639,Joe Berger,2016,OL,31+,14.0,16.0,excluded_sub_threshold,2.0,0,0
00-0023645,Derek Anderson,2016,QB,31+,4.0,16.0,PTD,12.0,1,0
00-0023662,Matt Cassel,2016,QB,31+,4.0,16.0,no_claim,,0,0
00-0023682,Ryan Fitzpatrick,2016,QB,31+,14.0,16.0,no_claim,,0,0
00-0023894,Donald Penn,2016,OL,31+,16.0,16.0,no_claim,,0,0
00-0024217,Reggie Bush,2016,RB,31+,10.0,16.0,no_claim,,0,0
00-0024226,Jay Cutler,2016,QB,31+,5.0,16.0,TTD,11.0,0,1
00-0024242,DeAngelo Williams,2016,RB,31+,8.0,16.0,PTD,8.0,1,0
00-0024244,Nick Mangold,2016,OL,31+,8.0,16.0,PTD,8.0,1,0
00-0024264,Kellen Clemens,2016,QB,31+,1.0,16.0,no_claim,,0,0
00-0024270,Andrew Whitworth,2016,OL,31+,16.0,16.0,no_claim,,0,0
00-0024271,Chris Chester,2016,OL,31+,19.0,16.0,no_claim,,0,0
00-0024281,Eric Winston,2016,OL,31+,12.0,16.0,no_claim,,0,0
00-0024296,Charlie Whitehurst,2016,QB,31+,1.0,16.0,no_claim,,0,0
00-0024323,Jahri Evans,2016,OL,31+,16.0,16.0,no_claim,,0,0
00-0024408,Bruce Gradkowski,2016,QB,31+,,,no_claim,,0,0
00-0024424,Zach Strief,2016,OL,31+,16.0,16.0,no_claim,,0,0
00-0025390,Joe Thomas,2016,OL,31+,16.0,16.0,no_claim,,0,0
00-0025394,Adrian Peterson,2016,RB,31+,3.0,16.0,TTD,13.0,0,1
00-0025415,Joe Staley,2016,OL,31+,13.0,16.0,excluded_sub_threshold,3.0,0,0
00-0025430,Drew Stanton,2016,QB,31+,5.0,16.0,no_claim,,0,0
00-0025446,Ryan Kalil,2016,OL,31+,8.0,16.0,TTD,8.0,0,1
00-0025457,Ryan Harris,2016,OL,31+,2.0,16.0,PTD,14.0,1,0
00-0025473,Marshal Yanda,2016,OL,31+,13.0,16.0,excluded_sub_threshold,3.0,0,0
00-0025506,Allen Barbre,2016,OL,31+,12.0,16.0,excluded_sub_threshold,4.0,0,0
00-0025509,Doug Free,2016,OL,31+,17.0,16.0,no_claim,,0,0
00-0025512,Jermon Bushrod,2016,OL,31+,17.0,16.0,no_claim,,0,0
00-0025708,Matt Moore,2016,QB,31+,4.0,16.0,no_claim,,0,0
00-0025820,Jake Long,2016,OL,31+,4.0,16.0,no_claim,,0,0
00-0025866,Ryan Wendell,2016,OL,31+,0.0,16.0,no_claim,,0,0
00-0025900,Chris Clark,2016,OL,31+,18.0,16.0,no_claim,,0,0
00-0026019,Danny Woodhead,2016,RB,31+,2.0,16.0,no_claim,,0,0
00-0026069,Mike Tolbert,2016,RB,31+,15.0,16.0,no_claim,,0,0
00-0026143,Matt Ryan,2016,QB,31+,16.0,16.0,no_claim,,0,0
00-0026144,Darren McFadden,2016,RB,28-30,3.0,16.0,no_claim,,0,0
00-0026152,Ryan Clady,2016,OL,28-30,8.0,16.0,no_claim,,0,0
00-0026153,Jonathan Stewart,2016,RB,28-30,13.0,16.0,excluded_sub_threshold,3.0,0,0
00-0026155,Branden Albert,2016,OL,31+,13.0,16.0,excluded_sub_threshold,3.0,0,0
00-0026157,Gosder Cherilus,2016,OL,31+,13.0,16.0,excluded_sub_threshold,3.0,0,0
00-0026158,Joe Flacco,2016,QB,31+,16.0,16.0,no_claim,,0,0
00-0026164,Chris Johnson,2016,RB,31+,4.0,16.0,no_claim,,0,0
00-0026166,Duane Brown,2016,OL,31+,14.0,16.0,excluded_sub_threshold,2.0,0,0
00-0026184,Matt Forte,2016,RB,31+,14.0,16.0,excluded_sub_threshold,2.0,0,0
00-0026197,Chad Henne,2016,QB,31+,1.0,16.0,no_claim,,0,0
00-0026205,John Greco,2016,OL,31+,12.0,16.0,no_claim,,0,0
00-0026213,Jamaal Charles,2016,RB,28-30,3.0,16.0,TTD,13.0,0,1
00-0026223,Jeremy Zuttah,2016,OL,31+,16.0,16.0,no_claim,,0,0
00-0026247,Cody Wallace,2016,OL,31+,,,no_claim,,0,0
00-0026248,Kory Lichtensteiger,2016,OL,31+,3.0,16.0,no_claim,,0,0
00-0026270,Tony Hills,2016,OL,31+,3.0,16.0,no_claim,,0,0
00-0026275,Josh Sitton,2016,OL,31+,13.0,16.0,excluded_sub_threshold,3.0,0,0
00-0026286,Jerome Felton,2016,RB,31+,11.0,16.0,no_claim,,0,0
00-0026289,Tim Hightower,2016,RB,31+,15.0,16.0,no_claim,,0,0
00-0026290,Breno Giacomini,2016,OL,31+,5.0,16.0,TTD,11.0,0,1
00-0026300,Josh Johnson,2016,QB,31+,,,no_claim,,0,0
00-0026327,John Sullivan,2016,OL,31+,3.0,16.0,no_claim,,0,0
00-0026370,King Dunlap,2016,OL,31+,12.0,16.0,excluded_sub_threshold,4.0,0,0
00-0026373,Justin Forsett,2016,RB,31+,9.0,16.0,no_claim,,0,0
00-0026393,Marcel Reece,2016,RB,31+,4.0,16.0,no_claim,,0,0
00-0026408,Joe Reitz,2016,OL,31+,11.0,16.0,excluded_sub_threshold,5.0,0,0
00-0026498,Matthew Stafford,2016,QB,28-30,16.0,16.0,no_claim,,0,0
00-0026500,Matt Slauson,2016,OL,31+,16.0,16.0,no_claim,,0,0
00-0026544,Chase Daniel,2016,QB,28-30,1.0,16.0,no_claim,,0,0
00-0026561,Ramon Foster,2016,OL,31+,17.0,16.0,no_claim,,0,0
00-0026625,Brian Hoyer,2016,QB,31+,6.0,16.0,no_claim,,0,0
00-0026762,Alex Boone,2016,OL,28-30,14.0,16.0,excluded_sub_threshold,2.0,0,0
00-0026784,Evan Smith,2016,OL,31+,,,no_claim,,0,0
00-0026796,Arian Foster,2016,RB,31+,4.0,16.0,PTD,12.0,1,0
00-0026814,Demar Dotson,2016,OL,31+,13.0,16.0,excluded_sub_threshold,3.0,0,0
00-0026839,Jermey Parnell,2016,OL,31+,16.0,16.0,no_claim,,0,0
00-0026855,Antone Smith,2016,RB,31+,3.0,16.0,no_claim,,0,0
00-0026898,Mark Sanchez,2016,QB,28-30,2.0,16.0,no_claim,,0,0
00-0026929,Andrew Gardner,2016,OL,31+,1.0,16.0,no_claim,,0,0
00-0026932,Cedric Peerman,2016,RB,28-30,1.0,16.0,no_claim,,0,0
00-0026950,A.Q. Shipley,2016,OL,31+,16.0,16.0,no_claim,,0,0
00-0026982,Andre Smith,2016,OL,28-30,4.0,16.0,TTD,12.0,0,1
00-0026997,Alex Mack,2016,OL,31+,19.0,16.0,no_claim,,0,0
00-0026999,Michael Oher,2016,OL,31+,3.0,16.0,PTD,13.0,1,0
00-0027004,Eric Wood,2016,OL,31+,9.0,16.0,no_claim,,0,0
00-0027025,Max Unger,2016,OL,31+,15.0,16.0,no_claim,,0,0
00-0027027,Andy Levitre,2016,OL,31+,19.0,16.0,no_claim,,0,0
00-0027029,LeSean McCoy,2016,RB,28-30,15.0,16.0,no_claim,,0,0
00-0027034,Sebastian Vollmer,2016,OL,31+,,,no_claim,,0,0
00-0027036,Will Beatty,2016,OL,31+,3.0,16.0,no_claim,,0,0
00-0027053,Kraig Urbik,2016,OL,31+,11.0,16.0,no_claim,,0,0
00-0027078,T.J. Lang,2016,OL,28-30,16.0,16.0,no_claim,,0,0
00-0027110,Garrett Reynolds,2016,OL,28-30,0.0,16.0,no_claim,,0,0
00-0027155,Rashad Jennings,2016,RB,31+,13.0,16.0,no_claim,,0,0
00-0027218,Joique Bell,2016,RB,31+,2.0,16.0,no_claim,,0,0
00-0027253,Thad Lewis,2016,QB,28-30,,,no_claim,,0,0
00-0027282,Ben Garland,2016,OL,28-30,5.0,16.0,no_claim,,0,0
00-0027297,Austin Howard,2016,OL,28-30,12.0,16.0,excluded_sub_threshold,4.0,0,0
00-0027325,LeGarrette Blount,2016,RB,28-30,16.0,16.0,no_claim,,0,0
00-0027469,Jeff Linkenbach,2016,OL,28-30,,,no_claim,,0,0
00-0027531,Chris Ivory,2016,RB,28-30,11.0,16.0,excluded_sub_threshold,5.0,0,0
00-0027607,Ted Larsen,2016,OL,28-30,11.0,16.0,no_claim,,0,0
00-0027609,J'Marcus Webb,2016,OL,28-30,6.0,16.0,no_claim,,0,0
00-0027648,Rodger Saffold,2016,OL,28-30,15.0,16.0,no_claim,,0,0
00-0027651,Dexter McCluster,2016,RB,28-30,6.0,16.0,no_claim,,0,0
00-0027658,Zane Beadles,2016,OL,28-30,16.0,16.0,no_claim,,0,0
00-0027667,Vladimir Ducasse,2016,OL,28-30,,,no_claim,,0,0
00-0027674,Jared Veldheer,2016,OL,28-30,8.0,16.0,no_claim,,0,0
00-0027678,John Jerry,2016,OL,31+,17.0,16.0,no_claim,,0,0
00-0027688,Colt McCoy,2016,QB,28-30,,,no_claim,,0,0
00-0027694,Shawn Lauvao,2016,OL,28-30,14.0,16.0,excluded_sub_threshold,2.0,0,0
00-0027717,Joe Hawley,2016,OL,28-30,15.0,16.0,no_claim,,0,0
00-0027750,Chris Scott,2016,OL,28-30,10.0,16.0,no_claim,,0,0
00-0027768,Marshall Newhouse,2016,OL,28-30,11.0,16.0,excluded_sub_threshold,5.0,0,0
00-0027778,Sam Young,2016,OL,28-30,6.0,16.0,no_claim,,0,0
00-0027791,James Starks,2016,RB,31+,9.0,16.0,PTD,7.0,1,0
00-0027796,Joe Webb,2016,QB,28-30,2.0,16.0,no_claim,,0,0
00-0027854,Sam Bradford,2016,QB,28-30,15.0,16.0,no_claim,,0,0
00-0027857,Trent Williams,2016,OL,28-30,12.0,16.0,no_claim,,0,0
00-0027859,Russell Okung,2016,OL,28-30,16.0,16.0,no_claim,,0,0
00-0027861,C.J. Spiller,2016,RB,28-30,5.0,16.0,no_claim,,0,0
00-0027863,Anthony Davis,2016,OL,25-27,1.0,16.0,PTD,15.0,1,0
00-0027864,Ryan Mathews,2016,RB,28-30,13.0,16.0,excluded_sub_threshold,3.0,0,0
00-0027869,Mike Iupati,2016,OL,28-30,15.0,16.0,no_claim,,0,0
00-0027870,Maurkice Pouncey,2016,OL,28-30,18.0,16.0,no_claim,,0,0
00-0027875,Bryan Bulaga,2016,OL,28-30,19.0,16.0,no_claim,,0,0
00-0027905,Will Tukuafu,2016,RB,31+,3.0,16.0,PTD,13.0,1,0
00-0027925,James Develin,2016,RB,28-30,5.0,16.0,no_claim,,0,0
00-0027939,Cam Newton,2016,QB,28-30,15.0,16.0,no_claim,,0,0
00-0027947,Tyron Smith,2016,OL,25-27,14.0,16.0,excluded_sub_threshold,2.0,0,0
00-0027948,Blaine Gabbert,2016,QB,25-27,6.0,16.0,no_claim,,0,0
00-0027950,Christian Ponder,2016,QB,28-30,,,no_claim,,0,0
00-0027953,Mike Pouncey,2016,OL,28-30,5.0,16.0,TTD,11.0,0,1
00-0027955,Nate Solder,2016,OL,28-30,18.0,16.0,no_claim,,0,0
00-0027960,Anthony Castonzo,2016,OL,28-30,16.0,16.0,no_claim,,0,0
00-0027963,James Carpenter,2016,OL,28-30,16.0,16.0,no_claim,,0,0
00-0027966,Mark Ingram,2016,RB,25-27,16.0,16.0,no_claim,,0,0
00-0027973,Andy Dalton,2016,QB,28-30,16.0,16.0,no_claim,,0,0
00-0027974,Colin Kaepernick,2016,QB,28-30,11.0,16.0,no_claim,,0,0
00-0027984,Orlando Franklin,2016,OL,28-30,16.0,16.0,no_claim,,0,0
00-0027986,Stefen Wisniewski,2016,OL,28-30,12.0,16.0,no_claim,,0,0
00-0027987,Ben Ijalana,2016,OL,28-30,16.0,16.0,no_claim,,0,0
00-0027993,Rodney Hudson,2016,OL,28-30,17.0,16.0,no_claim,,0,0
00-0027994,Shane Vereen,2016,RB,28-30,5.0,16.0,no_claim,,0,0
00-0028001,Marcus Gilbert,2016,OL,28-30,16.0,16.0,no_claim,,0,0
00-0028009,DeMarco Murray,2016,RB,28-30,16.0,16.0,no_claim,,0,0
00-0028011,Stevan Ridley,2016,RB,28-30,1.0,16.0,no_claim,,0,0
00-0028012,Ryan Mallett,2016,QB,28-30,4.0,16.0,no_claim,,0,0
00-0028023,Jah Reid,2016,OL,28-30,10.0,16.0,PTD,6.0,1,0
00-0028030,Joe Barksdale,2016,OL,28-30,15.0,16.0,no_claim,,0,0
00-0028039,Clint Boling,2016,OL,28-30,14.0,16.0,excluded_sub_threshold,2.0,0,0
00-0028048,David Arkin,2016,OL,28-30,2.0,16.0,no_claim,,0,0
00-0028060,Chris Hairston,2016,OL,28-30,12.0,16.0,no_claim,,0,0
00-0028063,Taiwan Jones,2016,RB,28-30,3.0,16.0,no_claim,,0,0
00-0028064,Bilal Powell,2016,RB,28-30,16.0,16.0,no_claim,,0,0
00-0028074,Anthony Sherman,2016,RB,28-30,6.0,16.0,no_claim,,0,0
00-0028076,Marcus Cannon,2016,OL,28-30,18.0,16.0,no_claim,,0,0
00-0028083,Jacquizz Rodgers,2016,RB,25-27,10.0,16.0,TTD,6.0,0,1
00-0028087,Dion Lewis,2016,RB,25-27,7.0,16.0,no_claim,,0,0
00-0028090,T.J. Yates,2016,QB,28-30,,,no_claim,,0,0
00-0028101,Daniel Kilgore,2016,OL,28-30,13.0,16.0,no_claim,,0,0
00-0028110,Brandon Fusco,2016,OL,28-30,14.0,16.0,excluded_sub_threshold,2.0,0,0
00-0028113,Byron Stingily,2016,OL,28-30,,,no_claim,,0,0
00-0028118,Tyrod Taylor,2016,QB,28-30,15.0,16.0,no_claim,,0,0
00-0028121,Jordan Todman,2016,RB,25-27,5.0,16.0,no_claim,,0,0
00-0028129,Jason Kelce,2016,OL,28-30,16.0,16.0,no_claim,,0,0
00-0028152,Derek Newton,2016,OL,28-30,6.0,16.0,no_claim,,0,0
00-0028177,Mike Person,2016,OL,28-30,,,no_claim,,0,0
00-0028198,Matt Asiata,2016,RB,28-30,16.0,16.0,no_claim,,0,0
00-0028202,Shaun Draughn,2016,RB,28-30,14.0,16.0,no_claim,,0,0
00-0028240,Kenny Wiggins,2016,OL,28-30,11.0,16.0,no_claim,,0,0
00-0028274,Tim Barnes,2016,OL,28-30,16.0,16.0,no_claim,,0,0
00-0028409,DuJuan Harris,2016,RB,28-30,8.0,16.0,no_claim,,0,0
00-0028570,Taylor Boggs,2016,OL,28-30,3.0,16.0,no_claim,,0,0
00-0028581,Patrick DiMarco,2016,RB,28-30,9.0,16.0,no_claim,,0,0
00-0028595,Scott Tolzien,2016,QB,28-30,2.0,16.0,no_claim,,0,0
00-0028738,Byron Bell,2016,OL,28-30,,,no_claim,,0,0
00-0028795,Chase Reynolds,2016,RB,28-30,1.0,16.0,no_claim,,0,0
00-0028841,Will Johnson,2016,RB,28-30,,,no_claim,,0,0
00-0028862,Bryce Harris,2016,OL,28-30,,,no_claim,,0,0
00-0028957,Austin Davis,2016,QB,28-30,,,no_claim,,0,0
00-0028986,Case Keenum,2016,QB,28-30,10.0,16.0,no_claim,,0,0
00-0029004,Lance Dunbar,2016,RB,25-27,10.0,16.0,no_claim,,0,0
00-0029010,Ronald Leary,2016,OL,28-30,14.0,16.0,no_claim,,0,0
00-0029048,Joe Banyard,2016,RB,28-30,1.0,16.0,no_claim,,0,0
00-0029066,Trevor Robinson,2016,OL,25-27,,,no_claim,,0,0
00-0029076,Austin Pasztor,2016,OL,25-27,16.0,16.0,no_claim,,0,0
00-0029080,Darrion Weems,2016,OL,28-30,5.0,16.0,no_claim,,0,0
00-0029091,Bradley Sowell,2016,OL,28-30,11.0,16.0,no_claim,,0,0
00-0029141,Alfred Morris,2016,RB,28-30,13.0,16.0,no_claim,,0,0
00-0029144,Tom Compton,2016,OL,28-30,10.0,16.0,no_claim,,0,0
00-0029146,J.R. Sweezy,2016,OL,28-30,,,no_claim,,0,0
00-0029164,Mike Remmers,2016,OL,28-30,16.0,16.0,no_claim,,0,0
00-0029187,Don Barclay,2016,OL,28-30,12.0,16.0,no_claim,,0,0
00-0029202,Mike Adams,2016,OL,25-27,2.0,16.0,PTD,14.0,1,0
00-0029205,Travaris Cadet,2016,RB,28-30,13.0,16.0,no_claim,,0,0
00-0029234,Kellen Moore,2016,QB,28-30,,,no_claim,,0,0
00-0029239,Brandon Bolden,2016,RB,25-27,3.0,16.0,PTD,13.0,1,0
00-0029253,Mitchell Schwartz,2016,OL,28-30,17.0,16.0,no_claim,,0,0
00-0029259,Kelechi Osemele,2016,OL,28-30,16.0,16.0,no_claim,,0,0
00-0029263,Russell Wilson,2016,QB,28-30,16.0,16.0,no_claim,,0,0
00-0029268,Gino Gradkowski,2016,OL,28-30,5.0,16.0,no_claim,,0,0
00-0029273,Robert Turbin,2016,RB,25-27,15.0,16.0,no_claim,,0,0
00-0029278,Joe Looney,2016,OL,25-27,13.0,16.0,no_claim,,0,0
00-0029302,Matt McCants,2016,OL,28-30,4.0,16.0,PTD,12.0,1,0
00-0029316,Kelvin Beachum,2016,OL,28-30,15.0,16.0,no_claim,,0,0
00-0029384,Bobby Rainey,2016,RB,28-30,8.0,16.0,no_claim,,0,0
00-0029413,Ben Jones,2016,OL,28-30,16.0,16.0,no_claim,,0,0
00-0029419,Dennis Kelly,2016,OL,25-27,15.0,16.0,no_claim,,0,0
00-0029457,Michael Harris,2016,OL,28-30,,,no_claim,,0,0
00-0029492,Jamize Olawale,2016,RB,28-30,13.0,16.0,no_claim,,0,0
00-0029510,Jonathan Grimes,2016,RB,25-27,8.0,16.0,PTD,8.0,1,0
00-0029524,Jeff Allen,2016,OL,25-27,16.0,16.0,no_claim,,0,0
00-0029528,Bobby Massie,2016,OL,28-30,15.0,16.0,no_claim,,0,0
00-0029543,Donald Stephenson,2016,OL,28-30,13.0,16.0,excluded_sub_threshold,3.0,0,0
00-0029546,Senio Kelemete,2016,OL,25-27,15.0,16.0,no_claim,,0,0
00-0029561,Cordy Glenn,2016,OL,25-27,11.0,16.0,excluded_sub_threshold,5.0,0,0
00-0029567,Nick Foles,2016,QB,28-30,2.0,16.0,no_claim,,0,0
00-0029592,Kevin Zeitler,2016,OL,25-27,16.0,16.0,no_claim,,0,0
00-0029604,Kirk Cousins,2016,QB,28-30,16.0,16.0,no_claim,,0,0
00-0029612,Daryl Richardson,2016,RB,25-27,2.0,16.0,no_claim,,0,0
00-0029613,Doug Martin,2016,RB,28-30,8.0,16.0,TTD,8.0,0,1
00-0029615,Lamar Miller,2016,RB,25-27,14.0,16.0,excluded_sub_threshold,2.0,0,0
00-0029623,Alex Tanney,2016,QB,28-30,,,no_claim,,0,0
00-0029626,Isaiah Pead,2016,RB,25-27,2.0,16.0,no_claim,,0,0
00-0029661,Andrew Tiller,2016,OL,28-30,8.0,16.0,PTD,8.0,1,0
00-0029665,Robert Griffin,2016,QB,25-27,5.0,16.0,no_claim,,0,0
00-0029668,Andrew Luck,2016,QB,25-27,15.0,16.0,no_claim,,0,0
00-0029672,Riley Reiff,2016,OL,28-30,14.0,16.0,no_claim,,0,0
00-0029677,Brandon Weeden,2016,QB,31+,,,no_claim,,0,0
00-0029678,David DeCastro,2016,OL,25-27,19.0,16.0,no_claim,,0,0
00-0029679,Brandon Brooks,2016,OL,28-30,14.0,16.0,no_claim,,0,0
00-0029682,Brock Osweiler,2016,QB,25-27,15.0,16.0,no_claim,,0,0
00-0029683,Ronnie Hillman,2016,RB,25-27,8.0,16.0,no_claim,,0,0
00-0029687,Matt Kalil,2016,OL,28-30,2.0,16.0,no_claim,,0,0
00-0029699,Tony Bergstrom,2016,OL,31+,3.0,16.0,no_claim,,0,0
00-0029701,Ryan Tannehill,2016,QB,28-30,13.0,16.0,excluded_sub_threshold,3.0,0,0
00-0029709,Ty Nsekhe,2016,OL,31+,14.0,16.0,no_claim,,0,0
00-0029729,Austin Johnson,2016,RB,28-30,,,no_claim,,0,0
00-0029731,Fozzy Whittaker,2016,RB,28-30,16.0,16.0,no_claim,,0,0
00-0029762,John Wetzel,2016,OL,25-27,13.0,16.0,no_claim,,0,0
00-0029786,Ryan Schraeder,2016,OL,28-30,19.0,16.0,no_claim,,0,0
00-0029795,Benny Cunningham,2016,RB,25-27,10.0,16.0,TTD,6.0,0,1
00-0029821,Emmett Cleary,2016,OL,25-27,3.0,16.0,no_claim,,0,0
00-0029847,Martin Wallace,2016,OL,25-27,,,no_claim,,0,0
00-0029854,C.J. Anderson,2016,RB,25-27,7.0,16.0,TTD,9.0,0,1
00-0029857,Ryan Griffin,2016,QB,25-27,,,no_claim,,0,0
00-0029886,LaAdrian Waddle,2016,OL,25-27,1.0,16.0,no_claim,,0,0
00-0029889,Patrick Omameh,2016,OL,25-27,8.0,16.0,no_claim,,0,0
00-0029892,Kyle Juszczyk,2016,RB,25-27,16.0,16.0,no_claim,,0,0
00-0029893,Rick Wagner,2016,OL,25-27,,,no_claim,,0,0
00-0029895,Ryan Jensen,2016,OL,25-27,5.0,16.0,no_claim,,0,0
00-0029931,Zach Line,2016,RB,25-27,6.0,16.0,TTD,10.0,0,1
00-0029963,Chris Hubbard,2016,OL,25-27,16.0,16.0,no_claim,,0,0
00-0029967,Sam Brenner,2016,OL,25-27,,,no_claim,,0,0
00-0029992,Josh Kline,2016,OL,25-27,14.0,16.0,no_claim,,0,0
00-0030046,Jordan Mills,2016,OL,25-27,16.0,16.0,no_claim,,0,0
00-0030065,Larry Warford,2016,OL,25-27,16.0,16.0,no_claim,,0,0
00-0030066,Brian Winters,2016,OL,25-27,13.0,16.0,excluded_sub_threshold,3.0,0,0
00-0030067,Terron Armstead,2016,OL,25-27,7.0,16.0,TTD,9.0,0,1
00-0030071,Hugh Thornton,2016,OL,25-27,,,no_claim,,0,0
00-0030074,David Bakhtiari,2016,OL,25-27,19.0,16.0,no_claim,,0,0
00-0030076,JC Tretter,2016,OL,25-27,,,no_claim,,0,0
00-0030083,Oday Aboushi,2016,OL,25-27,6.0,16.0,no_claim,,0,0
00-0030094,Eric Kush,2016,OL,25-27,6.0,16.0,PTD,10.0,1,0
00-0030096,Vinston Painter,2016,OL,25-27,4.0,16.0,PTD,12.0,1,0
00-0030097,David Quessenberry,2016,OL,25-27,,,no_claim,,0,0
00-0030107,Theo Riddick,2016,RB,25-27,10.0,16.0,TTD,6.0,0,1
00-0030115,Ryan Seymour,2016,OL,25-27,0.0,16.0,no_claim,,0,0
00-0030117,Kerwynn Williams,2016,RB,25-27,4.0,16.0,no_claim,,0,0
00-0030126,T.J. Johnson,2016,OL,25-27,6.0,16.0,no_claim,,0,0
00-0030149,Matt Tobin,2016,OL,25-27,10.0,16.0,no_claim,,0,0
00-0030151,Tyler Bray,2016,QB,25-27,,,no_claim,,0,0
00-0030166,Dalton Freeman,2016,OL,25-27,,,no_claim,,0,0
00-0030207,Alvin Bailey,2016,OL,25-27,9.0,16.0,no_claim,,0,0
00-0030217,Tim Lelito,2016,OL,28-30,16.0,16.0,no_claim,,0,0
00-0030247,George Winn,2016,RB,25-27,,,no_claim,,0,0
00-0030268,Patrick Lewis,2016,OL,25-27,1.0,16.0,PTD,15.0,1,0
00-0030273,Lane Taylor,2016,OL,25-27,19.0,16.0,no_claim,,0,0
00-0030280,Knile Davis,2016,RB,25-27,6.0,16.0,no_claim,,0,0
00-0030282,Stepfan Taylor,2016,RB,25-27,2.0,16.0,no_claim,,0,0
00-0030287,Andre Ellington,2016,RB,28-30,13.0,16.0,no_claim,,0,0
00-0030288,Rex Burkhead,2016,RB,25-27,9.0,16.0,no_claim,,0,0
00-0030313,Nick Becton,2016,OL,25-27,,,no_claim,,0,0
00-0030348,Khiry Robinson,2016,RB,25-27,1.0,16.0,PTD,15.0,1,0
00-0030394,Zac Dysert,2016,QB,25-27,,,no_claim,,0,0
00-0030404,Chris Thompson,2016,RB,25-27,16.0,16.0,no_claim,,0,0
00-0030414,Spencer Ware,2016,RB,25-27,14.0,16.0,excluded_sub_threshold,2.0,0,0
00-0030419,Matthew McGloin,2016,QB,25-27,3.0,16.0,no_claim,,0,0
00-0030432,Christine Michael,2016,RB,25-27,15.0,16.0,no_claim,,0,0
00-0030433,Mike Gillislee,2016,RB,25-27,15.0,16.0,no_claim,,0,0
00-0030441,Kyle Long,2016,OL,28-30,8.0,16.0,TTD,8.0,0,1
00-0030456,Giovani Bernard,2016,RB,25-27,10.0,16.0,no_claim,,0,0
00-0030465,Kenjon Barner,2016,RB,28-30,10.0,16.0,no_claim,,0,0
00-0030485,Eddie Lacy,2016,RB,25-27,5.0,16.0,TTD,11.0,0,1
00-0030486,Brian Schwenke,2016,OL,25-27,5.0,16.0,no_claim,,0,0
00-0030496,Le'Veon Bell,2016,RB,25-27,12.0,16.0,no_claim,,0,0
00-0030504,Earl Watford,2016,OL,25-27,13.0,16.0,no_claim,,0,0
00-0030505,D.J. Fluker,2016,OL,25-27,16.0,16.0,no_claim,,0,0
00-0030513,Latavius Murray,2016,RB,25-27,14.0,16.0,excluded_sub_threshold,2.0,0,0
00-0030520,Mike Glennon,2016,QB,25-27,1.0,16.0,no_claim,,0,0
00-0030524,Landry Jones,2016,QB,28-30,7.0,16.0,no_claim,,0,0
00-0030526,EJ Manuel,2016,QB,25-27,5.0,16.0,no_claim,,0,0
00-0030531,Dallas Thomas,2016,OL,25-27,1.0,16.0,no_claim,,0,0
00-0030533,Matt Barkley,2016,QB,25-27,7.0,16.0,no_claim,,0,0
00-0030545,Luke Joeckel,2016,OL,25-27,4.0,16.0,no_claim,,0,0
00-0030546,Travis Frederick,2016,OL,25-27,17.0,16.0,no_claim,,0,0
00-0030547,Denard Robinson,2016,RB,25-27,6.0,16.0,PTD,10.0,1,0
00-0030561,Lane Johnson,2016,OL,25-27,6.0,16.0,no_claim,,0,0
00-0030565,Geno Smith,2016,QB,25-27,2.0,16.0,no_claim,,0,0
00-0030579,Menelik Watson,2016,OL,28-30,11.0,16.0,excluded_sub_threshold,5.0,0,0
00-0030584,Eric Fisher,2016,OL,25-27,17.0,16.0,no_claim,,0,0
00-0030585,Justin Pugh,2016,OL,25-27,12.0,16.0,excluded_sub_threshold,4.0,0,0
00-0030586,Ryan Nassib,2016,QB,25-27,,,no_claim,,0,0
00-0030590,Jonathan Cooper,2016,OL,25-27,3.0,16.0,no_claim,,0,0
00-0030593,Chance Warmack,2016,OL,25-27,2.0,16.0,no_claim,,0,0
00-0030621,Michael Ola,2016,OL,28-30,3.0,16.0,no_claim,,0,0
00-0030629,Jeremy Vujnovich,2016,OL,25-27,1.0,16.0,no_claim,,0,0
00-0030648,Alejandro Villanueva,2016,OL,28-30,19.0,16.0,no_claim,,0,0
00-0030649,Jonotthan Harrison,2016,OL,25-27,12.0,16.0,excluded_sub_threshold,4.0,0,0
00-0030652,Josh Walker,2016,OL,25-27,1.0,16.0,no_claim,,0,0
00-0030656,Isaiah Crowell,2016,RB,<=24,16.0,16.0,no_claim,,0,0
00-0030661,Connor Shaw,2016,QB,25-27,,,no_claim,,0,0
00-0030668,Charcandrick West,2016,RB,25-27,15.0,16.0,no_claim,,0,0
00-0030685,Stephen Houston,2016,RB,25-27,,,no_claim,,0,0
00-0030694,James Hurst,2016,OL,25-27,10.0,16.0,no_claim,,0,0
00-0030705,Juwan Thompson,2016,RB,25-27,4.0,16.0,no_claim,,0,0
00-0030706,Josh Andrews,2016,OL,25-27,1.0,16.0,no_claim,,0,0
00-0030708,Karim Barton,2016,OL,25-27,,,no_claim,,0,0
00-0030711,David Fluellen,2016,RB,25-27,,,no_claim,,0,0
00-0030714,Donald Hawkins,2016,OL,25-27,5.0,16.0,no_claim,,0,0
00-0030725,Cornelius Lucas,2016,OL,25-27,5.0,16.0,no_claim,,0,0
00-0030741,Roosevelt Nix,2016,RB,25-27,1.0,16.0,PTD,15.0,1,0
00-0030756,Rajion Neal,2016,RB,25-27,,,no_claim,,0,0
00-0030779,Dan France,2016,OL,25-27,,,no_claim,,0,0
00-0030781,Trey Hopkins,2016,OL,25-27,1.0,16.0,no_claim,,0,0
00-0030785,Nikita Whitlock,2016,RB,25-27,,,no_claim,,0,0
00-0030786,James Wilder Jr.,2016,RB,25-27,,,no_claim,,0,0
00-0030789,Antonio Andrews,2016,RB,25-27,1.0,16.0,no_claim,,0,0
00-0030791,Gabe Ikard,2016,OL,25-27,0.0,16.0,no_claim,,0,0
00-0030825,Stephen Morris,2016,QB,25-27,,,no_claim,,0,0
00-0030827,Tyler Shatley,2016,OL,25-27,7.0,16.0,no_claim,,0,0
00-0030829,Josh Wells,2016,OL,25-27,3.0,16.0,no_claim,,0,0
00-0030833,Josh Allen,2016,OL,25-27,,,no_claim,,0,0
00-0030860,Orleans Darkwa,2016,RB,25-27,4.0,16.0,no_claim,,0,0
00-0030869,Tyler Larsen,2016,OL,25-27,6.0,16.0,no_claim,,0,0
00-0030874,Damien Williams,2016,RB,25-27,15.0,16.0,no_claim,,0,0
00-0030887,Anthony Steen,2016,OL,25-27,9.0,16.0,PTD,7.0,1,0
00-0030899,Garry Gilliam,2016,OL,25-27,16.0,16.0,no_claim,,0,0
00-0030923,Jeremiah Sirles,2016,OL,25-27,14.0,16.0,no_claim,,0,0
00-0030937,Zac Kerin,2016,OL,25-27,8.0,16.0,PTD,8.0,1,0
00-0030950,John Fullington,2016,OL,25-27,,,no_claim,,0,0
00-0030962,Ronald Patrick,2016,OL,25-27,,,no_claim,,0,0
00-0030964,Jarrod Pughsley,2016,OL,25-27,,,no_claim,,0,0
00-0030968,Keith Smith,2016,RB,25-27,4.0,16.0,no_claim,,0,0
00-0030991,Chris Watt,2016,OL,25-27,,,no_claim,,0,0
00-0030996,John Urschel,2016,OL,25-27,7.0,16.0,no_claim,,0,0
00-0030997,Zach Fulton,2016,OL,25-27,16.0,16.0,no_claim,,0,0
00-0031008,Silas Redd,2016,RB,25-27,,,no_claim,,0,0
00-0031017,Dakota Dozier,2016,OL,25-27,8.0,16.0,no_claim,,0,0
00-0031019,Corey Linsley,2016,OL,25-27,12.0,16.0,no_claim,,0,0
00-0031022,Laurent Duvernay-Tardif,2016,OL,25-27,15.0,16.0,no_claim,,0,0
00-0031028,Ulrick John,2016,OL,25-27,3.0,16.0,no_claim,,0,0
00-0031029,Seantrel Henderson,2016,OL,25-27,1.0,16.0,PTD,15.0,1,0
00-0031031,Brent Qvale,2016,OL,25-27,11.0,16.0,excluded_sub_threshold,5.0,0,0
00-0031039,James Ferentz,2016,OL,28-30,4.0,16.0,no_claim,,0,0
00-0031045,Carlos Hyde,2016,RB,25-27,13.0,16.0,excluded_sub_threshold,3.0,0,0
00-0031046,Jack Mewhort,2016,OL,25-27,10.0,16.0,PTD,6.0,1,0
00-0031047,Spencer Long,2016,OL,25-27,13.0,16.0,excluded_sub_threshold,3.0,0,0
00-0031055,Andre Williams,2016,RB,25-27,1.0,16.0,no_claim,,0,0
00-0031057,Ka'Deem Carey,2016,RB,<=24,11.0,16.0,excluded_sub_threshold,5.0,0,0
00-0031062,James White,2016,RB,25-27,16.0,16.0,no_claim,,0,0
00-0031064,Tom Savage,2016,QB,25-27,3.0,16.0,TTD,13.0,0,1
00-0031066,Lorenzo Taliaferro,2016,RB,25-27,1.0,16.0,PTD,15.0,1,0
00-0031067,Cameron Fleming,2016,OL,<=24,16.0,16.0,no_claim,,0,0
00-0031069,David Yankey,2016,OL,25-27,6.0,16.0,no_claim,,0,0
00-0031075,Alfred Blue,2016,RB,25-27,14.0,16.0,excluded_sub_threshold,2.0,0,0
00-0031076,David Fales,2016,QB,25-27,1.0,16.0,no_claim,,0,0
00-0031085,Jay Prosch,2016,RB,25-27,4.0,16.0,PTD,12.0,1,0
00-0031095,Charles Leno Jr.,2016,OL,25-27,16.0,16.0,no_claim,,0,0
00-0031102,Kapri Bibbs,2016,RB,<=24,8.0,16.0,no_claim,,0,0
00-0031113,William Poehls,2016,OL,25-27,,,no_claim,,0,0
00-0031122,Andrew Norwell,2016,OL,25-27,16.0,16.0,no_claim,,0,0
00-0031128,Ryan Groy,2016,OL,25-27,16.0,16.0,no_claim,,0,0
00-0031147,Chris Martin,2016,OL,25-27,,,no_claim,,0,0
00-0031152,Bryan Witzmann,2016,OL,25-27,2.0,16.0,no_claim,,0,0
00-0031158,George Atkinson,2016,RB,<=24,1.0,16.0,no_claim,,0,0
00-0031182,Kevin Pamphile,2016,OL,25-27,14.0,16.0,excluded_sub_threshold,2.0,0,0
00-0031191,Luke Bowanko,2016,OL,25-27,2.0,16.0,no_claim,,0,0
00-0031202,Ben Gottschalk,2016,OL,25-27,2.0,16.0,no_claim,,0,0
00-0031237,Teddy Bridgewater,2016,QB,<=24,,,no_claim,,0,0
00-0031238,Weston Richburg,2016,OL,25-27,17.0,16.0,no_claim,,0,0
00-0031260,Logan Thomas,2016,QB,25-27,,,no_claim,,0,0
00-0031266,Zach Mettenberger,2016,QB,25-27,,,no_claim,,0,0
00-0031271,Trey Millard,2016,RB,25-27,,,no_claim,,0,0
00-0031277,Branden Oliver,2016,RB,25-27,,,no_claim,,0,0
00-0031279,Jake Matthews,2016,OL,25-27,19.0,16.0,no_claim,,0,0
00-0031280,Derek Carr,2016,QB,25-27,15.0,16.0,no_claim,,0,0
00-0031282,Justin Britt,2016,OL,25-27,17.0,16.0,no_claim,,0,0
00-0031284,Travis Swanson,2016,OL,25-27,12.0,16.0,excluded_sub_threshold,4.0,0,0
00-0031285,Devonta Freeman,2016,RB,25-27,16.0,16.0,no_claim,,0,0
00-0031288,A.J. McCarron,2016,QB,25-27,,,no_claim,,0,0
00-0031294,Craig Watts,2016,OL,25-27,2.0,16.0,no_claim,,0,0
00-0031301,Jeremy Hill,2016,RB,<=24,15.0,16.0,no_claim,,0,0
00-0031306,Russell Bodine,2016,OL,25-27,16.0,16.0,no_claim,,0,0
00-0031311,Cyril Richardson,2016,OL,25-27,,,no_claim,,0,0
00-0031314,Wesley Johnson,2016,OL,25-27,13.0,16.0,no_claim,,0,0
00-0031330,Morgan Moses,2016,OL,25-27,16.0,16.0,no_claim,,0,0
00-0031332,Fitzgerald Toussaint,2016,RB,25-27,5.0,16.0,no_claim,,0,0
00-0031335,Cyrus Kouandjio,2016,OL,<=24,10.0,16.0,PTD,6.0,1,0
00-0031337,Marcus Martin,2016,OL,<=24,4.0,16.0,PTD,12.0,1,0
00-0031345,Jimmy Garoppolo,2016,QB,25-27,6.0,16.0,PTD,10.0,1,0
00-0031349,Matt Paradis,2016,OL,25-27,16.0,16.0,no_claim,,0,0
00-0031353,Michael Schofield,2016,OL,25-27,16.0,16.0,no_claim,,0,0
00-0031362,Trai Turner,2016,OL,<=24,16.0,16.0,no_claim,,0,0
00-0031367,Gabe Jackson,2016,OL,25-27,17.0,16.0,no_claim,,0,0
00-0031369,Brandon Linder,2016,OL,25-27,14.0,16.0,no_claim,,0,0
00-0031375,Terrance West,2016,RB,25-27,16.0,16.0,no_claim,,0,0
00-0031376,Jerick McKinnon,2016,RB,25-27,15.0,16.0,no_claim,,0,0
00-0031386,Greg Robinson,2016,OL,<=24,14.0,16.0,no_claim,,0,0
00-0031390,Charles Sims,2016,RB,25-27,7.0,16.0,TTD,9.0,0,1
00-0031391,Tre Mason,2016,RB,<=24,,,no_claim,,0,0
00-0031392,Dri Archer,2016,RB,25-27,,,no_claim,,0,0
00-0031396,Mitchell Van Dyk,2016,OL,25-27,,,no_claim,,0,0
00-0031399,Demetrius Rhaney,2016,OL,25-27,0.0,16.0,no_claim,,0,0
00-0031402,Zack Martin,2016,OL,25-27,17.0,16.0,no_claim,,0,0
00-0031407,Blake Bortles,2016,QB,25-27,16.0,16.0,no_claim,,0,0
00-0031410,Xavier Su'a-Filo,2016,OL,25-27,18.0,16.0,no_claim,,0,0
00-0031413,Bishop Sankey,2016,RB,<=24,,,no_claim,,0,0
00-0031417,Ja'Wuan James,2016,OL,25-27,17.0,16.0,no_claim,,0,0
00-0031426,Joel Bitonio,2016,OL,25-27,5.0,16.0,TTD,11.0,0,1
00-0031433,Billy Turner,2016,OL,25-27,6.0,16.0,no_claim,,0,0
00-0031442,Taylor Lewan,2016,OL,25-27,16.0,16.0,no_claim,,0,0
00-0031459,Glenn Winston,2016,RB,28-30,,,no_claim,,0,0
00-0031489,Brett Jones,2016,OL,25-27,7.0,16.0,TTD,9.0,0,1
00-0031503,Jameis Winston,2016,QB,<=24,16.0,16.0,no_claim,,0,0
00-0031534,La'el Collins,2016,OL,<=24,3.0,16.0,TTD,13.0,0,1
00-0031561,Hroniss Grasu,2016,OL,25-27,,,no_claim,,0,0
00-0031567,Daryl Williams,2016,OL,25-27,13.0,16.0,excluded_sub_threshold,3.0,0,0
00-0031568,Bryce Petty,2016,QB,25-27,6.0,16.0,PTD,10.0,1,0
00-0031569,Jeremy Langford,2016,RB,25-27,12.0,16.0,excluded_sub_threshold,4.0,0,0
00-0031572,T.J. Clemmings,2016,OL,25-27,14.0,16.0,no_claim,,0,0
00-0031573,Tre Jackson,2016,OL,<=24,,,no_claim,,0,0
00-0031577,Javorius Allen,2016,RB,25-27,3.0,16.0,TTD,13.0,0,1
00-0031580,Shaquille Mason,2016,OL,<=24,19.0,16.0,no_claim,,0,0
00-0031581,Mark Glowinski,2016,OL,25-27,18.0,16.0,no_claim,,0,0
00-0031589,Brett Hundley,2016,QB,<=24,4.0,16.0,no_claim,,0,0
00-0031590,Jay Ajayi,2016,RB,<=24,15.0,16.0,no_claim,,0,0
00-0031595,Michael Burton,2016,RB,25-27,1.0,16.0,no_claim,,0,0
00-0031599,Cameron Artis-Payne,2016,RB,25-27,3.0,16.0,no_claim,,0,0
00-0031601,Robert Myers,2016,OL,25-27,,,no_claim,,0,0
00-0031604,Tyrus Thompson,2016,OL,25-27,,,no_claim,,0,0
00-0031612,Aaron Ripkowski,2016,RB,<=24,10.0,16.0,no_claim,,0,0
00-0031621,Jake Rodgers,2016,OL,25-27,,,no_claim,,0,0
00-0031622,Bobby Hart,2016,OL,<=24,15.0,16.0,no_claim,,0,0
00-0031626,Brian Mihalik,2016,OL,25-27,,,no_claim,,0,0
00-0031627,Corey Robinson,2016,OL,25-27,11.0,16.0,excluded_sub_threshold,5.0,0,0
00-0031632,Denzelle Good,2016,OL,25-27,10.0,16.0,PTD,6.0,1,0
00-0031646,Brett Boyko,2016,OL,25-27,,,no_claim,,0,0
00-0031665,Zach Zenner,2016,RB,25-27,11.0,16.0,no_claim,,0,0
00-0031681,Valerian Ume-Ezeoke,2016,OL,<=24,,,no_claim,,0,0
00-0031682,Terron Ward,2016,RB,25-27,5.0,16.0,no_claim,,0,0
00-0031685,Cole Manhart,2016,OL,<=24,,,no_claim,,0,0
00-0031687,Raheem Mostert,2016,RB,25-27,1.0,16.0,no_claim,,0,0
00-0031701,Rob Crisp,2016,OL,25-27,,,no_claim,,0,0
00-0031706,Paul Lasike,2016,RB,25-27,4.0,16.0,no_claim,,0,0
00-0031722,Michael Liedtke,2016,OL,25-27,,,no_claim,,0,0
00-0031731,Corey Grant,2016,RB,25-27,5.0,16.0,no_claim,,0,0
00-0031734,Chris Reed,2016,OL,25-27,7.0,16.0,PTD,9.0,1,0
00-0031743,Akeem Hunt,2016,RB,<=24,6.0,16.0,no_claim,,0,0
00-0031751,Shane McDermott,2016,OL,25-27,1.0,16.0,no_claim,,0,0
00-0031761,Darryl Baldwin,2016,OL,25-27,,,no_claim,,0,0
00-0031764,Blaine Clausell,2016,OL,25-27,,,no_claim,,0,0
00-0031765,Nick Easton,2016,OL,25-27,11.0,16.0,excluded_sub_threshold,5.0,0,0
00-0031766,Kaleb Johnson,2016,OL,<=24,,,no_claim,,0,0
00-0031768,Terrence Magee,2016,RB,<=24,1.0,16.0,no_claim,,0,0
00-0031771,De'Ondre Wesley,2016,OL,25-27,,,no_claim,,0,0
00-0031779,B.J. Finney,2016,OL,25-27,7.0,16.0,no_claim,,0,0
00-0031793,Terrell Watson,2016,RB,<=24,1.0,16.0,no_claim,,0,0
00-0031800,Taylor Heinicke,2016,QB,<=24,,,no_claim,,0,0
00-0031806,Malcolm Brown,2016,RB,<=24,8.0,16.0,no_claim,,0,0
00-0031813,Zach Laskey,2016,RB,25-27,,,no_claim,,0,0
00-0031821,Darrell Williams,2016,OL,<=24,,,no_claim,,0,0
00-0031826,John Crockett,2016,RB,25-27,,,no_claim,,0,0
00-0031852,David Andrews,2016,OL,25-27,19.0,16.0,no_claim,,0,0
00-0031861,Julian Howsare,2016,RB,<=24,,,no_claim,,0,0
00-0031877,Takoby Cofield,2016,OL,25-27,,,no_claim,,0,0
00-0031897,Thomas Rawls,2016,RB,<=24,9.0,16.0,TTD,7.0,0,1
00-0031921,Kendall Lamm,2016,OL,25-27,16.0,16.0,no_claim,,0,0
00-0031923,Greg Mancz,2016,OL,25-27,18.0,16.0,no_claim,,0,0
00-0031936,Mitch Morse,2016,OL,25-27,17.0,16.0,no_claim,,0,0
00-0031939,Matt Jones,2016,RB,<=24,7.0,16.0,PTD,9.0,1,0
00-0031942,Arie Kouandjio,2016,OL,25-27,4.0,16.0,no_claim,,0,0
00-0031958,Austin Reiter,2016,OL,25-27,1.0,16.0,PTD,15.0,1,0
00-0031959,Marcus Murphy,2016,RB,25-27,1.0,16.0,no_claim,,0,0
00-0032028,Sean Hickey,2016,OL,25-27,,,no_claim,,0,0
00-0032037,Josue Matias,2016,OL,<=24,,,no_claim,,0,0
00-0032043,Quinton Spain,2016,OL,25-27,14.0,16.0,excluded_sub_threshold,2.0,0,0
00-0032048,Mack Brown,2016,RB,25-27,1.0,16.0,no_claim,,0,0
00-0032053,Brandon Scherff,2016,OL,25-27,16.0,16.0,no_claim,,0,0
00-0032058,Tevin Coleman,2016,RB,<=24,13.0,16.0,excluded_sub_threshold,3.0,0,0
00-0032063,Mike Davis,2016,RB,<=24,6.0,16.0,no_claim,,0,0
00-0032071,Trent Brown,2016,OL,<=24,16.0,16.0,no_claim,,0,0
00-0032073,Jake Heaps,2016,QB,25-27,,,no_claim,,0,0
00-0032078,Tyreek Burwell,2016,OL,25-27,2.0,16.0,no_claim,,0,0
00-0032090,Dreamius Smith,2016,RB,<=24,,,no_claim,,0,0
00-0032104,Ameer Abdullah,2016,RB,<=24,2.0,16.0,no_claim,,0,0
00-0032118,Andy Gallik,2016,OL,25-27,,,no_claim,,0,0
00-0032130,Jalston Fowler,2016,RB,25-27,3.0,16.0,no_claim,,0,0
00-0032132,Max Garcia,2016,OL,25-27,16.0,16.0,no_claim,,0,0
00-0032133,David Cobb,2016,RB,<=24,,,no_claim,,0,0
00-0032144,Melvin Gordon,2016,RB,<=24,13.0,16.0,excluded_sub_threshold,3.0,0,0
00-0032145,Cameron Erving,2016,OL,25-27,13.0,16.0,excluded_sub_threshold,3.0,0,0
00-0032147,Ty Sambrailo,2016,OL,25-27,10.0,16.0,no_claim,,0,0
00-0032148,Garrett Grayson,2016,QB,25-27,,,no_claim,,0,0
00-0032149,John Miller,2016,OL,<=24,16.0,16.0,no_claim,,0,0
00-0032151,Jon Feliciano,2016,OL,25-27,7.0,16.0,no_claim,,0,0
00-0032152,Karlos Williams,2016,RB,<=24,,,no_claim,,0,0
00-0032156,Trevor Siemian,2016,QB,25-27,14.0,16.0,excluded_sub_threshold,2.0,0,0
00-0032187,David Johnson,2016,RB,25-27,16.0,16.0,no_claim,,0,0
00-0032196,Jake Fisher,2016,OL,<=24,15.0,16.0,no_claim,,0,0
00-0032200,Ty Montgomery,2016,RB,<=24,13.0,16.0,no_claim,,0,0
00-0032203,Andrus Peat,2016,OL,<=24,15.0,16.0,no_claim,,0,0
00-0032204,Chaz Green,2016,OL,25-27,4.0,16.0,PTD,12.0,1,0
00-0032209,T.J. Yeldon,2016,RB,<=24,15.0,16.0,no_claim,,0,0
00-0032217,Donovan Smith,2016,OL,<=24,16.0,16.0,no_claim,,0,0
00-0032222,D.J. Humphries,2016,OL,<=24,13.0,16.0,excluded_sub_threshold,3.0,0,0
00-0032233,Cedric Ogbuehi,2016,OL,25-27,14.0,16.0,excluded_sub_threshold,2.0,0,0
00-0032234,Laken Tomlinson,2016,OL,25-27,14.0,16.0,no_claim,,0,0
00-0032241,Todd Gurley,2016,RB,<=24,16.0,16.0,no_claim,,0,0
00-0032242,Rob Havenstein,2016,OL,25-27,15.0,16.0,no_claim,,0,0
00-0032243,Ali Marpet,2016,OL,<=24,16.0,16.0,no_claim,,0,0
00-0032244,Jamon Brown,2016,OL,<=24,10.0,16.0,TTD,6.0,0,1
00-0032245,Sean Mannion,2016,QB,25-27,1.0,16.0,no_claim,,0,0
00-0032246,Andrew Donnal,2016,OL,25-27,14.0,16.0,no_claim,,0,0
00-0032247,Cody Wichmann,2016,OL,25-27,11.0,16.0,no_claim,,0,0
00-0032255,A.J. Cann,2016,OL,25-27,16.0,16.0,no_claim,,0,0
00-0032257,Duke Johnson,2016,RB,<=24,16.0,16.0,no_claim,,0,0
00-0032259,Ereck Flowers,2016,OL,<=24,17.0,16.0,no_claim,,0,0
00-0032263,Jeremiah Poutasi,2016,OL,<=24,1.0,16.0,no_claim,,0,0
00-0032268,Marcus Mariota,2016,QB,<=24,15.0,16.0,no_claim,,0,0
00-0032297,Kitt O'Brien,2016,OL,25-27,,,no_claim,,0,0
00-0032298,Bronson Hill,2016,RB,<=24,1.0,16.0,no_claim,,0,0
00-0032324,Cornelius Edison,2016,OL,<=24,0.0,16.0,no_claim,,0,0
00-0032345,Isiah Cage,2016,OL,<=24,,,no_claim,,0,0
00-0032354,Adam Redmond,2016,OL,<=24,,,no_claim,,0,0
00-0032371,Rob Kelley,2016,RB,<=24,14.0,16.0,no_claim,,0,0
00-0032373,Kevin Bowen,2016,OL,<=24,,,no_claim,,0,0
00-0032375,Joe Kerridge,2016,RB,<=24,1.0,16.0,no_claim,,0,0
00-0032377,Josh Ferguson,2016,RB,<=24,8.0,16.0,no_claim,,0,0
00-0032380,Laremy Tunsil,2016,OL,<=24,15.0,16.0,no_claim,,0,0
00-0032381,Taylor Decker,2016,OL,<=24,17.0,16.0,no_claim,,0,0
00-0032383,Ryan Kelly,2016,OL,<=24,16.0,16.0,no_claim,,0,0
00-0032384,Germain Ifedi,2016,OL,<=24,15.0,16.0,no_claim,,0,0
00-0032391,Joe Thuney,2016,OL,<=24,19.0,16.0,no_claim,,0,0
00-0032393,C.J. Prosise,2016,RB,<=24,6.0,16.0,PTD,10.0,1,0
00-0032395,Graham Glasgow,2016,OL,25-27,13.0,16.0,no_claim,,0,0
00-0032397,Rees Odhiambo,2016,OL,<=24,7.0,16.0,no_claim,,0,0
00-0032404,Tyler Ervin,2016,RB,<=24,3.0,16.0,PTD,13.0,1,0
00-0032405,Willie Beavers,2016,OL,<=24,2.0,16.0,no_claim,,0,0
00-0032407,Alex Lewis,2016,OL,25-27,9.0,16.0,TTD,7.0,0,1
00-0032411,Kenneth Dixon,2016,RB,<=24,12.0,16.0,excluded_sub_threshold,4.0,0,0
00-0032414,John Theus,2016,OL,<=24,2.0,16.0,no_claim,,0,0
00-0032417,Paul Perkins,2016,RB,<=24,13.0,16.0,no_claim,,0,0
00-0032418,Joe Dahl,2016,OL,<=24,2.0,16.0,no_claim,,0,0
00-0032419,Joe Haeg,2016,OL,<=24,14.0,16.0,no_claim,,0,0
00-0032420,Brandon Shell,2016,OL,25-27,6.0,16.0,no_claim,,0,0
00-0032426,Alex Collins,2016,RB,<=24,9.0,16.0,no_claim,,0,0
00-0032431,Jake Rudock,2016,QB,<=24,,,no_claim,,0,0
00-0032432,Wes Schweitzer,2016,OL,<=24,,,no_claim,,0,0
00-0032433,Kyle Murphy,2016,OL,<=24,3.0,16.0,no_claim,,0,0
00-0032434,Brandon Allen,2016,QB,<=24,,,no_claim,,0,0
00-0032436,Jeff Driskel,2016,QB,<=24,,,no_claim,,0,0
00-0032443,Joey Hunt,2016,OL,<=24,3.0,16.0,no_claim,,0,0
00-0032445,Ted Karras,2016,OL,<=24,6.0,16.0,no_claim,,0,0
00-0032450,Dwayne Washington,2016,RB,<=24,11.0,16.0,excluded_sub_threshold,5.0,0,0
00-0032455,Austin Blythe,2016,OL,25-27,3.0,16.0,no_claim,,0,0
00-0032457,Pearce Slater,2016,OL,<=24,,,no_claim,,0,0
00-0032462,Trevone Boykin,2016,QB,<=24,4.0,16.0,no_claim,,0,0
00-0032466,George Fant,2016,OL,25-27,14.0,16.0,no_claim,,0,0
00-0032472,Tre Madden,2016,RB,<=24,,,no_claim,,0,0
00-0032507,Marquis Lucas,2016,OL,<=24,,,no_claim,,0,0
00-0032520,Rashod Hill,2016,OL,25-27,1.0,16.0,no_claim,,0,0
00-0032540,Tra Carson,2016,RB,<=24,,,no_claim,,0,0
00-0032565,Jarell Broxton,2016,OL,<=24,,,no_claim,,0,0
00-0032567,Anthony Fabiano,2016,OL,<=24,3.0,16.0,no_claim,,0,0
00-0032570,Stephane Nembot,2016,OL,25-27,,,no_claim,,0,0
00-0032575,Matt Skura,2016,OL,<=24,,,no_claim,,0,0
00-0032577,D.J. Foster,2016,RB,<=24,2.0,16.0,no_claim,,0,0
00-0032593,Brandon Wilds,2016,RB,<=24,3.0,16.0,no_claim,,0,0
00-0032602,J.D. McKissic,2016,RB,<=24,1.0,16.0,no_claim,,0,0
00-0032630,Joe Callahan,2016,QB,<=24,,,no_claim,,0,0
00-0032636,Don Jackson,2016,RB,<=24,3.0,16.0,no_claim,,0,0
00-0032672,Aaron Green,2016,RB,<=24,,,no_claim,,0,0
00-0032680,Pace Murphy,2016,OL,<=24,2.0,16.0,no_claim,,0,0
00-0032692,Kyle Friend,2016,OL,<=24,,,no_claim,,0,0
00-0032701,Jake Brendel,2016,OL,<=24,1.0,16.0,no_claim,,0,0
00-0032714,Alex Balducci,2016,OL,<=24,1.0,16.0,no_claim,,0,0
00-0032736,Arturo Uzdavinis,2016,OL,<=24,,,no_claim,,0,0
00-0032737,Soma Vainuku,2016,RB,25-27,,,no_claim,,0,0
00-0032741,Peyton Barber,2016,RB,<=24,9.0,16.0,no_claim,,0,0
00-0032745,Alan Cross,2016,RB,<=24,9.0,16.0,no_claim,,0,0
00-0032747,Russell Hansbrough,2016,RB,<=24,,,no_claim,,0,0
00-0032764,Derrick Henry,2016,RB,<=24,14.0,16.0,no_claim,,0,0
00-0032766,Jason Spriggs,2016,OL,<=24,15.0,16.0,no_claim,,0,0
00-0032768,Cody Whitehair,2016,OL,25-27,16.0,16.0,no_claim,,0,0
00-0032771,Parker Ehinger,2016,OL,<=24,4.0,16.0,PTD,12.0,1,0
00-0032777,Evan Boehm,2016,OL,<=24,5.0,16.0,no_claim,,0,0
00-0032779,Caleb Benenoch,2016,OL,<=24,3.0,16.0,no_claim,,0,0
00-0032780,Jordan Howard,2016,RB,<=24,15.0,16.0,no_claim,,0,0
00-0032782,Wendell Smallwood,2016,RB,<=24,12.0,16.0,no_claim,,0,0
00-0032784,Kevin Hogan,2016,QB,<=24,3.0,16.0,no_claim,,0,0
00-0032785,Halapoulivaati Vaitai,2016,OL,<=24,7.0,16.0,TTD,9.0,0,1
00-0032787,Cole Toner,2016,OL,<=24,2.0,16.0,no_claim,,0,0
00-0032792,Nate Sudfeld,2016,QB,<=24,,,no_claim,,0,0
00-0032794,Dan Vitale,2016,RB,<=24,5.0,16.0,no_claim,,0,0
00-0032804,Daniel Lasco,2016,RB,<=24,3.0,16.0,PTD,13.0,1,0
00-0032806,Keith Marshall,2016,RB,<=24,,,no_claim,,0,0
00-0032808,Zac Brooks,2016,RB,<=24,,,no_claim,,0,0
00-0032813,Elijhaa Penny,2016,RB,<=24,,,no_claim,,0,0
00-0032827,Leonard Wester,2016,OL,<=24,3.0,16.0,no_claim,,0,0
00-0032838,Cedric O'Neal,2016,RB,<=24,,,no_claim,,0,0
00-0032844,Brandon Burks,2016,RB,<=24,1.0,16.0,no_claim,,0,0
00-0032852,Tani Tupou,2016,RB,<=24,,,no_claim,,0,0
00-0032867,Tyler Marz,2016,OL,<=24,,,no_claim,,0,0
00-0032872,Jack Allen,2016,OL,<=24,,,no_claim,,0,0
00-0032877,Marcus Henry,2016,OL,<=24,,,no_claim,,0,0
00-0032879,Landon Turner,2016,OL,<=24,5.0,16.0,no_claim,,0,0
00-0032885,Ryker Mathews,2016,OL,<=24,,,no_claim,,0,0
00-0032893,Connor Cook,2016,QB,<=24,1.0,16.0,no_claim,,0,0
00-0032897,Derek Watt,2016,RB,<=24,6.0,16.0,no_claim,,0,0
00-0032898,Donavon Clark,2016,OL,<=24,,,no_claim,,0,0
00-0032899,Vadal Alexander,2016,OL,<=24,9.0,16.0,TTD,7.0,0,1
00-0032902,Kenneth Farrow,2016,RB,<=24,10.0,16.0,no_claim,,0,0
00-0032904,Tyler Johnstone,2016,OL,<=24,,,no_claim,,0,0
00-0032909,Dillon Gordon,2016,OL,<=24,1.0,16.0,no_claim,,0,0
00-0032911,Spencer Pulley,2016,OL,<=24,11.0,16.0,no_claim,,0,0
00-0032918,C.J. Ham,2016,RB,<=24,,,no_claim,,0,0
00-0032921,Zach Sterup,2016,OL,25-27,,,no_claim,,0,0
00-0032940,DeAndre Washington,2016,RB,<=24,13.0,16.0,no_claim,,0,0
00-0032941,Sebastian Tretola,2016,OL,25-27,1.0,16.0,no_claim,,0,0
00-0032947,Avery Young,2016,OL,<=24,,,no_claim,,0,0
00-0032948,Aaron Epps,2016,OL,<=24,,,no_claim,,0,0
00-0032950,Carson Wentz,2016,QB,<=24,16.0,16.0,no_claim,,0,0
00-0032953,Christian Hackenberg,2016,QB,<=24,,,no_claim,,0,0
00-0032954,Isaac Seumalo,2016,OL,<=24,9.0,16.0,TTD,7.0,0,1
00-0032956,Andy Janovich,2016,RB,<=24,7.0,16.0,TTD,9.0,0,1
00-0032962,Darrell Greene,2016,OL,<=24,,,no_claim,,0,0
00-0032965,Ronnie Stanley,2016,OL,<=24,12.0,16.0,excluded_sub_threshold,4.0,0,0
00-0032969,Nick Martin,2016,OL,<=24,,,no_claim,,0,0
00-0032972,Devontae Booker,2016,RB,25-27,16.0,16.0,no_claim,,0,0
00-0032975,Jonathan Williams,2016,RB,<=24,8.0,16.0,no_claim,,0,0
00-0032976,Spencer Drango,2016,OL,<=24,14.0,16.0,no_claim,,0,0
00-0032996,Devon Johnson,2016,RB,<=24,,,no_claim,,0,0
00-0033004,Chris Swain,2016,RB,<=24,,,no_claim,,0,0
00-0033005,Denver Kirkland,2016,OL,<=24,7.0,16.0,no_claim,,0,0
00-0033007,Terran Vaughn,2016,OL,<=24,,,no_claim,,0,0
00-0033011,Connor McGovern,2016,OL,<=24,,,no_claim,,0,0
00-0033025,Jalen Richard,2016,RB,<=24,16.0,16.0,no_claim,,0,0
00-0033033,Jordan Rigsbee,2016,OL,<=24,,,no_claim,,0,0
00-0033039,Christian Westerman,2016,OL,<=24,,,no_claim,,0,0
00-0033045,Ezekiel Elliott,2016,RB,<=24,15.0,16.0,no_claim,,0,0
00-0033049,Darius Jackson,2016,RB,<=24,,,no_claim,,0,0
00-0033057,Jack Conklin,2016,OL,<=24,16.0,16.0,no_claim,,0,0
00-0033062,Romar Morris,2016,RB,<=24,,,no_claim,,0,0
00-0033065,Le'Raven Clark,2016,OL,<=24,5.0,16.0,no_claim,,0,0
00-0033077,Dak Prescott,2016,QB,<=24,16.0,16.0,no_claim,,0,0
00-0033085,Jerald Hawkins,2016,OL,<=24,,,no_claim,,0,0
00-0033097,Shon Coleman,2016,OL,25-27,7.0,16.0,no_claim,,0,0
00-0033098,Cardale Jones,2016,QB,<=24,1.0,16.0,no_claim,,0,0
00-0033104,Cody Kessler,2016,QB,<=24,9.0,16.0,PTD,7.0,1,0
00-0033106,Jared Goff,2016,QB,<=24,7.0,16.0,no_claim,,0,0
00-0033108,Paxton Lynch,2016,QB,<=24,3.0,16.0,no_claim,,0,0
00-0033118,Kenyan Drake,2016,RB,<=24,13.0,16.0,no_claim,,0,0
00-0033119,Jacoby Brissett,2016,QB,<=24,3.0,16.0,TTD,13.0,0,1
00-0033130,Max Tuerk,2016,OL,<=24,,,no_claim,,0,0
00-0033136,Kyler Kerbyson,2016,OL,<=24,,,no_claim,,0,0
00-0033151,Joshua Garnett,2016,OL,<=24,12.0,16.0,no_claim,,0,0
00-0033164,Troymaine Pope,2016,RB,<=24,4.0,16.0,PTD,12.0,1,0
00-0033175,Kyle Steuck,2016,OL,<=24,,,no_claim,,0,0
00-0019596,Tom Brady,2017,QB,31+,16.0,16.0,no_claim,,0,0
00-0020531,Drew Brees,2017,QB,31+,16.0,16.0,no_claim,,0,0
00-0021206,Josh McCown,2017,QB,31+,13.0,16.0,no_claim,,0,0
00-0021429,Carson Palmer,2017,QB,31+,7.0,16.0,no_claim,,0,0
00-0022531,Jason Peters,2017,OL,31+,7.0,16.0,no_claim,,0,0
00-0022787,Matt Schaub,2017,QB,31+,,,no_claim,,0,0
00-0022803,Eli Manning,2017,QB,31+,15.0,16.0,no_claim,,0,0
00-0022924,Ben Roethlisberger,2017,QB,31+,15.0,16.0,no_claim,,0,0
00-0022942,Philip Rivers,2017,QB,31+,16.0,16.0,no_claim,,0,0
00-0022999,John Kuhn,2017,RB,31+,1.0,16.0,no_claim,,0,0
00-0023436,Alex Smith,2017,QB,31+,15.0,16.0,no_claim,,0,0
00-0023459,Aaron Rodgers,2017,QB,31+,7.0,16.0,TTD,9.0,0,1
00-0023487,Khalif Barnes,2017,OL,31+,2.0,16.0,no_claim,,0,0
00-0023500,Frank Gore,2017,RB,31+,16.0,16.0,no_claim,,0,0
00-0023516,Richie Incognito,2017,OL,31+,17.0,16.0,no_claim,,0,0
00-0023564,Darren Sproles,2017,RB,31+,3.0,16.0,no_claim,,0,0
00-0023639,Joe Berger,2017,OL,31+,18.0,16.0,no_claim,,0,0
00-0023645,Derek Anderson,2017,QB,31+,3.0,16.0,no_claim,,0,0
00-0023662,Matt Cassel,2017,QB,31+,2.0,16.0,no_claim,,0,0
00-0023682,Ryan Fitzpatrick,2017,QB,31+,6.0,16.0,no_claim,,0,0
00-0023894,Donald Penn,2017,OL,31+,14.0,16.0,no_claim,,0,0
00-0024226,Jay Cutler,2017,QB,31+,14.0,16.0,excluded_sub_threshold,2.0,0,0
00-0024264,Kellen Clemens,2017,QB,31+,3.0,16.0,no_claim,,0,0
00-0024270,Andrew Whitworth,2017,OL,31+,16.0,16.0,no_claim,,0,0
00-0024281,Eric Winston,2017,OL,31+,4.0,16.0,no_claim,,0,0
00-0024323,Jahri Evans,2017,OL,31+,14.0,16.0,excluded_sub_threshold,2.0,0,0
00-0024424,Zach Strief,2017,OL,31+,2.0,16.0,PTD,14.0,1,0
00-0025390,Joe Thomas,2017,OL,31+,7.0,16.0,no_claim,,0,0
00-0025394,Adrian Peterson,2017,RB,31+,10.0,16.0,TTD,6.0,0,1
00-0025399,Marshawn Lynch,2017,RB,31+,15.0,16.0,no_claim,,0,0
00-0025415,Joe Staley,2017,OL,31+,15.0,16.0,no_claim,,0,0
00-0025430,Drew Stanton,2017,QB,31+,5.0,16.0,no_claim,,0,0
00-0025446,Ryan Kalil,2017,OL,31+,7.0,16.0,TTD,9.0,0,1
00-0025473,Marshal Yanda,2017,OL,31+,2.0,16.0,no_claim,,0,0
00-0025506,Allen Barbre,2017,OL,31+,12.0,16.0,no_claim,,0,0
00-0025512,Jermon Bushrod,2017,OL,31+,10.0,16.0,TTD,6.0,0,1
00-0025708,Matt Moore,2017,QB,31+,4.0,16.0,PTD,12.0,1,0
00-0025900,Chris Clark,2017,OL,31+,10.0,16.0,TTD,6.0,0,1
00-0026019,Danny Woodhead,2017,RB,31+,8.0,16.0,no_claim,,0,0
00-0026069,Mike Tolbert,2017,RB,31+,12.0,16.0,excluded_sub_threshold,4.0,0,0
00-0026143,Matt Ryan,2017,QB,31+,16.0,16.0,no_claim,,0,0
00-0026144,Darren McFadden,2017,RB,31+,1.0,16.0,no_claim,,0,0
00-0026153,Jonathan Stewart,2017,RB,31+,15.0,16.0,no_claim,,0,0
00-0026158,Joe Flacco,2017,QB,31+,16.0,16.0,no_claim,,0,0
00-0026164,Chris Johnson,2017,RB,31+,4.0,16.0,no_claim,,0,0
00-0026166,Duane Brown,2017,OL,31+,10.0,16.0,no_claim,,0,0
00-0026184,Matt Forte,2017,RB,31+,12.0,16.0,excluded_sub_threshold,4.0,0,0
00-0026197,Chad Henne,2017,QB,31+,2.0,16.0,no_claim,,0,0
00-0026205,John Greco,2017,OL,31+,3.0,16.0,no_claim,,0,0
00-0026213,Jamaal Charles,2017,RB,31+,13.0,16.0,no_claim,,0,0
00-0026275,Josh Sitton,2017,OL,31+,13.0,16.0,excluded_sub_threshold,3.0,0,0
00-0026290,Breno Giacomini,2017,OL,31+,16.0,16.0,no_claim,,0,0
00-0026300,Josh Johnson,2017,QB,31+,,,no_claim,,0,0
00-0026327,John Sullivan,2017,OL,31+,16.0,16.0,no_claim,,0,0
00-0026498,Matthew Stafford,2017,QB,28-30,16.0,16.0,no_claim,,0,0
00-0026500,Matt Slauson,2017,OL,31+,7.0,16.0,no_claim,,0,0
00-0026544,Chase Daniel,2017,QB,31+,1.0,16.0,no_claim,,0,0
00-0026561,Ramon Foster,2017,OL,31+,15.0,16.0,no_claim,,0,0
00-0026625,Brian Hoyer,2017,QB,31+,10.0,16.0,no_claim,,0,0
00-0026762,Alex Boone,2017,OL,31+,14.0,16.0,excluded_sub_threshold,2.0,0,0
00-0026784,Evan Smith,2017,OL,31+,,,no_claim,,0,0
00-0026814,Demar Dotson,2017,OL,31+,11.0,16.0,no_claim,,0,0
00-0026839,Jermey Parnell,2017,OL,31+,16.0,16.0,no_claim,,0,0
00-0026898,Mark Sanchez,2017,QB,31+,,,no_claim,,0,0
00-0026932,Cedric Peerman,2017,RB,31+,,,no_claim,,0,0
00-0026950,A.Q. Shipley,2017,OL,31+,16.0,16.0,no_claim,,0,0
00-0026982,Andre Smith,2017,OL,31+,12.0,16.0,excluded_sub_threshold,4.0,0,0
00-0026997,Alex Mack,2017,OL,31+,18.0,16.0,no_claim,,0,0
00-0027004,Eric Wood,2017,OL,31+,17.0,16.0,no_claim,,0,0
00-0027025,Max Unger,2017,OL,31+,18.0,16.0,no_claim,,0,0
00-0027027,Andy Levitre,2017,OL,31+,13.0,16.0,excluded_sub_threshold,3.0,0,0
00-0027029,LeSean McCoy,2017,RB,28-30,16.0,16.0,no_claim,,0,0
00-0027036,Will Beatty,2017,OL,31+,1.0,16.0,no_claim,,0,0
00-0027078,T.J. Lang,2017,OL,28-30,13.0,16.0,excluded_sub_threshold,3.0,0,0
00-0027282,Ben Garland,2017,OL,28-30,10.0,16.0,no_claim,,0,0
00-0027297,Austin Howard,2017,OL,31+,16.0,16.0,no_claim,,0,0
00-0027325,LeGarrette Blount,2017,RB,31+,16.0,16.0,no_claim,,0,0
00-0027531,Chris Ivory,2017,RB,28-30,14.0,16.0,no_claim,,0,0
00-0027607,Ted Larsen,2017,OL,31+,8.0,16.0,no_claim,,0,0
00-0027648,Rodger Saffold,2017,OL,28-30,16.0,16.0,no_claim,,0,0
00-0027658,Zane Beadles,2017,OL,31+,8.0,16.0,no_claim,,0,0
00-0027667,Vladimir Ducasse,2017,OL,28-30,,,no_claim,,0,0
00-0027674,Jared Veldheer,2017,OL,31+,13.0,16.0,no_claim,,0,0
00-0027678,John Jerry,2017,OL,31+,16.0,16.0,no_claim,,0,0
00-0027688,Colt McCoy,2017,QB,31+,,,no_claim,,0,0
00-0027694,Shawn Lauvao,2017,OL,28-30,9.0,16.0,PTD,7.0,1,0
00-0027717,Joe Hawley,2017,OL,28-30,4.0,16.0,no_claim,,0,0
00-0027750,Chris Scott,2017,OL,31+,,,no_claim,,0,0
00-0027768,Marshall Newhouse,2017,OL,28-30,14.0,16.0,excluded_sub_threshold,2.0,0,0
00-0027778,Sam Young,2017,OL,31+,9.0,16.0,no_claim,,0,0
00-0027796,Joe Webb,2017,QB,31+,2.0,16.0,no_claim,,0,0
00-0027854,Sam Bradford,2017,QB,28-30,2.0,16.0,PTD,14.0,1,0
00-0027857,Trent Williams,2017,OL,28-30,10.0,16.0,TTD,6.0,0,1
00-0027859,Russell Okung,2017,OL,28-30,15.0,16.0,no_claim,,0,0
00-0027861,C.J. Spiller,2017,RB,31+,1.0,16.0,no_claim,,0,0
00-0027869,Mike Iupati,2017,OL,31+,1.0,16.0,TTD,15.0,0,1
00-0027870,Maurkice Pouncey,2017,OL,28-30,16.0,16.0,no_claim,,0,0
00-0027875,Bryan Bulaga,2017,OL,28-30,5.0,16.0,TTD,11.0,0,1
00-0027925,James Develin,2017,RB,28-30,8.0,16.0,no_claim,,0,0
00-0027939,Cam Newton,2017,QB,28-30,16.0,16.0,no_claim,,0,0
00-0027947,Tyron Smith,2017,OL,25-27,13.0,16.0,no_claim,,0,0
00-0027948,Blaine Gabbert,2017,QB,28-30,5.0,16.0,no_claim,,0,0
00-0027953,Mike Pouncey,2017,OL,28-30,16.0,16.0,no_claim,,0,0
00-0027955,Nate Solder,2017,OL,28-30,19.0,16.0,no_claim,,0,0
00-0027960,Anthony Castonzo,2017,OL,28-30,16.0,16.0,no_claim,,0,0
00-0027963,James Carpenter,2017,OL,28-30,16.0,16.0,no_claim,,0,0
00-0027966,Mark Ingram,2017,RB,28-30,16.0,16.0,no_claim,,0,0
00-0027973,Andy Dalton,2017,QB,28-30,16.0,16.0,no_claim,,0,0
00-0027984,Orlando Franklin,2017,OL,28-30,0.0,16.0,no_claim,,0,0
00-0027986,Stefen Wisniewski,2017,OL,28-30,15.0,16.0,no_claim,,0,0
00-0027987,Ben Ijalana,2017,OL,28-30,3.0,16.0,no_claim,,0,0
00-0027993,Rodney Hudson,2017,OL,28-30,16.0,16.0,no_claim,,0,0
00-0027994,Shane Vereen,2017,RB,28-30,15.0,16.0,no_claim,,0,0
00-0028001,Marcus Gilbert,2017,OL,28-30,8.0,16.0,PTD,8.0,1,0
00-0028009,DeMarco Murray,2017,RB,28-30,15.0,16.0,no_claim,,0,0
00-0028011,Stevan Ridley,2017,RB,28-30,2.0,16.0,no_claim,,0,0
00-0028012,Ryan Mallett,2017,QB,28-30,2.0,16.0,no_claim,,0,0
00-0028023,Jah Reid,2017,OL,28-30,,,no_claim,,0,0
00-0028030,Joe Barksdale,2017,OL,28-30,11.0,16.0,excluded_sub_threshold,5.0,0,0
00-0028039,Clint Boling,2017,OL,28-30,16.0,16.0,no_claim,,0,0
00-0028060,Chris Hairston,2017,OL,28-30,2.0,16.0,no_claim,,0,0
00-0028063,Taiwan Jones,2017,RB,28-30,1.0,16.0,no_claim,,0,0
00-0028064,Bilal Powell,2017,RB,28-30,15.0,16.0,no_claim,,0,0
00-0028074,Anthony Sherman,2017,RB,28-30,5.0,16.0,no_claim,,0,0
00-0028076,Marcus Cannon,2017,OL,28-30,7.0,16.0,TTD,9.0,0,1
00-0028083,Jacquizz Rodgers,2017,RB,28-30,13.0,16.0,no_claim,,0,0
00-0028087,Dion Lewis,2017,RB,25-27,16.0,16.0,no_claim,,0,0
00-0028090,T.J. Yates,2017,QB,31+,4.0,16.0,no_claim,,0,0
00-0028101,Daniel Kilgore,2017,OL,28-30,16.0,16.0,no_claim,,0,0
00-0028110,Brandon Fusco,2017,OL,28-30,16.0,16.0,no_claim,,0,0
00-0028118,Tyrod Taylor,2017,QB,28-30,15.0,16.0,no_claim,,0,0
00-0028121,Jordan Todman,2017,RB,28-30,,,no_claim,,0,0
00-0028129,Jason Kelce,2017,OL,28-30,19.0,16.0,no_claim,,0,0
00-0028152,Derek Newton,2017,OL,28-30,,,no_claim,,0,0
00-0028177,Mike Person,2017,OL,28-30,,,no_claim,,0,0
00-0028240,Kenny Wiggins,2017,OL,28-30,16.0,16.0,no_claim,,0,0
00-0028274,Tim Barnes,2017,OL,28-30,1.0,16.0,no_claim,,0,0
00-0028581,Patrick DiMarco,2017,RB,28-30,8.0,16.0,no_claim,,0,0
00-0028595,Scott Tolzien,2017,QB,28-30,1.0,16.0,no_claim,,0,0
00-0028738,Byron Bell,2017,OL,28-30,5.0,16.0,no_claim,,0,0
00-0028862,Bryce Harris,2017,OL,28-30,1.0,16.0,no_claim,,0,0
00-0028957,Austin Davis,2017,QB,28-30,1.0,16.0,no_claim,,0,0
00-0028986,Case Keenum,2017,QB,28-30,15.0,16.0,no_claim,,0,0
00-0029004,Lance Dunbar,2017,RB,28-30,2.0,16.0,no_claim,,0,0
00-0029010,Ronald Leary,2017,OL,28-30,11.0,16.0,excluded_sub_threshold,5.0,0,0
00-0029048,Joe Banyard,2017,RB,28-30,,,no_claim,,0,0
00-0029068,Derrick Coleman,2017,RB,25-27,7.0,16.0,no_claim,,0,0
00-0029076,Austin Pasztor,2017,OL,25-27,0.0,16.0,no_claim,,0,0
00-0029091,Bradley Sowell,2017,OL,28-30,9.0,16.0,no_claim,,0,0
00-0029139,Adam Gettis,2017,OL,28-30,,,no_claim,,0,0
00-0029141,Alfred Morris,2017,RB,28-30,13.0,16.0,no_claim,,0,0
00-0029144,Tom Compton,2017,OL,28-30,9.0,16.0,no_claim,,0,0
00-0029146,J.R. Sweezy,2017,OL,28-30,14.0,16.0,no_claim,,0,0
00-0029151,Matt Simms,2017,QB,28-30,,,no_claim,,0,0
00-0029164,Mike Remmers,2017,OL,28-30,13.0,16.0,excluded_sub_threshold,3.0,0,0
00-0029187,Don Barclay,2017,OL,28-30,3.0,16.0,no_claim,,0,0
00-0029205,Travaris Cadet,2017,RB,28-30,7.0,16.0,no_claim,,0,0
00-0029239,Brandon Bolden,2017,RB,28-30,3.0,16.0,no_claim,,0,0
00-0029253,Mitchell Schwartz,2017,OL,28-30,17.0,16.0,no_claim,,0,0
00-0029254,Amini Silatolu,2017,OL,28-30,10.0,16.0,no_claim,,0,0
00-0029259,Kelechi Osemele,2017,OL,28-30,16.0,16.0,no_claim,,0,0
00-0029263,Russell Wilson,2017,QB,28-30,16.0,16.0,no_claim,,0,0
00-0029273,Robert Turbin,2017,RB,28-30,6.0,16.0,PTD,10.0,1,0
00-0029278,Joe Looney,2017,OL,28-30,7.0,16.0,no_claim,,0,0
00-0029302,Matt McCants,2017,OL,28-30,,,no_claim,,0,0
00-0029316,Kelvin Beachum,2017,OL,28-30,16.0,16.0,no_claim,,0,0
00-0029384,Bobby Rainey,2017,RB,28-30,3.0,16.0,no_claim,,0,0
00-0029413,Ben Jones,2017,OL,28-30,18.0,16.0,no_claim,,0,0
00-0029419,Dennis Kelly,2017,OL,28-30,17.0,16.0,no_claim,,0,0
00-0029492,Jamize Olawale,2017,RB,28-30,6.0,16.0,PTD,10.0,1,0
00-0029524,Jeff Allen,2017,OL,28-30,12.0,16.0,excluded_sub_threshold,4.0,0,0
00-0029528,Bobby Massie,2017,OL,28-30,15.0,16.0,no_claim,,0,0
00-0029543,Donald Stephenson,2017,OL,28-30,7.0,16.0,PTD,9.0,1,0
00-0029546,Senio Kelemete,2017,OL,28-30,17.0,16.0,no_claim,,0,0
00-0029561,Cordy Glenn,2017,OL,28-30,5.0,16.0,TTD,11.0,0,1
00-0029567,Nick Foles,2017,QB,28-30,7.0,16.0,no_claim,,0,0
00-0029592,Kevin Zeitler,2017,OL,28-30,16.0,16.0,no_claim,,0,0
00-0029604,Kirk Cousins,2017,QB,28-30,16.0,16.0,no_claim,,0,0
00-0029613,Doug Martin,2017,RB,28-30,11.0,16.0,excluded_sub_threshold,5.0,0,0
00-0029615,Lamar Miller,2017,RB,25-27,16.0,16.0,no_claim,,0,0
00-0029623,Alex Tanney,2017,QB,28-30,,,no_claim,,0,0
00-0029666,Josh LeRibeus,2017,OL,28-30,17.0,16.0,no_claim,,0,0
00-0029668,Andrew Luck,2017,QB,28-30,,,no_claim,,0,0
00-0029672,Riley Reiff,2017,OL,28-30,17.0,16.0,no_claim,,0,0
00-0029677,Brandon Weeden,2017,QB,31+,,,no_claim,,0,0
00-0029678,David DeCastro,2017,OL,28-30,16.0,16.0,no_claim,,0,0
00-0029679,Brandon Brooks,2017,OL,28-30,19.0,16.0,no_claim,,0,0
00-0029682,Brock Osweiler,2017,QB,25-27,6.0,16.0,no_claim,,0,0
00-0029685,Greg Van Roten,2017,OL,28-30,2.0,16.0,no_claim,,0,0
00-0029687,Matt Kalil,2017,OL,28-30,17.0,16.0,no_claim,,0,0
00-0029699,Tony Bergstrom,2017,OL,31+,7.0,16.0,no_claim,,0,0
00-0029701,Ryan Tannehill,2017,QB,28-30,,,no_claim,,0,0
00-0029709,Ty Nsekhe,2017,OL,31+,11.0,16.0,excluded_sub_threshold,5.0,0,0
00-0029731,Fozzy Whittaker,2017,RB,28-30,8.0,16.0,PTD,8.0,1,0
00-0029762,John Wetzel,2017,OL,25-27,13.0,16.0,no_claim,,0,0
00-0029786,Ryan Schraeder,2017,OL,28-30,16.0,16.0,no_claim,,0,0
00-0029795,Benny Cunningham,2017,RB,28-30,11.0,16.0,excluded_sub_threshold,5.0,0,0
00-0029821,Emmett Cleary,2017,OL,28-30,3.0,16.0,PTD,13.0,1,0
00-0029847,Martin Wallace,2017,OL,28-30,,,no_claim,,0,0
00-0029854,C.J. Anderson,2017,RB,25-27,16.0,16.0,no_claim,,0,0
00-0029857,Ryan Griffin,2017,QB,28-30,,,no_claim,,0,0
00-0029886,LaAdrian Waddle,2017,OL,25-27,12.0,16.0,no_claim,,0,0
00-0029889,Patrick Omameh,2017,OL,28-30,16.0,16.0,no_claim,,0,0
00-0029892,Kyle Juszczyk,2017,RB,25-27,13.0,16.0,excluded_sub_threshold,3.0,0,0
00-0029893,Rick Wagner,2017,OL,28-30,,,no_claim,,0,0
00-0029895,Ryan Jensen,2017,OL,25-27,16.0,16.0,no_claim,,0,0
00-0029931,Zach Line,2017,RB,28-30,7.0,16.0,no_claim,,0,0
00-0029963,Chris Hubbard,2017,OL,25-27,16.0,16.0,no_claim,,0,0
00-0029965,Chris Barker,2017,OL,28-30,,,no_claim,,0,0
00-0029992,Josh Kline,2017,OL,28-30,18.0,16.0,no_claim,,0,0
00-0030011,Jordan Devey,2017,OL,28-30,3.0,16.0,no_claim,,0,0
00-0030017,Will Pericak,2017,OL,28-30,,,no_claim,,0,0
00-0030046,Jordan Mills,2017,OL,25-27,17.0,16.0,no_claim,,0,0
00-0030065,Larry Warford,2017,OL,25-27,16.0,16.0,no_claim,,0,0
00-0030066,Brian Winters,2017,OL,25-27,13.0,16.0,excluded_sub_threshold,3.0,0,0
00-0030067,Terron Armstead,2017,OL,25-27,12.0,16.0,excluded_sub_threshold,4.0,0,0
00-0030074,David Bakhtiari,2017,OL,25-27,12.0,16.0,excluded_sub_threshold,4.0,0,0
00-0030076,JC Tretter,2017,OL,25-27,,,no_claim,,0,0
00-0030083,Oday Aboushi,2017,OL,25-27,8.0,16.0,PTD,8.0,1,0
00-0030094,Eric Kush,2017,OL,28-30,,,no_claim,,0,0
00-0030096,Vinston Painter,2017,OL,28-30,1.0,16.0,no_claim,,0,0
00-0030097,David Quessenberry,2017,OL,28-30,2.0,16.0,no_claim,,0,0
00-0030107,Theo Riddick,2017,RB,25-27,16.0,16.0,no_claim,,0,0
00-0030112,Tommy Bohanon,2017,RB,25-27,9.0,16.0,no_claim,,0,0
00-0030117,Kerwynn Williams,2017,RB,25-27,15.0,16.0,no_claim,,0,0
00-0030126,T.J. Johnson,2017,OL,28-30,8.0,16.0,PTD,8.0,1,0
00-0030149,Matt Tobin,2017,OL,28-30,11.0,16.0,no_claim,,0,0
00-0030151,Tyler Bray,2017,QB,25-27,1.0,16.0,no_claim,,0,0
00-0030217,Tim Lelito,2017,OL,28-30,1.0,16.0,no_claim,,0,0
00-0030247,George Winn,2017,RB,25-27,,,no_claim,,0,0
00-0030273,Lane Taylor,2017,OL,28-30,15.0,16.0,no_claim,,0,0
00-0030287,Andre Ellington,2017,RB,28-30,11.0,16.0,no_claim,,0,0
00-0030288,Rex Burkhead,2017,RB,28-30,10.0,16.0,TTD,6.0,0,1
00-0030313,Nick Becton,2017,OL,28-30,,,no_claim,,0,0
00-0030391,Mike James,2017,RB,25-27,,,no_claim,,0,0
00-0030394,Zac Dysert,2017,QB,28-30,,,no_claim,,0,0
00-0030404,Chris Thompson,2017,RB,25-27,10.0,16.0,no_claim,,0,0
00-0030414,Spencer Ware,2017,RB,25-27,,,no_claim,,0,0
00-0030419,Matthew McGloin,2017,QB,28-30,,,no_claim,,0,0
00-0030432,Christine Michael,2017,RB,25-27,,,no_claim,,0,0
00-0030433,Mike Gillislee,2017,RB,25-27,9.0,16.0,PTD,7.0,1,0
00-0030441,Kyle Long,2017,OL,28-30,9.0,16.0,no_claim,,0,0
00-0030456,Giovani Bernard,2017,RB,25-27,16.0,16.0,no_claim,,0,0
00-0030465,Kenjon Barner,2017,RB,28-30,9.0,16.0,no_claim,,0,0
00-0030485,Eddie Lacy,2017,RB,28-30,9.0,16.0,PTD,7.0,1,0
00-0030486,Brian Schwenke,2017,OL,25-27,4.0,16.0,no_claim,,0,0
00-0030496,Le'Veon Bell,2017,RB,25-27,15.0,16.0,no_claim,,0,0
00-0030504,Earl Watford,2017,OL,28-30,10.0,16.0,TTD,6.0,0,1
00-0030505,D.J. Fluker,2017,OL,25-27,7.0,16.0,TTD,9.0,0,1
00-0030513,Latavius Murray,2017,RB,28-30,16.0,16.0,no_claim,,0,0
00-0030520,Mike Glennon,2017,QB,28-30,4.0,16.0,no_claim,,0,0
00-0030524,Landry Jones,2017,QB,28-30,3.0,16.0,no_claim,,0,0
00-0030526,EJ Manuel,2017,QB,28-30,2.0,16.0,no_claim,,0,0
00-0030533,Matt Barkley,2017,QB,25-27,,,no_claim,,0,0
00-0030545,Luke Joeckel,2017,OL,25-27,11.0,16.0,excluded_sub_threshold,5.0,0,0
00-0030546,Travis Frederick,2017,OL,25-27,16.0,16.0,no_claim,,0,0
00-0030561,Lane Johnson,2017,OL,28-30,18.0,16.0,no_claim,,0,0
00-0030565,Geno Smith,2017,QB,25-27,2.0,16.0,no_claim,,0,0
00-0030579,Menelik Watson,2017,OL,28-30,7.0,16.0,PTD,9.0,1,0
00-0030584,Eric Fisher,2017,OL,25-27,16.0,16.0,no_claim,,0,0
00-0030585,Justin Pugh,2017,OL,28-30,8.0,16.0,TTD,8.0,0,1
00-0030586,Ryan Nassib,2017,QB,28-30,,,no_claim,,0,0
00-0030590,Jonathan Cooper,2017,OL,28-30,13.0,16.0,no_claim,,0,0
00-0030593,Chance Warmack,2017,OL,25-27,12.0,16.0,no_claim,,0,0
00-0030621,Michael Ola,2017,OL,28-30,2.0,16.0,no_claim,,0,0
00-0030629,Jeremy Vujnovich,2017,OL,25-27,16.0,16.0,no_claim,,0,0
00-0030648,Alejandro Villanueva,2017,OL,28-30,17.0,16.0,no_claim,,0,0
00-0030649,Jonotthan Harrison,2017,OL,25-27,5.0,16.0,TTD,11.0,0,1
00-0030652,Josh Walker,2017,OL,25-27,1.0,16.0,no_claim,,0,0
00-0030656,Isaiah Crowell,2017,RB,25-27,16.0,16.0,no_claim,,0,0
00-0030668,Charcandrick West,2017,RB,25-27,12.0,16.0,excluded_sub_threshold,4.0,0,0
00-0030694,James Hurst,2017,OL,25-27,16.0,16.0,no_claim,,0,0
00-0030711,David Fluellen,2017,RB,25-27,3.0,16.0,no_claim,,0,0
00-0030714,Donald Hawkins,2017,OL,25-27,,,no_claim,,0,0
00-0030725,Cornelius Lucas,2017,OL,25-27,1.0,16.0,no_claim,,0,0
00-0030741,Roosevelt Nix,2017,RB,25-27,4.0,16.0,no_claim,,0,0
00-0030750,James Stone,2017,OL,25-27,0.0,16.0,no_claim,,0,0
00-0030779,Dan France,2017,OL,25-27,,,no_claim,,0,0
00-0030781,Trey Hopkins,2017,OL,25-27,13.0,16.0,excluded_sub_threshold,3.0,0,0
00-0030792,Justin McCray,2017,OL,25-27,12.0,16.0,no_claim,,0,0
00-0030827,Tyler Shatley,2017,OL,25-27,15.0,16.0,no_claim,,0,0
00-0030829,Josh Wells,2017,OL,25-27,13.0,16.0,excluded_sub_threshold,3.0,0,0
00-0030860,Orleans Darkwa,2017,RB,25-27,15.0,16.0,no_claim,,0,0
00-0030869,Tyler Larsen,2017,OL,25-27,13.0,16.0,no_claim,,0,0
00-0030874,Damien Williams,2017,RB,25-27,10.0,16.0,TTD,6.0,0,1
00-0030887,Anthony Steen,2017,OL,28-30,6.0,16.0,PTD,10.0,1,0
00-0030899,Garry Gilliam,2017,OL,25-27,4.0,16.0,PTD,12.0,1,0
00-0030923,Jeremiah Sirles,2017,OL,25-27,13.0,16.0,excluded_sub_threshold,3.0,0,0
00-0030937,Zac Kerin,2017,OL,25-27,1.0,16.0,PTD,15.0,1,0
00-0030950,John Fullington,2017,OL,25-27,0.0,16.0,no_claim,,0,0
00-0030968,Keith Smith,2017,RB,25-27,4.0,16.0,no_claim,,0,0
00-0030997,Zach Fulton,2017,OL,25-27,14.0,16.0,no_claim,,0,0
00-0031017,Dakota Dozier,2017,OL,25-27,7.0,16.0,no_claim,,0,0
00-0031019,Corey Linsley,2017,OL,25-27,16.0,16.0,no_claim,,0,0
00-0031022,Laurent Duvernay-Tardif,2017,OL,25-27,12.0,16.0,excluded_sub_threshold,4.0,0,0
00-0031028,Ulrick John,2017,OL,25-27,4.0,16.0,no_claim,,0,0
00-0031029,Seantrel Henderson,2017,OL,25-27,5.0,16.0,no_claim,,0,0
00-0031031,Brent Qvale,2017,OL,25-27,16.0,16.0,no_claim,,0,0
00-0031045,Carlos Hyde,2017,RB,25-27,16.0,16.0,no_claim,,0,0
00-0031046,Jack Mewhort,2017,OL,25-27,5.0,16.0,PTD,11.0,1,0
00-0031047,Spencer Long,2017,OL,25-27,7.0,16.0,TTD,9.0,0,1
00-0031055,Andre Williams,2017,RB,25-27,2.0,16.0,no_claim,,0,0
00-0031062,James White,2017,RB,25-27,14.0,16.0,no_claim,,0,0
00-0031064,Tom Savage,2017,QB,28-30,8.0,16.0,PTD,8.0,1,0
00-0031067,Cameron Fleming,2017,OL,25-27,14.0,16.0,no_claim,,0,0
00-0031069,David Yankey,2017,OL,25-27,,,no_claim,,0,0
00-0031075,Alfred Blue,2017,RB,25-27,8.0,16.0,TTD,8.0,0,1
00-0031076,David Fales,2017,QB,25-27,2.0,16.0,no_claim,,0,0
00-0031085,Jay Prosch,2017,RB,25-27,4.0,16.0,no_claim,,0,0
00-0031095,Charles Leno Jr.,2017,OL,25-27,16.0,16.0,no_claim,,0,0
00-0031102,Kapri Bibbs,2017,RB,25-27,3.0,16.0,no_claim,,0,0
00-0031113,William Poehls,2017,OL,25-27,,,no_claim,,0,0
00-0031122,Andrew Norwell,2017,OL,25-27,17.0,16.0,no_claim,,0,0
00-0031128,Ryan Groy,2017,OL,25-27,9.0,16.0,no_claim,,0,0
00-0031142,Matt Feiler,2017,OL,25-27,3.0,16.0,no_claim,,0,0
00-0031152,Bryan Witzmann,2017,OL,28-30,15.0,16.0,no_claim,,0,0
00-0031180,Kadeem Edwards,2017,OL,25-27,,,no_claim,,0,0
00-0031182,Kevin Pamphile,2017,OL,25-27,16.0,16.0,no_claim,,0,0
00-0031185,Jon Halapio,2017,OL,25-27,7.0,16.0,no_claim,,0,0
00-0031190,Tyler Gaffney,2017,RB,25-27,,,no_claim,,0,0
00-0031191,Luke Bowanko,2017,OL,25-27,6.0,16.0,no_claim,,0,0
00-0031209,Senorise Perry,2017,RB,25-27,2.0,16.0,no_claim,,0,0
00-0031237,Teddy Bridgewater,2017,QB,25-27,1.0,16.0,no_claim,,0,0
00-0031238,Weston Richburg,2017,OL,25-27,4.0,16.0,TTD,12.0,0,1
00-0031277,Branden Oliver,2017,RB,25-27,8.0,16.0,PTD,8.0,1,0
00-0031279,Jake Matthews,2017,OL,25-27,18.0,16.0,no_claim,,0,0
00-0031280,Derek Carr,2017,QB,25-27,15.0,16.0,no_claim,,0,0
00-0031282,Justin Britt,2017,OL,25-27,16.0,16.0,no_claim,,0,0
00-0031284,Travis Swanson,2017,OL,25-27,11.0,16.0,excluded_sub_threshold,5.0,0,0
00-0031285,Devonta Freeman,2017,RB,25-27,14.0,16.0,excluded_sub_threshold,2.0,0,0
00-0031288,A.J. McCarron,2017,QB,25-27,2.0,16.0,no_claim,,0,0
00-0031301,Jeremy Hill,2017,RB,25-27,7.0,16.0,PTD,9.0,1,0
00-0031306,Russell Bodine,2017,OL,25-27,16.0,16.0,no_claim,,0,0
00-0031314,Wesley Johnson,2017,OL,25-27,15.0,16.0,no_claim,,0,0
00-0031330,Morgan Moses,2017,OL,25-27,16.0,16.0,no_claim,,0,0
00-0031332,Fitzgerald Toussaint,2017,RB,28-30,2.0,16.0,no_claim,,0,0
00-0031335,Cyrus Kouandjio,2017,OL,25-27,2.0,16.0,no_claim,,0,0
00-0031337,Marcus Martin,2017,OL,<=24,,,no_claim,,0,0
00-0031345,Jimmy Garoppolo,2017,QB,25-27,6.0,16.0,no_claim,,0,0
00-0031349,Matt Paradis,2017,OL,28-30,16.0,16.0,no_claim,,0,0
00-0031353,Michael Schofield,2017,OL,25-27,14.0,16.0,no_claim,,0,0
00-0031362,Trai Turner,2017,OL,25-27,14.0,16.0,excluded_sub_threshold,2.0,0,0
00-0031367,Gabe Jackson,2017,OL,25-27,15.0,16.0,no_claim,,0,0
00-0031369,Brandon Linder,2017,OL,25-27,16.0,16.0,no_claim,,0,0
00-0031375,Terrance West,2017,RB,25-27,5.0,16.0,PTD,11.0,1,0
00-0031376,Jerick McKinnon,2017,RB,25-27,16.0,16.0,no_claim,,0,0
00-0031386,Greg Robinson,2017,OL,25-27,6.0,16.0,TTD,10.0,0,1
00-0031390,Charles Sims,2017,RB,25-27,15.0,16.0,no_claim,,0,0
00-0031395,Garrett Gilbert,2017,QB,25-27,,,no_claim,,0,0
00-0031399,Demetrius Rhaney,2017,OL,25-27,0.0,16.0,no_claim,,0,0
00-0031402,Zack Martin,2017,OL,25-27,16.0,16.0,no_claim,,0,0
00-0031407,Blake Bortles,2017,QB,25-27,16.0,16.0,no_claim,,0,0
00-0031410,Xavier Su'a-Filo,2017,OL,25-27,16.0,16.0,no_claim,,0,0
00-0031413,Bishop Sankey,2017,RB,25-27,,,no_claim,,0,0
00-0031417,Ja'Wuan James,2017,OL,25-27,8.0,16.0,no_claim,,0,0
00-0031426,Joel Bitonio,2017,OL,25-27,16.0,16.0,no_claim,,0,0
00-0031433,Billy Turner,2017,OL,25-27,1.0,16.0,no_claim,,0,0
00-0031442,Taylor Lewan,2017,OL,25-27,18.0,16.0,no_claim,,0,0
00-0031489,Brett Jones,2017,OL,25-27,15.0,16.0,no_claim,,0,0
00-0031503,Jameis Winston,2017,QB,<=24,13.0,16.0,excluded_sub_threshold,3.0,0,0
00-0031534,La'el Collins,2017,OL,25-27,16.0,16.0,no_claim,,0,0
00-0031561,Hroniss Grasu,2017,OL,25-27,6.0,16.0,no_claim,,0,0
00-0031567,Daryl Williams,2017,OL,25-27,17.0,16.0,no_claim,,0,0
00-0031568,Bryce Petty,2017,QB,25-27,4.0,16.0,no_claim,,0,0
00-0031572,T.J. Clemmings,2017,OL,25-27,5.0,16.0,no_claim,,0,0
00-0031575,Jamil Douglas,2017,OL,25-27,,,no_claim,,0,0
00-0031577,Javorius Allen,2017,RB,25-27,16.0,16.0,no_claim,,0,0
00-0031580,Shaquille Mason,2017,OL,25-27,19.0,16.0,no_claim,,0,0
00-0031581,Mark Glowinski,2017,OL,25-27,4.0,16.0,no_claim,,0,0
00-0031589,Brett Hundley,2017,QB,25-27,11.0,16.0,no_claim,,0,0
00-0031590,Jay Ajayi,2017,RB,25-27,14.0,16.0,no_claim,,0,0
00-0031595,Michael Burton,2017,RB,25-27,7.0,16.0,no_claim,,0,0
00-0031599,Cameron Artis-Payne,2017,RB,28-30,5.0,16.0,no_claim,,0,0
00-0031604,Tyrus Thompson,2017,OL,25-27,,,no_claim,,0,0
00-0031612,Aaron Ripkowski,2017,RB,25-27,11.0,16.0,no_claim,,0,0
00-0031622,Bobby Hart,2017,OL,<=24,10.0,16.0,TTD,6.0,0,1
00-0031626,Brian Mihalik,2017,OL,25-27,5.0,16.0,no_claim,,0,0
00-0031627,Corey Robinson,2017,OL,25-27,6.0,16.0,no_claim,,0,0
00-0031632,Denzelle Good,2017,OL,25-27,6.0,16.0,PTD,10.0,1,0
00-0031646,Brett Boyko,2017,OL,25-27,0.0,16.0,no_claim,,0,0
00-0031665,Zach Zenner,2017,RB,25-27,7.0,16.0,no_claim,,0,0
00-0031682,Terron Ward,2017,RB,25-27,4.0,16.0,PTD,12.0,1,0
00-0031687,Raheem Mostert,2017,RB,25-27,3.0,16.0,no_claim,,0,0
00-0031698,Dillon Day,2017,OL,25-27,,,no_claim,,0,0
00-0031722,Michael Liedtke,2017,OL,25-27,,,no_claim,,0,0
00-0031731,Corey Grant,2017,RB,25-27,8.0,16.0,no_claim,,0,0
00-0031734,Chris Reed,2017,OL,25-27,5.0,16.0,no_claim,,0,0
00-0031743,Akeem Hunt,2017,RB,25-27,7.0,16.0,no_claim,,0,0
00-0031764,Blaine Clausell,2017,OL,25-27,,,no_claim,,0,0
00-0031765,Nick Easton,2017,OL,25-27,12.0,16.0,excluded_sub_threshold,4.0,0,0
00-0031768,Terrence Magee,2017,RB,25-27,,,no_claim,,0,0
00-0031779,B.J. Finney,2017,OL,25-27,7.0,16.0,no_claim,,0,0
00-0031800,Taylor Heinicke,2017,QB,25-27,1.0,16.0,no_claim,,0,0
00-0031806,Malcolm Brown,2017,RB,25-27,11.0,16.0,excluded_sub_threshold,5.0,0,0
00-0031813,Zach Laskey,2017,RB,25-27,,,no_claim,,0,0
00-0031821,Darrell Williams,2017,OL,25-27,9.0,16.0,no_claim,,0,0
00-0031852,David Andrews,2017,OL,25-27,17.0,16.0,no_claim,,0,0
00-0031893,Jesse Davis,2017,OL,25-27,15.0,16.0,no_claim,,0,0
00-0031897,Thomas Rawls,2017,RB,25-27,9.0,16.0,no_claim,,0,0
00-0031900,Rod Smith,2017,RB,25-27,10.0,16.0,no_claim,,0,0
00-0031921,Kendall Lamm,2017,OL,25-27,6.0,16.0,TTD,10.0,0,1
00-0031923,Greg Mancz,2017,OL,25-27,10.0,16.0,TTD,6.0,0,1
00-0031928,Chad Slade,2017,OL,25-27,5.0,16.0,no_claim,,0,0
00-0031936,Mitch Morse,2017,OL,25-27,7.0,16.0,TTD,9.0,0,1
00-0031939,Matt Jones,2017,RB,25-27,2.0,16.0,PTD,14.0,1,0
00-0031942,Arie Kouandjio,2017,OL,25-27,8.0,16.0,no_claim,,0,0
00-0031958,Austin Reiter,2017,OL,25-27,4.0,16.0,no_claim,,0,0
00-0031959,Marcus Murphy,2017,RB,25-27,1.0,16.0,no_claim,,0,0
00-0032043,Quinton Spain,2017,OL,25-27,16.0,16.0,no_claim,,0,0
00-0032048,Mack Brown,2017,RB,25-27,2.0,16.0,no_claim,,0,0
00-0032053,Brandon Scherff,2017,OL,25-27,14.0,16.0,no_claim,,0,0
00-0032058,Tevin Coleman,2017,RB,25-27,15.0,16.0,no_claim,,0,0
00-0032063,Mike Davis,2017,RB,25-27,6.0,16.0,TTD,10.0,0,1
00-0032067,Ian Silberman,2017,OL,25-27,,,no_claim,,0,0
00-0032071,Trent Brown,2017,OL,25-27,10.0,16.0,TTD,6.0,0,1
00-0032078,Tyreek Burwell,2017,OL,25-27,1.0,16.0,no_claim,,0,0
00-0032104,Ameer Abdullah,2017,RB,25-27,14.0,16.0,no_claim,,0,0
00-0032132,Max Garcia,2017,OL,25-27,16.0,16.0,no_claim,,0,0
00-0032144,Melvin Gordon,2017,RB,25-27,16.0,16.0,no_claim,,0,0
00-0032145,Cameron Erving,2017,OL,25-27,11.0,16.0,no_claim,,0,0
00-0032147,Ty Sambrailo,2017,OL,25-27,9.0,16.0,TTD,7.0,0,1
00-0032149,John Miller,2017,OL,25-27,4.0,16.0,TTD,12.0,0,1
00-0032151,Jon Feliciano,2017,OL,25-27,5.0,16.0,TTD,11.0,0,1
00-0032156,Trevor Siemian,2017,QB,25-27,11.0,16.0,no_claim,,0,0
00-0032187,David Johnson,2017,RB,25-27,1.0,16.0,no_claim,,0,0
00-0032192,Daniel Munyer,2017,OL,25-27,1.0,16.0,PTD,15.0,1,0
00-0032196,Jake Fisher,2017,OL,25-27,8.0,16.0,no_claim,,0,0
00-0032200,Ty Montgomery,2017,RB,25-27,8.0,16.0,TTD,8.0,0,1
00-0032203,Andrus Peat,2017,OL,<=24,16.0,16.0,no_claim,,0,0
00-0032204,Chaz Green,2017,OL,25-27,6.0,16.0,no_claim,,0,0
00-0032209,T.J. Yeldon,2017,RB,<=24,10.0,16.0,no_claim,,0,0
00-0032217,Donovan Smith,2017,OL,25-27,16.0,16.0,no_claim,,0,0
00-0032222,D.J. Humphries,2017,OL,<=24,5.0,16.0,TTD,11.0,0,1
00-0032233,Cedric Ogbuehi,2017,OL,25-27,14.0,16.0,excluded_sub_threshold,2.0,0,0
00-0032234,Laken Tomlinson,2017,OL,25-27,15.0,16.0,no_claim,,0,0
00-0032241,Todd Gurley,2017,RB,<=24,15.0,16.0,no_claim,,0,0
00-0032242,Rob Havenstein,2017,OL,25-27,16.0,16.0,no_claim,,0,0
00-0032243,Ali Marpet,2017,OL,25-27,11.0,16.0,no_claim,,0,0
00-0032244,Jamon Brown,2017,OL,25-27,17.0,16.0,no_claim,,0,0
00-0032245,Sean Mannion,2017,QB,25-27,5.0,16.0,no_claim,,0,0
00-0032246,Andrew Donnal,2017,OL,25-27,3.0,16.0,no_claim,,0,0
00-0032255,A.J. Cann,2017,OL,25-27,18.0,16.0,no_claim,,0,0
00-0032257,Duke Johnson,2017,RB,<=24,16.0,16.0,no_claim,,0,0
00-0032259,Ereck Flowers,2017,OL,<=24,15.0,16.0,no_claim,,0,0
00-0032268,Marcus Mariota,2017,QB,<=24,15.0,16.0,no_claim,,0,0
00-0032297,Kitt O'Brien,2017,OL,28-30,,,no_claim,,0,0
00-0032298,Bronson Hill,2017,RB,25-27,1.0,16.0,no_claim,,0,0
00-0032324,Cornelius Edison,2017,OL,25-27,,,no_claim,,0,0
00-0032371,Rob Kelley,2017,RB,25-27,7.0,16.0,PTD,9.0,1,0
00-0032373,Kevin Bowen,2017,OL,25-27,,,no_claim,,0,0
00-0032375,Joe Kerridge,2017,RB,25-27,1.0,16.0,no_claim,,0,0
00-0032377,Josh Ferguson,2017,RB,25-27,3.0,16.0,no_claim,,0,0
00-0032380,Laremy Tunsil,2017,OL,<=24,15.0,16.0,no_claim,,0,0
00-0032381,Taylor Decker,2017,OL,25-27,8.0,16.0,no_claim,,0,0
00-0032383,Ryan Kelly,2017,OL,25-27,7.0,16.0,TTD,9.0,0,1
00-0032384,Germain Ifedi,2017,OL,<=24,16.0,16.0,no_claim,,0,0
00-0032391,Joe Thuney,2017,OL,25-27,19.0,16.0,no_claim,,0,0
00-0032393,C.J. Prosise,2017,RB,<=24,4.0,16.0,TTD,12.0,0,1
00-0032395,Graham Glasgow,2017,OL,25-27,16.0,16.0,no_claim,,0,0
00-0032397,Rees Odhiambo,2017,OL,25-27,7.0,16.0,no_claim,,0,0
00-0032404,Tyler Ervin,2017,RB,<=24,3.0,16.0,no_claim,,0,0
00-0032407,Alex Lewis,2017,OL,25-27,,,no_claim,,0,0
00-0032411,Kenneth Dixon,2017,RB,<=24,,,no_claim,,0,0
00-0032414,John Theus,2017,OL,<=24,,,no_claim,,0,0
00-0032417,Paul Perkins,2017,RB,<=24,7.0,16.0,PTD,9.0,1,0
00-0032418,Joe Dahl,2017,OL,25-27,3.0,16.0,no_claim,,0,0
00-0032419,Joe Haeg,2017,OL,25-27,16.0,16.0,no_claim,,0,0
00-0032420,Brandon Shell,2017,OL,25-27,12.0,16.0,excluded_sub_threshold,4.0,0,0
00-0032426,Alex Collins,2017,RB,<=24,15.0,16.0,no_claim,,0,0
00-0032431,Jake Rudock,2017,QB,25-27,1.0,16.0,no_claim,,0,0
00-0032432,Wes Schweitzer,2017,OL,<=24,18.0,16.0,no_claim,,0,0
00-0032433,Kyle Murphy,2017,OL,<=24,3.0,16.0,no_claim,,0,0
00-0032434,Brandon Allen,2017,QB,25-27,,,no_claim,,0,0
00-0032436,Jeff Driskel,2017,QB,25-27,,,no_claim,,0,0
00-0032443,Joey Hunt,2017,OL,<=24,,,no_claim,,0,0
00-0032445,Ted Karras,2017,OL,25-27,7.0,16.0,no_claim,,0,0
00-0032450,Dwayne Washington,2017,RB,<=24,5.0,16.0,PTD,11.0,1,0
00-0032455,Austin Blythe,2017,OL,25-27,8.0,16.0,no_claim,,0,0
00-0032459,Aaron Neary,2017,OL,25-27,1.0,16.0,no_claim,,0,0
00-0032466,George Fant,2017,OL,25-27,,,no_claim,,0,0
00-0032472,Tre Madden,2017,RB,25-27,2.0,16.0,no_claim,,0,0
00-0032507,Marquis Lucas,2017,OL,25-27,,,no_claim,,0,0
00-0032520,Rashod Hill,2017,OL,25-27,12.0,16.0,excluded_sub_threshold,4.0,0,0
00-0032528,Justin Murray,2017,OL,25-27,,,no_claim,,0,0
00-0032540,Tra Carson,2017,RB,25-27,,,no_claim,,0,0
00-0032549,Alex Redmond,2017,OL,<=24,4.0,16.0,no_claim,,0,0
00-0032556,Chase Farris,2017,OL,25-27,,,no_claim,,0,0
00-0032567,Anthony Fabiano,2017,OL,25-27,3.0,16.0,no_claim,,0,0
00-0032570,Stephane Nembot,2017,OL,25-27,,,no_claim,,0,0
00-0032575,Matt Skura,2017,OL,25-27,12.0,16.0,excluded_sub_threshold,4.0,0,0
00-0032577,D.J. Foster,2017,RB,<=24,7.0,16.0,no_claim,,0,0
00-0032602,J.D. McKissic,2017,RB,25-27,12.0,16.0,no_claim,,0,0
00-0032611,Jhurrell Pressley,2017,RB,25-27,,,no_claim,,0,0
00-0032630,Joe Callahan,2017,QB,25-27,1.0,16.0,no_claim,,0,0
00-0032701,Jake Brendel,2017,OL,25-27,5.0,16.0,no_claim,,0,0
00-0032723,Norman Price,2017,OL,<=24,,,no_claim,,0,0
00-0032740,Lawrence Thomas,2017,RB,25-27,7.0,16.0,PTD,9.0,1,0
00-0032741,Peyton Barber,2017,RB,<=24,11.0,16.0,no_claim,,0,0
00-0032747,Russell Hansbrough,2017,RB,<=24,,,no_claim,,0,0
00-0032764,Derrick Henry,2017,RB,<=24,16.0,16.0,no_claim,,0,0
00-0032766,Jason Spriggs,2017,OL,<=24,6.0,16.0,PTD,10.0,1,0
00-0032768,Cody Whitehair,2017,OL,25-27,16.0,16.0,no_claim,,0,0
00-0032771,Parker Ehinger,2017,OL,25-27,1.0,16.0,PTD,15.0,1,0
00-0032777,Evan Boehm,2017,OL,25-27,10.0,16.0,no_claim,,0,0
00-0032779,Caleb Benenoch,2017,OL,<=24,10.0,16.0,no_claim,,0,0
00-0032780,Jordan Howard,2017,RB,<=24,16.0,16.0,no_claim,,0,0
00-0032782,Wendell Smallwood,2017,RB,<=24,8.0,16.0,no_claim,,0,0
00-0032784,Kevin Hogan,2017,QB,25-27,4.0,16.0,no_claim,,0,0
00-0032785,Halapoulivaati Vaitai,2017,OL,25-27,19.0,16.0,no_claim,,0,0
00-0032792,Nate Sudfeld,2017,QB,<=24,1.0,16.0,no_claim,,0,0
00-0032794,Dan Vitale,2017,RB,<=24,5.0,16.0,TTD,11.0,0,1
00-0032804,Daniel Lasco,2017,RB,25-27,,,no_claim,,0,0
00-0032806,Keith Marshall,2017,RB,<=24,,,no_claim,,0,0
00-0032813,Elijhaa Penny,2017,RB,25-27,7.0,16.0,no_claim,,0,0
00-0032827,Leonard Wester,2017,OL,25-27,5.0,16.0,no_claim,,0,0
00-0032872,Jack Allen,2017,OL,25-27,,,no_claim,,0,0
00-0032874,Joseph Cheek,2017,OL,25-27,,,no_claim,,0,0
00-0032893,Connor Cook,2017,QB,25-27,,,no_claim,,0,0
00-0032897,Derek Watt,2017,RB,25-27,6.0,16.0,no_claim,,0,0
00-0032898,Donavon Clark,2017,OL,25-27,,,no_claim,,0,0
00-0032899,Vadal Alexander,2017,OL,<=24,11.0,16.0,excluded_sub_threshold,5.0,0,0
00-0032901,Mike Bercovici,2017,QB,25-27,,,no_claim,,0,0
00-0032902,Kenneth Farrow,2017,RB,25-27,,,no_claim,,0,0
00-0032909,Dillon Gordon,2017,OL,<=24,,,no_claim,,0,0
00-0032911,Spencer Pulley,2017,OL,25-27,16.0,16.0,no_claim,,0,0
00-0032918,C.J. Ham,2017,RB,25-27,10.0,16.0,no_claim,,0,0
00-0032921,Zach Sterup,2017,OL,25-27,3.0,16.0,no_claim,,0,0
00-0032940,DeAndre Washington,2017,RB,25-27,15.0,16.0,no_claim,,0,0
00-0032950,Carson Wentz,2017,QB,25-27,13.0,16.0,no_claim,,0,0
00-0032953,Christian Hackenberg,2017,QB,<=24,,,no_claim,,0,0
00-0032954,Isaac Seumalo,2017,OL,<=24,13.0,16.0,no_claim,,0,0
00-0032956,Andy Janovich,2017,RB,25-27,9.0,16.0,no_claim,,0,0
00-0032964,Byron Marshall,2017,RB,<=24,3.0,16.0,no_claim,,0,0
00-0032965,Ronnie Stanley,2017,OL,<=24,15.0,16.0,no_claim,,0,0
00-0032969,Nick Martin,2017,OL,25-27,14.0,16.0,no_claim,,0,0
00-0032972,Devontae Booker,2017,RB,25-27,13.0,16.0,excluded_sub_threshold,3.0,0,0
00-0032975,Jonathan Williams,2017,RB,<=24,,,no_claim,,0,0
00-0032976,Spencer Drango,2017,OL,25-27,11.0,16.0,no_claim,,0,0
00-0032989,Mike Matthews,2017,OL,<=24,,,no_claim,,0,0
00-0033005,Denver Kirkland,2017,OL,<=24,,,no_claim,,0,0
00-0033011,Connor McGovern,2017,OL,25-27,9.0,16.0,no_claim,,0,0
00-0033025,Jalen Richard,2017,RB,<=24,15.0,16.0,no_claim,,0,0
00-0033039,Christian Westerman,2017,OL,25-27,2.0,16.0,no_claim,,0,0
00-0033045,Ezekiel Elliott,2017,RB,<=24,10.0,16.0,no_claim,,0,0
00-0033049,Darius Jackson,2017,RB,<=24,,,no_claim,,0,0
00-0033057,Jack Conklin,2017,OL,<=24,18.0,16.0,no_claim,,0,0
00-0033065,Le'Raven Clark,2017,OL,25-27,10.0,16.0,no_claim,,0,0
00-0033077,Dak Prescott,2017,QB,25-27,16.0,16.0,no_claim,,0,0
00-0033082,Lucas Patrick,2017,OL,25-27,4.0,16.0,no_claim,,0,0
00-0033085,Jerald Hawkins,2017,OL,<=24,5.0,16.0,PTD,11.0,1,0
00-0033097,Shon Coleman,2017,OL,25-27,16.0,16.0,no_claim,,0,0
00-0033098,Cardale Jones,2017,QB,25-27,,,no_claim,,0,0
00-0033104,Cody Kessler,2017,QB,25-27,3.0,16.0,no_claim,,0,0
00-0033106,Jared Goff,2017,QB,<=24,15.0,16.0,no_claim,,0,0
00-0033108,Paxton Lynch,2017,QB,<=24,2.0,16.0,PTD,14.0,1,0
00-0033118,Kenyan Drake,2017,RB,<=24,14.0,16.0,no_claim,,0,0
00-0033119,Jacoby Brissett,2017,QB,25-27,16.0,16.0,no_claim,,0,0
00-0033130,Max Tuerk,2017,OL,<=24,1.0,16.0,no_claim,,0,0
00-0033151,Joshua Garnett,2017,OL,<=24,,,no_claim,,0,0
00-0033211,Jordan Mudge,2017,OL,28-30,,,no_claim,,0,0
00-0033253,Tyler Catalina,2017,OL,25-27,7.0,16.0,PTD,9.0,1,0
00-0033256,Deyshawn Bond,2017,OL,<=24,4.0,16.0,no_claim,,0,0
00-0033273,Jerry Ugokwe,2017,OL,<=24,,,no_claim,,0,0
00-0033277,Kyle Kalis,2017,OL,<=24,3.0,16.0,no_claim,,0,0
00-0033280,Christian McCaffrey,2017,RB,<=24,16.0,16.0,no_claim,,0,0
00-0033284,Taylor Moton,2017,OL,<=24,13.0,16.0,no_claim,,0,0
00-0033286,Joe Williams,2017,RB,<=24,,,no_claim,,0,0
00-0033287,Nico Siragusa,2017,OL,<=24,,,no_claim,,0,0
00-0033290,Jermaine Eluemunor,2017,OL,<=24,5.0,16.0,PTD,11.0,1,0
00-0033293,Aaron Jones,2017,RB,<=24,10.0,16.0,TTD,6.0,0,1
00-0033295,Elijah McGuire,2017,RB,<=24,15.0,16.0,no_claim,,0,0
00-0033296,Alex Armah,2017,RB,<=24,,,no_claim,,0,0
00-0033300,Conor McDermott,2017,OL,25-27,1.0,16.0,no_claim,,0,0
00-0033304,Devante Mays,2017,RB,<=24,2.0,16.0,no_claim,,0,0
00-0033308,Matt Breida,2017,RB,<=24,16.0,16.0,no_claim,,0,0
00-0033310,JP Flynn,2017,OL,25-27,,,no_claim,,0,0
00-0033317,Erik Magnuson,2017,OL,<=24,3.0,16.0,no_claim,,0,0
00-0033323,Darrell Williams,2017,OL,25-27,9.0,16.0,no_claim,,0,0
00-0033326,Aviante Collins,2017,OL,25-27,3.0,16.0,no_claim,,0,0
00-0033345,Kent Perkins,2017,OL,<=24,1.0,16.0,no_claim,,0,0
00-0033348,Jarveon Williams,2017,RB,<=24,,,no_claim,,0,0
00-0033355,Geoff Gray,2017,OL,<=24,,,no_claim,,0,0
00-0033357,Taysom Hill,2017,QB,28-30,,,no_claim,,0,0
00-0033359,Adam Pankey,2017,OL,<=24,0.0,16.0,no_claim,,0,0
00-0033372,Brandon Kublanow,2017,OL,<=24,,,no_claim,,0,0
00-0033373,Taquan Mizzell,2017,RB,<=24,,,no_claim,,0,0
00-0033376,Patrick Ricard,2017,RB,<=24,4.0,16.0,no_claim,,0,0
00-0033377,Maurquice Shakir,2017,OL,<=24,,,no_claim,,0,0
00-0033383,Cole Croston,2017,OL,<=24,3.0,16.0,no_claim,,0,0
00-0033384,LeShun Daniels,2017,RB,<=24,2.0,16.0,PTD,14.0,1,0
00-0033388,Andrew Jelks,2017,OL,<=24,,,no_claim,,0,0
00-0033413,De'Veon Smith,2017,RB,<=24,1.0,16.0,no_claim,,0,0
00-0033414,Eric Smith,2017,OL,<=24,,,no_claim,,0,0
00-0033426,Cole Gardner,2017,OL,<=24,,,no_claim,,0,0
00-0033465,Isaac Asiata,2017,OL,25-27,0.0,16.0,no_claim,,0,0
00-0033483,Damien Mama,2017,OL,<=24,,,no_claim,,0,0
00-0033502,Cameron Lee,2017,OL,<=24,1.0,16.0,no_claim,,0,0
00-0033505,Cameron Tom,2017,OL,<=24,,,no_claim,,0,0
00-0033508,William Stanback,2017,RB,<=24,,,no_claim,,0,0
00-0033511,Sean Harlow,2017,OL,<=24,,,no_claim,,0,0
00-0033526,Samaje Perine,2017,RB,<=24,13.0,16.0,no_claim,,0,0
00-0033529,Chase Roullier,2017,OL,25-27,8.0,16.0,TTD,8.0,0,1
00-0033537,Deshaun Watson,2017,QB,<=24,7.0,16.0,no_claim,,0,0
00-0033538,Garett Bolles,2017,OL,25-27,16.0,16.0,no_claim,,0,0
00-0033542,Forrest Lamp,2017,OL,<=24,,,no_claim,,0,0
00-0033550,Davis Webb,2017,QB,<=24,,,no_claim,,0,0
00-0033553,James Conner,2017,RB,<=24,12.0,16.0,no_claim,,0,0
00-0033556,Tarik Cohen,2017,RB,<=24,16.0,16.0,no_claim,,0,0
00-0033560,Julie'n Davenport,2017,OL,<=24,,,no_claim,,0,0
00-0033561,DJ Pumphrey,2017,RB,<=24,,,no_claim,,0,0
00-0033565,Jordan Morgan,2017,OL,<=24,,,no_claim,,0,0
00-0033567,Brian Hill,2017,RB,<=24,3.0,16.0,TTD,13.0,0,1
00-0033569,Roderick Johnson,2017,OL,<=24,,,no_claim,,0,0
00-0033578,Sam Tevi,2017,OL,<=24,6.0,16.0,no_claim,,0,0
00-0033581,De'Angelo Henderson Sr.,2017,RB,25-27,3.0,16.0,no_claim,,0,0
00-0033583,Justin Senior,2017,OL,<=24,,,no_claim,,0,0
00-0033585,Brad Kaaya,2017,QB,<=24,,,no_claim,,0,0
00-0033592,Kyle Fuller,2017,OL,<=24,7.0,16.0,PTD,9.0,1,0
00-0033594,Chris Carson,2017,RB,<=24,4.0,16.0,no_claim,,0,0
00-0033596,Matt Dayes,2017,RB,<=24,5.0,16.0,no_claim,,0,0
00-0033597,Chad Kelly,2017,QB,<=24,,,no_claim,,0,0
00-0033607,Trevor Knight,2017,QB,<=24,,,no_claim,,0,0
00-0033613,James Summers,2017,RB,<=24,,,no_claim,,0,0
00-0033662,Cooper Rush,2017,QB,<=24,2.0,16.0,no_claim,,0,0
00-0033664,Jahad Thomas,2017,RB,<=24,,,no_claim,,0,0
00-0033672,Kyle Sloter,2017,QB,<=24,,,no_claim,,0,0
00-0033676,Elijah Wilkinson,2017,OL,<=24,1.0,16.0,no_claim,,0,0
00-0033683,Tim Cook,2017,RB,<=24,,,no_claim,,0,0
00-0033688,Avery Gennesy,2017,OL,<=24,,,no_claim,,0,0
00-0033691,I'Tavius Mathers,2017,RB,<=24,,,no_claim,,0,0
00-0033699,Austin Ekeler,2017,RB,<=24,13.0,16.0,no_claim,,0,0
00-0033712,Jessamen Dunker,2017,OL,25-27,,,no_claim,,0,0
00-0033725,Corey Clement,2017,RB,<=24,14.0,16.0,no_claim,,0,0
00-0033740,Jordan Roos,2017,OL,25-27,2.0,16.0,no_claim,,0,0
00-0033744,Chad Wheeler,2017,OL,<=24,7.0,16.0,no_claim,,0,0
00-0033748,Tion Green,2017,RB,<=24,5.0,16.0,no_claim,,0,0
00-0033752,Storm Norton,2017,OL,<=24,,,no_claim,,0,0
00-0033760,Justin Davis,2017,RB,<=24,1.0,16.0,no_claim,,0,0
00-0033762,Lenard Tillery,2017,RB,<=24,,,no_claim,,0,0
00-0033785,Zach Banner,2017,OL,<=24,3.0,16.0,no_claim,,0,0
00-0033788,Will Holden,2017,OL,<=24,7.0,16.0,no_claim,,0,0
00-0033789,T.J. Logan,2017,RB,<=24,,,no_claim,,0,0
00-0033793,Corey Levin,2017,OL,<=24,,,no_claim,,0,0
00-0033796,Marquez Williams,2017,RB,<=24,1.0,16.0,no_claim,,0,0
00-0033797,Khalfani Muhammad,2017,RB,<=24,,,no_claim,,0,0
00-0033799,Tyler Ferguson,2017,QB,<=24,,,no_claim,,0,0
00-0033800,Akeem Judd,2017,RB,25-27,,,no_claim,,0,0
00-0033804,Steven Moore,2017,OL,<=24,,,no_claim,,0,0
00-0033838,Trey Edmunds,2017,RB,<=24,1.0,16.0,no_claim,,0,0
00-0033854,Dare Ogunbowale,2017,RB,<=24,,,no_claim,,0,0
00-0033856,Leonard Fournette,2017,RB,<=24,13.0,16.0,no_claim,,0,0
00-0033869,Mitchell Trubisky,2017,QB,<=24,12.0,16.0,no_claim,,0,0
00-0033873,Patrick Mahomes,2017,QB,<=24,1.0,16.0,no_claim,,0,0
00-0033888,Ryan Ramczyk,2017,OL,<=24,18.0,16.0,no_claim,,0,0
00-0033889,Cam Robinson,2017,OL,<=24,18.0,16.0,no_claim,,0,0
00-0033893,Dalvin Cook,2017,RB,<=24,4.0,16.0,no_claim,,0,0
00-0033897,Joe Mixon,2017,RB,<=24,14.0,16.0,excluded_sub_threshold,2.0,0,0
00-0033899,DeShone Kizer,2017,QB,<=24,15.0,16.0,no_claim,,0,0
00-0033901,Ethan Pocic,2017,OL,<=24,11.0,16.0,no_claim,,0,0
00-0033904,Dion Dawkins,2017,OL,<=24,16.0,16.0,no_claim,,0,0
00-0033906,Alvin Kamara,2017,RB,<=24,16.0,16.0,no_claim,,0,0
00-0033909,Pat Elflein,2017,OL,<=24,16.0,16.0,no_claim,,0,0
00-0033910,Dan Feeney,2017,OL,<=24,13.0,16.0,no_claim,,0,0
00-0033922,Antonio Garcia,2017,OL,<=24,,,no_claim,,0,0
00-0033923,Kareem Hunt,2017,RB,<=24,16.0,16.0,no_claim,,0,0
00-0033925,D'Onta Foreman,2017,RB,<=24,9.0,16.0,no_claim,,0,0
00-0033936,C.J. Beathard,2017,QB,<=24,6.0,16.0,no_claim,,0,0
00-0033946,David Sharpe,2017,OL,<=24,3.0,16.0,no_claim,,0,0
00-0033948,Jamaal Williams,2017,RB,<=24,14.0,16.0,no_claim,,0,0
00-0033949,Joshua Dobbs,2017,QB,<=24,,,no_claim,,0,0
00-0033950,Wayne Gallman,2017,RB,<=24,13.0,16.0,no_claim,,0,0
00-0033951,Marlon Mack,2017,RB,<=24,14.0,16.0,excluded_sub_threshold,2.0,0,0
00-0033955,Jeremy McNichols,2017,RB,<=24,,,no_claim,,0,0
00-0033958,Nathan Peterman,2017,QB,<=24,4.0,16.0,PTD,12.0,1,0
00-0033959,J.J Dielman,2017,OL,<=24,,,no_claim,,0,0
00-0033960,Danny Isidora,2017,OL,<=24,5.0,16.0,PTD,11.0,1,0
00-0033965,Adam Bisnowaty,2017,OL,<=24,1.0,16.0,no_claim,,0,0
00-0033972,Jylan Ware,2017,OL,<=24,0.0,16.0,no_claim,,0,0
00-0033980,Joe Bacci,2017,RB,<=24,,,no_claim,,0,0
00-0033995,Michael Dunn,2017,OL,<=24,,,no_claim,,0,0
00-0034026,Brandon Greene,2017,OL,<=24,,,no_claim,,0,0
00-0019596,Tom Brady,2018,QB,31+,16.0,16.0,no_claim,,0,0
00-0020531,Drew Brees,2018,QB,31+,15.0,16.0,no_claim,,0,0
00-0021206,Josh McCown,2018,QB,31+,4.0,16.0,no_claim,,0,0
00-0022531,Jason Peters,2018,OL,31+,18.0,16.0,no_claim,,0,0
00-0022787,Matt Schaub,2018,QB,31+,2.0,16.0,no_claim,,0,0
00-0022803,Eli Manning,2018,QB,31+,16.0,16.0,no_claim,,0,0
00-0022924,Ben Roethlisberger,2018,QB,31+,16.0,16.0,no_claim,,0,0
00-0022942,Philip Rivers,2018,QB,31+,16.0,16.0,no_claim,,0,0
00-0023436,Alex Smith,2018,QB,31+,10.0,16.0,no_claim,,0,0
00-0023459,Aaron Rodgers,2018,QB,31+,16.0,16.0,no_claim,,0,0
00-0023500,Frank Gore,2018,RB,31+,14.0,16.0,no_claim,,0,0
00-0023564,Darren Sproles,2018,RB,31+,6.0,16.0,PTD,10.0,1,0
00-0023645,Derek Anderson,2018,QB,31+,2.0,16.0,PTD,14.0,1,0
00-0023662,Matt Cassel,2018,QB,31+,2.0,16.0,no_claim,,0,0
00-0023682,Ryan Fitzpatrick,2018,QB,31+,8.0,16.0,no_claim,,0,0
00-0023894,Donald Penn,2018,OL,31+,4.0,16.0,no_claim,,0,0
00-0024270,Andrew Whitworth,2018,OL,31+,19.0,16.0,no_claim,,0,0
00-0025394,Adrian Peterson,2018,RB,31+,16.0,16.0,no_claim,,0,0
00-0025399,Marshawn Lynch,2018,RB,31+,6.0,16.0,no_claim,,0,0
00-0025415,Joe Staley,2018,OL,31+,16.0,16.0,no_claim,,0,0
00-0025430,Drew Stanton,2018,QB,31+,,,no_claim,,0,0
00-0025446,Ryan Kalil,2018,OL,31+,16.0,16.0,no_claim,,0,0
00-0025473,Marshal Yanda,2018,OL,31+,17.0,16.0,no_claim,,0,0
00-0025512,Jermon Bushrod,2018,OL,31+,12.0,16.0,excluded_sub_threshold,4.0,0,0
00-0025900,Chris Clark,2018,OL,31+,15.0,16.0,no_claim,,0,0
00-0026143,Matt Ryan,2018,QB,31+,16.0,16.0,no_claim,,0,0
00-0026153,Jonathan Stewart,2018,RB,31+,3.0,16.0,PTD,13.0,1,0
00-0026158,Joe Flacco,2018,QB,31+,9.0,16.0,TTD,7.0,0,1
00-0026166,Duane Brown,2018,OL,31+,17.0,16.0,no_claim,,0,0
00-0026197,Chad Henne,2018,QB,31+,1.0,16.0,no_claim,,0,0
00-0026205,John Greco,2018,OL,31+,9.0,16.0,no_claim,,0,0
00-0026213,Jamaal Charles,2018,RB,31+,2.0,16.0,no_claim,,0,0
00-0026275,Josh Sitton,2018,OL,31+,1.0,16.0,no_claim,,0,0
00-0026300,Josh Johnson,2018,QB,31+,4.0,16.0,no_claim,,0,0
00-0026327,John Sullivan,2018,OL,31+,19.0,16.0,no_claim,,0,0
00-0026498,Matthew Stafford,2018,QB,31+,16.0,16.0,no_claim,,0,0
00-0026500,Matt Slauson,2018,OL,31+,5.0,16.0,no_claim,,0,0
00-0026544,Chase Daniel,2018,QB,31+,4.0,16.0,no_claim,,0,0
00-0026561,Ramon Foster,2018,OL,31+,16.0,16.0,no_claim,,0,0
00-0026625,Brian Hoyer,2018,QB,31+,5.0,16.0,no_claim,,0,0
00-0026784,Evan Smith,2018,OL,31+,,,no_claim,,0,0
00-0026814,Demar Dotson,2018,OL,31+,15.0,16.0,no_claim,,0,0
00-0026839,Jermey Parnell,2018,OL,31+,13.0,16.0,excluded_sub_threshold,3.0,0,0
00-0026898,Mark Sanchez,2018,QB,31+,2.0,16.0,no_claim,,0,0
00-0026950,A.Q. Shipley,2018,OL,31+,,,no_claim,,0,0
00-0026982,Andre Smith,2018,OL,31+,10.0,16.0,PTD,6.0,1,0
00-0026997,Alex Mack,2018,OL,31+,16.0,16.0,no_claim,,0,0
00-0027025,Max Unger,2018,OL,31+,18.0,16.0,no_claim,,0,0
00-0027027,Andy Levitre,2018,OL,31+,2.0,16.0,no_claim,,0,0
00-0027029,LeSean McCoy,2018,RB,31+,14.0,16.0,no_claim,,0,0
00-0027078,T.J. Lang,2018,OL,31+,6.0,16.0,PTD,10.0,1,0
00-0027282,Ben Garland,2018,OL,31+,9.0,16.0,TTD,7.0,0,1
00-0027297,Austin Howard,2018,OL,31+,3.0,16.0,no_claim,,0,0
00-0027325,LeGarrette Blount,2018,RB,31+,16.0,16.0,no_claim,,0,0
00-0027531,Chris Ivory,2018,RB,31+,13.0,16.0,no_claim,,0,0
00-0027607,Ted Larsen,2018,OL,31+,14.0,16.0,excluded_sub_threshold,2.0,0,0
00-0027609,J'Marcus Webb,2018,OL,31+,1.0,16.0,no_claim,,0,0
00-0027648,Rodger Saffold,2018,OL,31+,19.0,16.0,no_claim,,0,0
00-0027658,Zane Beadles,2018,OL,31+,5.0,16.0,no_claim,,0,0
00-0027667,Vladimir Ducasse,2018,OL,31+,,,no_claim,,0,0
00-0027674,Jared Veldheer,2018,OL,31+,12.0,16.0,excluded_sub_threshold,4.0,0,0
00-0027678,John Jerry,2018,OL,31+,,,no_claim,,0,0
00-0027688,Colt McCoy,2018,QB,31+,3.0,16.0,PTD,13.0,1,0
00-0027694,Shawn Lauvao,2018,OL,31+,5.0,16.0,PTD,11.0,1,0
00-0027768,Marshall Newhouse,2018,OL,28-30,14.0,16.0,no_claim,,0,0
00-0027778,Sam Young,2018,OL,31+,4.0,16.0,no_claim,,0,0
00-0027796,Joe Webb,2018,QB,31+,1.0,16.0,no_claim,,0,0
00-0027854,Sam Bradford,2018,QB,31+,3.0,16.0,no_claim,,0,0
00-0027857,Trent Williams,2018,OL,31+,13.0,16.0,excluded_sub_threshold,3.0,0,0
00-0027859,Russell Okung,2018,OL,28-30,17.0,16.0,no_claim,,0,0
00-0027869,Mike Iupati,2018,OL,31+,10.0,16.0,TTD,6.0,0,1
00-0027870,Maurkice Pouncey,2018,OL,28-30,16.0,16.0,no_claim,,0,0
00-0027875,Bryan Bulaga,2018,OL,28-30,14.0,16.0,excluded_sub_threshold,2.0,0,0
00-0027925,James Develin,2018,RB,31+,12.0,16.0,no_claim,,0,0
00-0027939,Cam Newton,2018,QB,28-30,14.0,16.0,excluded_sub_threshold,2.0,0,0
00-0027947,Tyron Smith,2018,OL,28-30,15.0,16.0,no_claim,,0,0
00-0027948,Blaine Gabbert,2018,QB,28-30,8.0,16.0,no_claim,,0,0
00-0027953,Mike Pouncey,2018,OL,28-30,18.0,16.0,no_claim,,0,0
00-0027955,Nate Solder,2018,OL,31+,16.0,16.0,no_claim,,0,0
00-0027960,Anthony Castonzo,2018,OL,31+,13.0,16.0,excluded_sub_threshold,3.0,0,0
00-0027963,James Carpenter,2018,OL,28-30,10.0,16.0,TTD,6.0,0,1
00-0027966,Mark Ingram,2018,RB,28-30,12.0,16.0,no_claim,,0,0
00-0027973,Andy Dalton,2018,QB,31+,11.0,16.0,no_claim,,0,0
00-0027986,Stefen Wisniewski,2018,OL,28-30,15.0,16.0,no_claim,,0,0
00-0027987,Ben Ijalana,2018,OL,28-30,,,no_claim,,0,0
00-0027993,Rodney Hudson,2018,OL,28-30,16.0,16.0,no_claim,,0,0
00-0028001,Marcus Gilbert,2018,OL,31+,5.0,16.0,PTD,11.0,1,0
00-0028011,Stevan Ridley,2018,RB,28-30,9.0,16.0,no_claim,,0,0
00-0028030,Joe Barksdale,2018,OL,28-30,10.0,16.0,PTD,6.0,1,0
00-0028039,Clint Boling,2018,OL,28-30,16.0,16.0,no_claim,,0,0
00-0028063,Taiwan Jones,2018,RB,31+,2.0,16.0,PTD,14.0,1,0
00-0028064,Bilal Powell,2018,RB,28-30,7.0,16.0,no_claim,,0,0
00-0028074,Anthony Sherman,2018,RB,28-30,8.0,16.0,no_claim,,0,0
00-0028076,Marcus Cannon,2018,OL,31+,16.0,16.0,no_claim,,0,0
00-0028083,Jacquizz Rodgers,2018,RB,28-30,13.0,16.0,no_claim,,0,0
00-0028087,Dion Lewis,2018,RB,28-30,16.0,16.0,no_claim,,0,0
00-0028101,Daniel Kilgore,2018,OL,31+,4.0,16.0,no_claim,,0,0
00-0028110,Brandon Fusco,2018,OL,31+,7.0,16.0,no_claim,,0,0
00-0028118,Tyrod Taylor,2018,QB,28-30,4.0,16.0,no_claim,,0,0
00-0028129,Jason Kelce,2018,OL,31+,18.0,16.0,no_claim,,0,0
00-0028152,Derek Newton,2018,OL,31+,1.0,16.0,no_claim,,0,0
00-0028177,Mike Person,2018,OL,31+,,,no_claim,,0,0
00-0028240,Kenny Wiggins,2018,OL,31+,16.0,16.0,no_claim,,0,0
00-0028292,Nick Bellore,2018,RB,28-30,4.0,16.0,PTD,12.0,1,0
00-0028581,Patrick DiMarco,2018,RB,28-30,5.0,16.0,no_claim,,0,0
00-0028738,Byron Bell,2018,OL,28-30,10.0,16.0,no_claim,,0,0
00-0028957,Austin Davis,2018,QB,28-30,,,no_claim,,0,0
00-0028986,Case Keenum,2018,QB,31+,16.0,16.0,no_claim,,0,0
00-0029010,Ronald Leary,2018,OL,28-30,6.0,16.0,TTD,10.0,0,1
00-0029068,Derrick Coleman,2018,RB,28-30,5.0,16.0,no_claim,,0,0
00-0029076,Austin Pasztor,2018,OL,28-30,1.0,16.0,no_claim,,0,0
00-0029091,Bradley Sowell,2018,OL,28-30,12.0,16.0,no_claim,,0,0
00-0029139,Adam Gettis,2018,OL,28-30,,,no_claim,,0,0
00-0029141,Alfred Morris,2018,RB,28-30,11.0,16.0,no_claim,,0,0
00-0029144,Tom Compton,2018,OL,28-30,14.0,16.0,excluded_sub_threshold,2.0,0,0
00-0029146,J.R. Sweezy,2018,OL,28-30,16.0,16.0,no_claim,,0,0
00-0029164,Mike Remmers,2018,OL,28-30,16.0,16.0,no_claim,,0,0
00-0029205,Travaris Cadet,2018,RB,28-30,1.0,16.0,no_claim,,0,0
00-0029239,Brandon Bolden,2018,RB,28-30,5.0,16.0,no_claim,,0,0
00-0029253,Mitchell Schwartz,2018,OL,28-30,18.0,16.0,no_claim,,0,0
00-0029254,Amini Silatolu,2018,OL,28-30,4.0,16.0,PTD,12.0,1,0
00-0029259,Kelechi Osemele,2018,OL,28-30,11.0,16.0,excluded_sub_threshold,5.0,0,0
00-0029263,Russell Wilson,2018,QB,28-30,16.0,16.0,no_claim,,0,0
00-0029268,Gino Gradkowski,2018,OL,28-30,1.0,16.0,no_claim,,0,0
00-0029273,Robert Turbin,2018,RB,28-30,2.0,16.0,PTD,14.0,1,0
00-0029278,Joe Looney,2018,OL,28-30,18.0,16.0,no_claim,,0,0
00-0029316,Kelvin Beachum,2018,OL,28-30,16.0,16.0,no_claim,,0,0
00-0029413,Ben Jones,2018,OL,28-30,16.0,16.0,no_claim,,0,0
00-0029419,Dennis Kelly,2018,OL,28-30,9.0,16.0,TTD,7.0,0,1
00-0029492,Jamize Olawale,2018,RB,28-30,4.0,16.0,no_claim,,0,0
00-0029524,Jeff Allen,2018,OL,28-30,8.0,16.0,no_claim,,0,0
00-0029528,Bobby Massie,2018,OL,28-30,17.0,16.0,no_claim,,0,0
00-0029546,Senio Kelemete,2018,OL,28-30,15.0,16.0,no_claim,,0,0
00-0029561,Cordy Glenn,2018,OL,28-30,13.0,16.0,excluded_sub_threshold,3.0,0,0
00-0029567,Nick Foles,2018,QB,28-30,5.0,16.0,no_claim,,0,0
00-0029592,Kevin Zeitler,2018,OL,28-30,16.0,16.0,no_claim,,0,0
00-0029604,Kirk Cousins,2018,QB,31+,16.0,16.0,no_claim,,0,0
00-0029613,Doug Martin,2018,RB,28-30,16.0,16.0,no_claim,,0,0
00-0029615,Lamar Miller,2018,RB,28-30,14.0,16.0,no_claim,,0,0
00-0029623,Alex Tanney,2018,QB,31+,,,no_claim,,0,0
00-0029665,Robert Griffin,2018,QB,28-30,2.0,16.0,no_claim,,0,0
00-0029666,Josh LeRibeus,2018,OL,28-30,4.0,16.0,no_claim,,0,0
00-0029668,Andrew Luck,2018,QB,28-30,16.0,16.0,no_claim,,0,0
00-0029672,Riley Reiff,2018,OL,28-30,13.0,16.0,excluded_sub_threshold,3.0,0,0
00-0029677,Brandon Weeden,2018,QB,31+,1.0,16.0,no_claim,,0,0
00-0029678,David DeCastro,2018,OL,28-30,14.0,16.0,excluded_sub_threshold,2.0,0,0
00-0029679,Brandon Brooks,2018,OL,28-30,18.0,16.0,no_claim,,0,0
00-0029682,Brock Osweiler,2018,QB,28-30,7.0,16.0,no_claim,,0,0
00-0029685,Greg Van Roten,2018,OL,28-30,16.0,16.0,no_claim,,0,0
00-0029687,Matt Kalil,2018,OL,28-30,,,no_claim,,0,0
00-0029699,Tony Bergstrom,2018,OL,31+,10.0,16.0,TTD,6.0,0,1
00-0029701,Ryan Tannehill,2018,QB,31+,11.0,16.0,excluded_sub_threshold,5.0,0,0
00-0029709,Ty Nsekhe,2018,OL,31+,13.0,16.0,excluded_sub_threshold,3.0,0,0
00-0029731,Fozzy Whittaker,2018,RB,28-30,,,no_claim,,0,0
00-0029762,John Wetzel,2018,OL,28-30,8.0,16.0,no_claim,,0,0
00-0029786,Ryan Schraeder,2018,OL,31+,15.0,16.0,no_claim,,0,0
00-0029795,Benny Cunningham,2018,RB,28-30,5.0,16.0,PTD,11.0,1,0
00-0029854,C.J. Anderson,2018,RB,28-30,9.0,16.0,no_claim,,0,0
00-0029857,Ryan Griffin,2018,QB,28-30,,,no_claim,,0,0
00-0029886,LaAdrian Waddle,2018,OL,28-30,16.0,16.0,no_claim,,0,0
00-0029889,Patrick Omameh,2018,OL,28-30,11.0,16.0,no_claim,,0,0
00-0029892,Kyle Juszczyk,2018,RB,28-30,15.0,16.0,no_claim,,0,0
00-0029893,Rick Wagner,2018,OL,28-30,,,no_claim,,0,0
00-0029895,Ryan Jensen,2018,OL,28-30,16.0,16.0,no_claim,,0,0
00-0029931,Zach Line,2018,RB,28-30,10.0,16.0,no_claim,,0,0
00-0029963,Chris Hubbard,2018,OL,28-30,16.0,16.0,no_claim,,0,0
00-0029992,Josh Kline,2018,OL,28-30,16.0,16.0,no_claim,,0,0
00-0030011,Jordan Devey,2018,OL,31+,5.0,16.0,no_claim,,0,0
00-0030046,Jordan Mills,2018,OL,28-30,16.0,16.0,no_claim,,0,0
00-0030065,Larry Warford,2018,OL,28-30,17.0,16.0,no_claim,,0,0
00-0030066,Brian Winters,2018,OL,28-30,16.0,16.0,no_claim,,0,0
00-0030067,Terron Armstead,2018,OL,28-30,12.0,16.0,excluded_sub_threshold,4.0,0,0
00-0030074,David Bakhtiari,2018,OL,25-27,16.0,16.0,no_claim,,0,0
00-0030076,JC Tretter,2018,OL,28-30,,,no_claim,,0,0
00-0030083,Oday Aboushi,2018,OL,28-30,7.0,16.0,no_claim,,0,0
00-0030094,Eric Kush,2018,OL,28-30,7.0,16.0,PTD,9.0,1,0
00-0030107,Theo Riddick,2018,RB,28-30,14.0,16.0,excluded_sub_threshold,2.0,0,0
00-0030112,Tommy Bohanon,2018,RB,28-30,7.0,16.0,no_claim,,0,0
00-0030149,Matt Tobin,2018,OL,28-30,,,no_claim,,0,0
00-0030273,Lane Taylor,2018,OL,28-30,15.0,16.0,no_claim,,0,0
00-0030288,Rex Burkhead,2018,RB,28-30,8.0,16.0,no_claim,,0,0
00-0030404,Chris Thompson,2018,RB,28-30,10.0,16.0,TTD,6.0,0,1
00-0030414,Spencer Ware,2018,RB,25-27,11.0,16.0,excluded_sub_threshold,5.0,0,0
00-0030432,Christine Michael,2018,RB,28-30,1.0,16.0,no_claim,,0,0
00-0030433,Mike Gillislee,2018,RB,28-30,4.0,16.0,no_claim,,0,0
00-0030441,Kyle Long,2018,OL,28-30,9.0,16.0,PTD,7.0,1,0
00-0030456,Giovani Bernard,2018,RB,25-27,12.0,16.0,excluded_sub_threshold,4.0,0,0
00-0030465,Kenjon Barner,2018,RB,28-30,6.0,16.0,no_claim,,0,0
00-0030486,Brian Schwenke,2018,OL,28-30,1.0,16.0,PTD,15.0,1,0
00-0030496,Le'Veon Bell,2018,RB,25-27,,,no_claim,,0,0
00-0030504,Earl Watford,2018,OL,28-30,2.0,16.0,no_claim,,0,0
00-0030505,D.J. Fluker,2018,OL,28-30,11.0,16.0,excluded_sub_threshold,5.0,0,0
00-0030513,Latavius Murray,2018,RB,28-30,16.0,16.0,no_claim,,0,0
00-0030520,Mike Glennon,2018,QB,28-30,2.0,16.0,no_claim,,0,0
00-0030524,Landry Jones,2018,QB,28-30,,,no_claim,,0,0
00-0030533,Matt Barkley,2018,QB,28-30,1.0,16.0,no_claim,,0,0
00-0030546,Travis Frederick,2018,OL,28-30,,,no_claim,,0,0
00-0030561,Lane Johnson,2018,OL,28-30,17.0,16.0,no_claim,,0,0
00-0030565,Geno Smith,2018,QB,28-30,4.0,16.0,no_claim,,0,0
00-0030584,Eric Fisher,2018,OL,28-30,18.0,16.0,no_claim,,0,0
00-0030585,Justin Pugh,2018,OL,28-30,7.0,16.0,no_claim,,0,0
00-0030590,Jonathan Cooper,2018,OL,28-30,4.0,16.0,no_claim,,0,0
00-0030593,Chance Warmack,2018,OL,25-27,3.0,16.0,no_claim,,0,0
00-0030621,Michael Ola,2018,OL,31+,4.0,16.0,no_claim,,0,0
00-0030629,Jeremy Vujnovich,2018,OL,28-30,3.0,16.0,PTD,13.0,1,0
00-0030648,Alejandro Villanueva,2018,OL,28-30,16.0,16.0,no_claim,,0,0
00-0030649,Jonotthan Harrison,2018,OL,28-30,11.0,16.0,no_claim,,0,0
00-0030652,Josh Walker,2018,OL,28-30,5.0,16.0,PTD,11.0,1,0
00-0030656,Isaiah Crowell,2018,RB,25-27,13.0,16.0,excluded_sub_threshold,3.0,0,0
00-0030668,Charcandrick West,2018,RB,28-30,2.0,16.0,no_claim,,0,0
00-0030694,James Hurst,2018,OL,25-27,11.0,16.0,excluded_sub_threshold,5.0,0,0
00-0030706,Josh Andrews,2018,OL,28-30,2.0,16.0,no_claim,,0,0
00-0030711,David Fluellen,2018,RB,25-27,2.0,16.0,PTD,14.0,1,0
00-0030725,Cornelius Lucas,2018,OL,28-30,1.0,16.0,no_claim,,0,0
00-0030741,Roosevelt Nix,2018,RB,25-27,5.0,16.0,no_claim,,0,0
00-0030750,James Stone,2018,OL,25-27,,,no_claim,,0,0
00-0030781,Trey Hopkins,2018,OL,25-27,12.0,16.0,no_claim,,0,0
00-0030792,Justin McCray,2018,OL,25-27,8.0,16.0,TTD,8.0,0,1
00-0030827,Tyler Shatley,2018,OL,28-30,12.0,16.0,no_claim,,0,0
00-0030829,Josh Wells,2018,OL,28-30,7.0,16.0,TTD,9.0,0,1
00-0030869,Tyler Larsen,2018,OL,28-30,8.0,16.0,no_claim,,0,0
00-0030874,Damien Williams,2018,RB,25-27,10.0,16.0,no_claim,,0,0
00-0030899,Garry Gilliam,2018,OL,28-30,5.0,16.0,no_claim,,0,0
00-0030923,Jeremiah Sirles,2018,OL,28-30,11.0,16.0,no_claim,,0,0
00-0030937,Zac Kerin,2018,OL,28-30,2.0,16.0,no_claim,,0,0
00-0030968,Keith Smith,2018,RB,25-27,5.0,16.0,no_claim,,0,0
00-0030997,Zach Fulton,2018,OL,25-27,14.0,16.0,excluded_sub_threshold,2.0,0,0
00-0031017,Dakota Dozier,2018,OL,28-30,5.0,16.0,no_claim,,0,0
00-0031019,Corey Linsley,2018,OL,28-30,16.0,16.0,no_claim,,0,0
00-0031022,Laurent Duvernay-Tardif,2018,OL,28-30,5.0,16.0,no_claim,,0,0
00-0031028,Ulrick John,2018,OL,25-27,,,no_claim,,0,0
00-0031029,Seantrel Henderson,2018,OL,25-27,1.0,16.0,no_claim,,0,0
00-0031031,Brent Qvale,2018,OL,28-30,5.0,16.0,no_claim,,0,0
00-0031039,James Ferentz,2018,OL,28-30,1.0,16.0,no_claim,,0,0
00-0031045,Carlos Hyde,2018,RB,28-30,14.0,16.0,no_claim,,0,0
00-0031047,Spencer Long,2018,OL,28-30,13.0,16.0,excluded_sub_threshold,3.0,0,0
00-0031062,James White,2018,RB,25-27,16.0,16.0,no_claim,,0,0
00-0031064,Tom Savage,2018,QB,28-30,,,no_claim,,0,0
00-0031067,Cameron Fleming,2018,OL,25-27,11.0,16.0,no_claim,,0,0
00-0031075,Alfred Blue,2018,RB,28-30,16.0,16.0,no_claim,,0,0
00-0031076,David Fales,2018,QB,28-30,,,no_claim,,0,0
00-0031095,Charles Leno Jr.,2018,OL,25-27,17.0,16.0,no_claim,,0,0
00-0031102,Kapri Bibbs,2018,RB,25-27,9.0,16.0,no_claim,,0,0
00-0031122,Andrew Norwell,2018,OL,25-27,11.0,16.0,no_claim,,0,0
00-0031128,Ryan Groy,2018,OL,28-30,11.0,16.0,no_claim,,0,0
00-0031142,Matt Feiler,2018,OL,25-27,10.0,16.0,no_claim,,0,0
00-0031152,Bryan Witzmann,2018,OL,28-30,10.0,16.0,no_claim,,0,0
00-0031180,Kadeem Edwards,2018,OL,28-30,,,no_claim,,0,0
00-0031182,Kevin Pamphile,2018,OL,28-30,3.0,16.0,no_claim,,0,0
00-0031185,Jon Halapio,2018,OL,28-30,2.0,16.0,no_claim,,0,0
00-0031191,Luke Bowanko,2018,OL,28-30,5.0,16.0,no_claim,,0,0
00-0031209,Senorise Perry,2018,RB,25-27,,,no_claim,,0,0
00-0031237,Teddy Bridgewater,2018,QB,25-27,4.0,16.0,no_claim,,0,0
00-0031238,Weston Richburg,2018,OL,28-30,15.0,16.0,no_claim,,0,0
00-0031279,Jake Matthews,2018,OL,25-27,16.0,16.0,no_claim,,0,0
00-0031280,Derek Carr,2018,QB,28-30,16.0,16.0,no_claim,,0,0
00-0031282,Justin Britt,2018,OL,28-30,16.0,16.0,no_claim,,0,0
00-0031284,Travis Swanson,2018,OL,28-30,12.0,16.0,excluded_sub_threshold,4.0,0,0
00-0031285,Devonta Freeman,2018,RB,25-27,2.0,16.0,TTD,14.0,0,1
00-0031288,A.J. McCarron,2018,QB,28-30,2.0,16.0,no_claim,,0,0
00-0031301,Jeremy Hill,2018,RB,25-27,1.0,16.0,no_claim,,0,0
00-0031305,Brandon Thomas,2018,OL,28-30,,,no_claim,,0,0
00-0031306,Russell Bodine,2018,OL,25-27,10.0,16.0,no_claim,,0,0
00-0031314,Wesley Johnson,2018,OL,28-30,3.0,16.0,no_claim,,0,0
00-0031330,Morgan Moses,2018,OL,28-30,16.0,16.0,no_claim,,0,0
00-0031335,Cyrus Kouandjio,2018,OL,25-27,2.0,16.0,no_claim,,0,0
00-0031337,Marcus Martin,2018,OL,25-27,,,no_claim,,0,0
00-0031345,Jimmy Garoppolo,2018,QB,25-27,3.0,16.0,no_claim,,0,0
00-0031349,Matt Paradis,2018,OL,28-30,9.0,16.0,no_claim,,0,0
00-0031353,Michael Schofield,2018,OL,28-30,18.0,16.0,no_claim,,0,0
00-0031362,Trai Turner,2018,OL,25-27,13.0,16.0,excluded_sub_threshold,3.0,0,0
00-0031367,Gabe Jackson,2018,OL,28-30,13.0,16.0,no_claim,,0,0
00-0031369,Brandon Linder,2018,OL,25-27,9.0,16.0,no_claim,,0,0
00-0031376,Jerick McKinnon,2018,RB,25-27,,,no_claim,,0,0
00-0031386,Greg Robinson,2018,OL,25-27,9.0,16.0,no_claim,,0,0
00-0031395,Garrett Gilbert,2018,QB,28-30,1.0,16.0,no_claim,,0,0
00-0031399,Demetrius Rhaney,2018,OL,25-27,,,no_claim,,0,0
00-0031402,Zack Martin,2018,OL,28-30,16.0,16.0,no_claim,,0,0
00-0031407,Blake Bortles,2018,QB,25-27,13.0,16.0,no_claim,,0,0
00-0031410,Xavier Su'a-Filo,2018,OL,28-30,8.0,16.0,PTD,8.0,1,0
00-0031417,Ja'Wuan James,2018,OL,25-27,15.0,16.0,no_claim,,0,0
00-0031426,Joel Bitonio,2018,OL,25-27,16.0,16.0,no_claim,,0,0
00-0031433,Billy Turner,2018,OL,25-27,15.0,16.0,no_claim,,0,0
00-0031442,Taylor Lewan,2018,OL,28-30,15.0,16.0,no_claim,,0,0
00-0031489,Brett Jones,2018,OL,28-30,4.0,16.0,no_claim,,0,0
00-0031503,Jameis Winston,2018,QB,25-27,11.0,16.0,no_claim,,0,0
00-0031534,La'el Collins,2018,OL,25-27,18.0,16.0,no_claim,,0,0
00-0031561,Hroniss Grasu,2018,OL,28-30,2.0,16.0,no_claim,,0,0
00-0031567,Daryl Williams,2018,OL,25-27,1.0,16.0,no_claim,,0,0
00-0031568,Bryce Petty,2018,QB,28-30,,,no_claim,,0,0
00-0031569,Jeremy Langford,2018,RB,25-27,1.0,16.0,no_claim,,0,0
00-0031572,T.J. Clemmings,2018,OL,25-27,1.0,16.0,PTD,15.0,1,0
00-0031577,Javorius Allen,2018,RB,28-30,11.0,16.0,no_claim,,0,0
00-0031580,Shaquille Mason,2018,OL,25-27,17.0,16.0,no_claim,,0,0
00-0031581,Mark Glowinski,2018,OL,25-27,12.0,16.0,excluded_sub_threshold,4.0,0,0
00-0031589,Brett Hundley,2018,QB,25-27,,,no_claim,,0,0
00-0031590,Jay Ajayi,2018,RB,25-27,4.0,16.0,PTD,12.0,1,0
00-0031595,Michael Burton,2018,RB,25-27,1.0,16.0,no_claim,,0,0
00-0031599,Cameron Artis-Payne,2018,RB,28-30,4.0,16.0,no_claim,,0,0
00-0031622,Bobby Hart,2018,OL,25-27,16.0,16.0,no_claim,,0,0
00-0031626,Brian Mihalik,2018,OL,25-27,5.0,16.0,no_claim,,0,0
00-0031627,Corey Robinson,2018,OL,25-27,2.0,16.0,no_claim,,0,0
00-0031632,Denzelle Good,2018,OL,28-30,5.0,16.0,PTD,11.0,1,0
00-0031665,Zach Zenner,2018,RB,25-27,7.0,16.0,no_claim,,0,0
00-0031687,Raheem Mostert,2018,RB,25-27,6.0,16.0,no_claim,,0,0
00-0031722,Michael Liedtke,2018,OL,25-27,,,no_claim,,0,0
00-0031731,Corey Grant,2018,RB,25-27,5.0,16.0,no_claim,,0,0
00-0031734,Chris Reed,2018,OL,25-27,6.0,16.0,no_claim,,0,0
00-0031764,Blaine Clausell,2018,OL,25-27,1.0,16.0,no_claim,,0,0
00-0031765,Nick Easton,2018,OL,25-27,,,no_claim,,0,0
00-0031779,B.J. Finney,2018,OL,25-27,6.0,16.0,no_claim,,0,0
00-0031800,Taylor Heinicke,2018,QB,25-27,5.0,16.0,no_claim,,0,0
00-0031806,Malcolm Brown,2018,RB,25-27,10.0,16.0,TTD,6.0,0,1
00-0031852,David Andrews,2018,OL,25-27,19.0,16.0,no_claim,,0,0
00-0031893,Jesse Davis,2018,OL,25-27,16.0,16.0,no_claim,,0,0
00-0031897,Thomas Rawls,2018,RB,25-27,,,no_claim,,0,0
00-0031900,Rod Smith,2018,RB,25-27,13.0,16.0,no_claim,,0,0
00-0031921,Kendall Lamm,2018,OL,25-27,15.0,16.0,no_claim,,0,0
00-0031923,Greg Mancz,2018,OL,25-27,10.0,16.0,no_claim,,0,0
00-0031936,Mitch Morse,2018,OL,25-27,13.0,16.0,excluded_sub_threshold,3.0,0,0
00-0031942,Arie Kouandjio,2018,OL,25-27,,,no_claim,,0,0
00-0031958,Austin Reiter,2018,OL,25-27,7.0,16.0,no_claim,,0,0
00-0031959,Marcus Murphy,2018,RB,25-27,9.0,16.0,no_claim,,0,0
00-0032043,Quinton Spain,2018,OL,28-30,15.0,16.0,no_claim,,0,0
00-0032048,Mack Brown,2018,RB,25-27,,,no_claim,,0,0
00-0032053,Brandon Scherff,2018,OL,25-27,8.0,16.0,no_claim,,0,0
00-0032058,Tevin Coleman,2018,RB,25-27,16.0,16.0,no_claim,,0,0
00-0032063,Mike Davis,2018,RB,25-27,15.0,16.0,no_claim,,0,0
00-0032071,Trent Brown,2018,OL,25-27,19.0,16.0,no_claim,,0,0
00-0032104,Ameer Abdullah,2018,RB,25-27,4.0,16.0,no_claim,,0,0
00-0032130,Jalston Fowler,2018,RB,28-30,,,no_claim,,0,0
00-0032132,Max Garcia,2018,OL,25-27,4.0,16.0,PTD,12.0,1,0
00-0032144,Melvin Gordon,2018,RB,25-27,12.0,16.0,excluded_sub_threshold,4.0,0,0
00-0032145,Cameron Erving,2018,OL,25-27,16.0,16.0,no_claim,,0,0
00-0032147,Ty Sambrailo,2018,OL,25-27,7.0,16.0,no_claim,,0,0
00-0032149,John Miller,2018,OL,25-27,15.0,16.0,no_claim,,0,0
00-0032151,Jon Feliciano,2018,OL,25-27,11.0,16.0,no_claim,,0,0
00-0032156,Trevor Siemian,2018,QB,25-27,,,no_claim,,0,0
00-0032187,David Johnson,2018,RB,25-27,16.0,16.0,no_claim,,0,0
00-0032192,Daniel Munyer,2018,OL,25-27,3.0,16.0,no_claim,,0,0
00-0032196,Jake Fisher,2018,OL,25-27,10.0,16.0,no_claim,,0,0
00-0032200,Ty Montgomery,2018,RB,25-27,12.0,16.0,no_claim,,0,0
00-0032203,Andrus Peat,2018,OL,25-27,15.0,16.0,no_claim,,0,0
00-0032204,Chaz Green,2018,OL,25-27,1.0,16.0,no_claim,,0,0
00-0032209,T.J. Yeldon,2018,RB,25-27,14.0,16.0,no_claim,,0,0
00-0032217,Donovan Smith,2018,OL,25-27,16.0,16.0,no_claim,,0,0
00-0032222,D.J. Humphries,2018,OL,25-27,9.0,16.0,TTD,7.0,0,1
00-0032233,Cedric Ogbuehi,2018,OL,25-27,1.0,16.0,no_claim,,0,0
00-0032234,Laken Tomlinson,2018,OL,25-27,16.0,16.0,no_claim,,0,0
00-0032241,Todd Gurley,2018,RB,25-27,14.0,16.0,excluded_sub_threshold,2.0,0,0
00-0032242,Rob Havenstein,2018,OL,25-27,19.0,16.0,no_claim,,0,0
00-0032243,Ali Marpet,2018,OL,25-27,16.0,16.0,no_claim,,0,0
00-0032244,Jamon Brown,2018,OL,25-27,10.0,16.0,no_claim,,0,0
00-0032245,Sean Mannion,2018,QB,25-27,3.0,16.0,no_claim,,0,0
00-0032246,Andrew Donnal,2018,OL,25-27,0.0,16.0,PTD,16.0,1,0
00-0032255,A.J. Cann,2018,OL,25-27,15.0,16.0,no_claim,,0,0
00-0032257,Duke Johnson,2018,RB,25-27,16.0,16.0,no_claim,,0,0
00-0032259,Ereck Flowers,2018,OL,25-27,10.0,16.0,no_claim,,0,0
00-0032268,Marcus Mariota,2018,QB,25-27,14.0,16.0,no_claim,,0,0
00-0032354,Adam Redmond,2018,OL,25-27,4.0,16.0,PTD,12.0,1,0
00-0032371,Rob Kelley,2018,RB,25-27,2.0,16.0,no_claim,,0,0
00-0032375,Joe Kerridge,2018,RB,25-27,,,no_claim,,0,0
00-0032380,Laremy Tunsil,2018,OL,25-27,15.0,16.0,no_claim,,0,0
00-0032381,Taylor Decker,2018,OL,25-27,16.0,16.0,no_claim,,0,0
00-0032383,Ryan Kelly,2018,OL,25-27,14.0,16.0,excluded_sub_threshold,2.0,0,0
00-0032384,Germain Ifedi,2018,OL,25-27,16.0,16.0,no_claim,,0,0
00-0032391,Joe Thuney,2018,OL,25-27,19.0,16.0,no_claim,,0,0
00-0032393,C.J. Prosise,2018,RB,25-27,2.0,16.0,TTD,14.0,0,1
00-0032395,Graham Glasgow,2018,OL,25-27,16.0,16.0,no_claim,,0,0
00-0032397,Rees Odhiambo,2018,OL,25-27,0.0,16.0,no_claim,,0,0
00-0032405,Willie Beavers,2018,OL,25-27,,,no_claim,,0,0
00-0032407,Alex Lewis,2018,OL,25-27,10.0,16.0,TTD,6.0,0,1
00-0032411,Kenneth Dixon,2018,RB,25-27,6.0,16.0,PTD,10.0,1,0
00-0032417,Paul Perkins,2018,RB,<=24,,,no_claim,,0,0
00-0032418,Joe Dahl,2018,OL,25-27,7.0,16.0,no_claim,,0,0
00-0032419,Joe Haeg,2018,OL,25-27,10.0,16.0,TTD,6.0,0,1
00-0032420,Brandon Shell,2018,OL,25-27,14.0,16.0,no_claim,,0,0
00-0032426,Alex Collins,2018,RB,25-27,10.0,16.0,no_claim,,0,0
00-0032432,Wes Schweitzer,2018,OL,25-27,14.0,16.0,excluded_sub_threshold,2.0,0,0
00-0032436,Jeff Driskel,2018,QB,25-27,8.0,16.0,no_claim,,0,0
00-0032443,Joey Hunt,2018,OL,25-27,7.0,16.0,no_claim,,0,0
00-0032445,Ted Karras,2018,OL,25-27,6.0,16.0,no_claim,,0,0
00-0032450,Dwayne Washington,2018,RB,25-27,4.0,16.0,no_claim,,0,0
00-0032455,Austin Blythe,2018,OL,25-27,19.0,16.0,no_claim,,0,0
00-0032466,George Fant,2018,OL,25-27,15.0,16.0,no_claim,,0,0
00-0032472,Tre Madden,2018,RB,25-27,5.0,16.0,PTD,11.0,1,0
00-0032520,Rashod Hill,2018,OL,25-27,14.0,16.0,no_claim,,0,0
00-0032528,Justin Murray,2018,OL,25-27,1.0,16.0,no_claim,,0,0
00-0032540,Tra Carson,2018,RB,25-27,,,no_claim,,0,0
00-0032549,Alex Redmond,2018,OL,<=24,15.0,16.0,no_claim,,0,0
00-0032575,Matt Skura,2018,OL,25-27,17.0,16.0,no_claim,,0,0
00-0032577,D.J. Foster,2018,RB,25-27,,,no_claim,,0,0
00-0032602,J.D. McKissic,2018,RB,25-27,3.0,16.0,no_claim,,0,0
00-0032611,Jhurrell Pressley,2018,RB,25-27,,,no_claim,,0,0
00-0032646,Cedrick Lang,2018,OL,25-27,,,no_claim,,0,0
00-0032658,Josh Woodrum,2018,QB,25-27,,,no_claim,,0,0
00-0032701,Jake Brendel,2018,OL,25-27,3.0,16.0,PTD,13.0,1,0
00-0032741,Peyton Barber,2018,RB,25-27,16.0,16.0,no_claim,,0,0
00-0032764,Derrick Henry,2018,RB,25-27,16.0,16.0,no_claim,,0,0
00-0032766,Jason Spriggs,2018,OL,25-27,6.0,16.0,PTD,10.0,1,0
00-0032768,Cody Whitehair,2018,OL,25-27,17.0,16.0,no_claim,,0,0
00-0032771,Parker Ehinger,2018,OL,25-27,,,no_claim,,0,0
00-0032777,Evan Boehm,2018,OL,25-27,10.0,16.0,no_claim,,0,0
00-0032779,Caleb Benenoch,2018,OL,25-27,16.0,16.0,no_claim,,0,0
00-0032780,Jordan Howard,2018,RB,<=24,16.0,16.0,no_claim,,0,0
00-0032782,Wendell Smallwood,2018,RB,25-27,13.0,16.0,no_claim,,0,0
00-0032784,Kevin Hogan,2018,QB,25-27,,,no_claim,,0,0
00-0032785,Halapoulivaati Vaitai,2018,OL,25-27,14.0,16.0,no_claim,,0,0
00-0032787,Cole Toner,2018,OL,25-27,0.0,16.0,no_claim,,0,0
00-0032792,Nate Sudfeld,2018,QB,25-27,2.0,16.0,no_claim,,0,0
00-0032794,Dan Vitale,2018,RB,25-27,1.0,16.0,no_claim,,0,0
00-0032804,Daniel Lasco,2018,RB,25-27,,,no_claim,,0,0
00-0032813,Elijhaa Penny,2018,RB,25-27,9.0,16.0,no_claim,,0,0
00-0032827,Leonard Wester,2018,OL,25-27,5.0,16.0,no_claim,,0,0
00-0032867,Tyler Marz,2018,OL,25-27,3.0,16.0,no_claim,,0,0
00-0032874,Joseph Cheek,2018,OL,25-27,,,no_claim,,0,0
00-0032897,Derek Watt,2018,RB,25-27,4.0,16.0,no_claim,,0,0
00-0032902,Kenneth Farrow,2018,RB,25-27,,,no_claim,,0,0
00-0032909,Dillon Gordon,2018,OL,25-27,,,no_claim,,0,0
00-0032911,Spencer Pulley,2018,OL,25-27,11.0,16.0,excluded_sub_threshold,5.0,0,0
00-0032918,C.J. Ham,2018,RB,25-27,10.0,16.0,TTD,6.0,0,1
00-0032921,Zach Sterup,2018,OL,25-27,2.0,16.0,no_claim,,0,0
00-0032940,DeAndre Washington,2018,RB,25-27,8.0,16.0,TTD,8.0,0,1
00-0032950,Carson Wentz,2018,QB,25-27,11.0,16.0,excluded_sub_threshold,5.0,0,0
00-0032953,Christian Hackenberg,2018,QB,<=24,,,no_claim,,0,0
00-0032954,Isaac Seumalo,2018,OL,25-27,15.0,16.0,no_claim,,0,0
00-0032956,Andy Janovich,2018,RB,25-27,9.0,16.0,no_claim,,0,0
00-0032964,Byron Marshall,2018,RB,25-27,4.0,16.0,no_claim,,0,0
00-0032965,Ronnie Stanley,2018,OL,25-27,16.0,16.0,no_claim,,0,0
00-0032969,Nick Martin,2018,OL,25-27,17.0,16.0,no_claim,,0,0
00-0032972,Devontae Booker,2018,RB,25-27,16.0,16.0,no_claim,,0,0
00-0032975,Jonathan Williams,2018,RB,25-27,3.0,16.0,no_claim,,0,0
00-0033005,Denver Kirkland,2018,OL,25-27,0.0,16.0,no_claim,,0,0
00-0033011,Connor McGovern,2018,OL,25-27,16.0,16.0,no_claim,,0,0
00-0033025,Jalen Richard,2018,RB,25-27,16.0,16.0,no_claim,,0,0
00-0033035,Jalen Simmons,2018,RB,25-27,,,no_claim,,0,0
00-0033039,Christian Westerman,2018,OL,25-27,3.0,16.0,no_claim,,0,0
00-0033045,Ezekiel Elliott,2018,RB,<=24,15.0,16.0,no_claim,,0,0
00-0033049,Darius Jackson,2018,RB,25-27,1.0,16.0,no_claim,,0,0
00-0033057,Jack Conklin,2018,OL,25-27,9.0,16.0,TTD,7.0,0,1
00-0033065,Le'Raven Clark,2018,OL,25-27,12.0,16.0,no_claim,,0,0
00-0033077,Dak Prescott,2018,QB,25-27,16.0,16.0,no_claim,,0,0
00-0033082,Lucas Patrick,2018,OL,25-27,6.0,16.0,TTD,10.0,0,1
00-0033085,Jerald Hawkins,2018,OL,25-27,,,no_claim,,0,0
00-0033097,Shon Coleman,2018,OL,25-27,,,no_claim,,0,0
00-0033104,Cody Kessler,2018,QB,25-27,5.0,16.0,no_claim,,0,0
00-0033106,Jared Goff,2018,QB,<=24,16.0,16.0,no_claim,,0,0
00-0033108,Paxton Lynch,2018,QB,25-27,,,no_claim,,0,0
00-0033118,Kenyan Drake,2018,RB,25-27,16.0,16.0,no_claim,,0,0
00-0033119,Jacoby Brissett,2018,QB,25-27,4.0,16.0,no_claim,,0,0
00-0033151,Joshua Garnett,2018,OL,25-27,5.0,16.0,PTD,11.0,1,0
00-0033164,Troymaine Pope,2018,RB,25-27,,,no_claim,,0,0
00-0033253,Tyler Catalina,2018,OL,25-27,,,no_claim,,0,0
00-0033277,Kyle Kalis,2018,OL,25-27,1.0,16.0,no_claim,,0,0
00-0033280,Christian McCaffrey,2018,RB,<=24,16.0,16.0,no_claim,,0,0
00-0033284,Taylor Moton,2018,OL,25-27,16.0,16.0,no_claim,,0,0
00-0033287,Nico Siragusa,2018,OL,25-27,,,no_claim,,0,0
00-0033290,Jermaine Eluemunor,2018,OL,<=24,7.0,16.0,no_claim,,0,0
00-0033293,Aaron Jones,2018,RB,<=24,12.0,16.0,no_claim,,0,0
00-0033295,Elijah McGuire,2018,RB,25-27,8.0,16.0,no_claim,,0,0
00-0033296,Alex Armah,2018,RB,25-27,8.0,16.0,no_claim,,0,0
00-0033300,Conor McDermott,2018,OL,25-27,3.0,16.0,no_claim,,0,0
00-0033308,Matt Breida,2018,RB,<=24,14.0,16.0,excluded_sub_threshold,2.0,0,0
00-0033310,JP Flynn,2018,OL,25-27,,,no_claim,,0,0
00-0033317,Erik Magnuson,2018,OL,25-27,4.0,16.0,PTD,12.0,1,0
00-0033319,Nick Mullens,2018,QB,<=24,8.0,16.0,no_claim,,0,0
00-0033326,Aviante Collins,2018,OL,25-27,,,no_claim,,0,0
00-0033338,Cethan Carter,2018,RB,<=24,,,no_claim,,0,0
00-0033345,Kent Perkins,2018,OL,<=24,,,no_claim,,0,0
00-0033346,Dustin Stanton,2018,OL,25-27,,,no_claim,,0,0
00-0033357,Taysom Hill,2018,QB,28-30,13.0,16.0,no_claim,,0,0
00-0033359,Adam Pankey,2018,OL,25-27,1.0,16.0,no_claim,,0,0
00-0033373,Taquan Mizzell,2018,RB,25-27,8.0,16.0,no_claim,,0,0
00-0033374,Ricky Ortiz,2018,RB,25-27,3.0,16.0,no_claim,,0,0
00-0033414,Eric Smith,2018,OL,<=24,,,no_claim,,0,0
00-0033426,Cole Gardner,2018,OL,25-27,,,no_claim,,0,0
00-0033446,Jordan Simmons,2018,OL,25-27,5.0,16.0,TTD,11.0,0,1
00-0033458,Javarius Leamon,2018,OL,25-27,,,no_claim,,0,0
00-0033465,Isaac Asiata,2018,OL,25-27,0.0,16.0,no_claim,,0,0
00-0033490,Ben Braden,2018,OL,25-27,0.0,16.0,no_claim,,0,0
00-0033505,Cameron Tom,2018,OL,<=24,6.0,16.0,no_claim,,0,0
00-0033526,Samaje Perine,2018,RB,<=24,4.0,16.0,TTD,12.0,0,1
00-0033529,Chase Roullier,2018,OL,25-27,16.0,16.0,no_claim,,0,0
00-0033537,Deshaun Watson,2018,QB,<=24,16.0,16.0,no_claim,,0,0
00-0033538,Garett Bolles,2018,OL,25-27,16.0,16.0,no_claim,,0,0
00-0033542,Forrest Lamp,2018,OL,25-27,2.0,16.0,no_claim,,0,0
00-0033550,Davis Webb,2018,QB,<=24,,,no_claim,,0,0
00-0033553,James Conner,2018,RB,<=24,13.0,16.0,excluded_sub_threshold,3.0,0,0
00-0033556,Tarik Cohen,2018,RB,<=24,16.0,16.0,no_claim,,0,0
00-0033560,Julie'n Davenport,2018,OL,<=24,,,no_claim,,0,0
00-0033565,Jordan Morgan,2018,OL,25-27,,,no_claim,,0,0
00-0033567,Brian Hill,2018,RB,<=24,4.0,16.0,no_claim,,0,0
00-0033569,Roderick Johnson,2018,OL,<=24,0.0,16.0,no_claim,,0,0
00-0033578,Sam Tevi,2018,OL,<=24,18.0,16.0,no_claim,,0,0
00-0033581,De'Angelo Henderson Sr.,2018,RB,25-27,1.0,16.0,no_claim,,0,0
00-0033585,Brad Kaaya,2018,QB,<=24,,,no_claim,,0,0
00-0033592,Kyle Fuller,2018,OL,25-27,2.0,16.0,no_claim,,0,0
00-0033594,Chris Carson,2018,RB,<=24,14.0,16.0,no_claim,,0,0
00-0033596,Matt Dayes,2018,RB,<=24,,,no_claim,,0,0
00-0033597,Chad Kelly,2018,QB,25-27,1.0,16.0,no_claim,,0,0
00-0033631,Rashaad Coward,2018,OL,<=24,,,no_claim,,0,0
00-0033662,Cooper Rush,2018,QB,25-27,,,no_claim,,0,0
00-0033667,Cameron Hunt,2018,OL,<=24,,,no_claim,,0,0
00-0033672,Kyle Sloter,2018,QB,25-27,,,no_claim,,0,0
00-0033676,Elijah Wilkinson,2018,OL,<=24,11.0,16.0,no_claim,,0,0
00-0033688,Avery Gennesy,2018,OL,25-27,,,no_claim,,0,0
00-0033699,Austin Ekeler,2018,RB,<=24,14.0,16.0,excluded_sub_threshold,2.0,0,0
00-0033719,Shane Smith,2018,RB,25-27,,,no_claim,,0,0
00-0033725,Corey Clement,2018,RB,<=24,11.0,16.0,no_claim,,0,0
00-0033744,Chad Wheeler,2018,OL,25-27,15.0,16.0,no_claim,,0,0
00-0033750,Leo Koloamatangi,2018,OL,25-27,,,no_claim,,0,0
00-0033760,Justin Davis,2018,RB,<=24,2.0,16.0,no_claim,,0,0
00-0033785,Zach Banner,2018,OL,25-27,,,no_claim,,0,0
00-0033788,Will Holden,2018,OL,25-27,4.0,16.0,no_claim,,0,0
00-0033789,T.J. Logan,2018,RB,<=24,4.0,16.0,no_claim,,0,0
00-0033793,Corey Levin,2018,OL,25-27,9.0,16.0,no_claim,,0,0
00-0033804,Steven Moore,2018,OL,25-27,,,no_claim,,0,0
00-0033831,Andrew Wylie,2018,OL,25-27,14.0,16.0,no_claim,,0,0
00-0033838,Trey Edmunds,2018,RB,<=24,,,no_claim,,0,0
00-0033856,Leonard Fournette,2018,RB,<=24,8.0,16.0,TTD,8.0,0,1
00-0033869,Mitchell Trubisky,2018,QB,25-27,14.0,16.0,excluded_sub_threshold,2.0,0,0
00-0033873,Patrick Mahomes,2018,QB,<=24,16.0,16.0,no_claim,,0,0
00-0033888,Ryan Ramczyk,2018,OL,25-27,17.0,16.0,no_claim,,0,0
00-0033889,Cam Robinson,2018,OL,<=24,2.0,16.0,no_claim,,0,0
00-0033893,Dalvin Cook,2018,RB,<=24,11.0,16.0,excluded_sub_threshold,5.0,0,0
00-0033897,Joe Mixon,2018,RB,<=24,14.0,16.0,excluded_sub_threshold,2.0,0,0
00-0033899,DeShone Kizer,2018,QB,<=24,3.0,16.0,no_claim,,0,0
00-0033901,Ethan Pocic,2018,OL,<=24,5.0,16.0,PTD,11.0,1,0
00-0033904,Dion Dawkins,2018,OL,25-27,16.0,16.0,no_claim,,0,0
00-0033906,Alvin Kamara,2018,RB,<=24,15.0,16.0,no_claim,,0,0
00-0033909,Pat Elflein,2018,OL,25-27,14.0,16.0,excluded_sub_threshold,2.0,0,0
00-0033910,Dan Feeney,2018,OL,25-27,18.0,16.0,no_claim,,0,0
00-0033923,Kareem Hunt,2018,RB,<=24,11.0,16.0,no_claim,,0,0
00-0033925,D'Onta Foreman,2018,RB,<=24,1.0,16.0,no_claim,,0,0
00-0033936,C.J. Beathard,2018,QB,25-27,5.0,16.0,no_claim,,0,0
00-0033942,Dorian Johnson,2018,OL,<=24,,,no_claim,,0,0
00-0033946,David Sharpe,2018,OL,<=24,5.0,16.0,no_claim,,0,0
00-0033948,Jamaal Williams,2018,RB,<=24,16.0,16.0,no_claim,,0,0
00-0033949,Joshua Dobbs,2018,QB,<=24,5.0,16.0,no_claim,,0,0
00-0033950,Wayne Gallman,2018,RB,<=24,13.0,16.0,no_claim,,0,0
00-0033951,Marlon Mack,2018,RB,<=24,12.0,16.0,excluded_sub_threshold,4.0,0,0
00-0033955,Jeremy McNichols,2018,RB,<=24,1.0,16.0,no_claim,,0,0
00-0033960,Danny Isidora,2018,OL,25-27,4.0,16.0,no_claim,,0,0
00-0033975,Elijah Hood,2018,RB,<=24,,,no_claim,,0,0
00-0034026,Brandon Greene,2018,OL,25-27,,,no_claim,,0,0
00-0034080,Jeremiah Kolone,2018,OL,<=24,,,no_claim,,0,0
00-0034099,Martez Carter,2018,RB,25-27,,,no_claim,,0,0
00-0034102,Timon Parris,2018,OL,<=24,1.0,16.0,no_claim,,0,0
00-0034109,Phillip Lindsay,2018,RB,25-27,15.0,16.0,no_claim,,0,0
00-0034115,Jeff Wilson,2018,RB,<=24,6.0,16.0,no_claim,,0,0
00-0034119,Elijah Wellman,2018,RB,<=24,,,no_claim,,0,0
00-0034140,Matt Gono,2018,OL,<=24,,,no_claim,,0,0
00-0034142,J.C. Hassenauer,2018,OL,<=24,,,no_claim,,0,0
00-0034158,Brian O'Neill,2018,OL,<=24,14.0,16.0,no_claim,,0,0
00-0034164,Trenton Cannon,2018,RB,25-27,11.0,16.0,no_claim,,0,0
00-0034165,Colby Gossett,2018,OL,<=24,5.0,16.0,no_claim,,0,0
00-0034177,Tim Boyle,2018,QB,<=24,,,no_claim,,0,0
00-0034178,Austin Davis,2018,OL,<=24,,,no_claim,,0,0
00-0034184,Gus Edwards,2018,RB,<=24,11.0,16.0,no_claim,,0,0
00-0034186,Alex Light,2018,OL,<=24,2.0,16.0,no_claim,,0,0
00-0034199,Alex Thompson,2018,OL,<=24,,,no_claim,,0,0
00-0034201,De'Lance Turner,2018,RB,<=24,2.0,16.0,PTD,14.0,1,0
00-0034208,Mike Boone,2018,RB,<=24,6.0,16.0,no_claim,,0,0
00-0034225,Dimitri Flowers,2018,RB,<=24,,,no_claim,,0,0
00-0034229,Dakoda Shepley,2018,OL,<=24,,,no_claim,,0,0
00-0034237,Khalid Hill,2018,RB,<=24,,,no_claim,,0,0
00-0034253,Dontrell Hilliard,2018,RB,<=24,6.0,16.0,no_claim,,0,0
00-0034259,Desmond Harrison,2018,OL,25-27,8.0,16.0,no_claim,,0,0
00-0034261,Austin Corbett,2018,OL,<=24,7.0,16.0,TTD,9.0,0,1
00-0034269,Cole Madison,2018,OL,<=24,,,no_claim,,0,0
00-0034280,Greg Senat,2018,OL,<=24,,,no_claim,,0,0
00-0034281,Bradley Bozeman,2018,OL,<=24,11.0,16.0,no_claim,,0,0
00-0034294,J.D. Moore,2018,RB,<=24,,,no_claim,,0,0
00-0034295,James Murray,2018,OL,<=24,,,no_claim,,0,0
00-0034301,Darrel Williams,2018,RB,<=24,3.0,16.0,no_claim,,0,0
00-0034311,Johnny Stanton,2018,RB,<=24,,,no_claim,,0,0
00-0034315,Chris Warren,2018,RB,<=24,,,no_claim,,0,0
00-0034328,Tejan Koroma,2018,OL,<=24,,,no_claim,,0,0
00-0034331,Jaylen Samuels,2018,RB,<=24,9.0,16.0,no_claim,,0,0
00-0034342,Quenton Nelson,2018,OL,<=24,18.0,16.0,no_claim,,0,0
00-0034343,Josh Rosen,2018,QB,<=24,14.0,16.0,no_claim,,0,0
00-0034345,Frank Ragnow,2018,OL,<=24,16.0,16.0,no_claim,,0,0
00-0034346,Will Hernandez,2018,OL,<=24,16.0,16.0,no_claim,,0,0
00-0034347,James Daniels,2018,OL,<=24,14.0,16.0,no_claim,,0,0
00-0034349,Kerryon Johnson,2018,RB,<=24,10.0,16.0,TTD,6.0,0,1
00-0034352,Connor Williams,2018,OL,<=24,15.0,16.0,no_claim,,0,0
00-0034358,Derrius Guice,2018,RB,<=24,,,no_claim,,0,0
00-0034367,Nyheim Hines,2018,RB,<=24,16.0,16.0,no_claim,,0,0
00-0034369,Kyle Lauletta,2018,QB,<=24,1.0,16.0,no_claim,,0,0
00-0034378,Ito Smith,2018,RB,<=24,13.0,16.0,no_claim,,0,0
00-0034380,Will Richardson,2018,OL,<=24,,,no_claim,,0,0
00-0034390,Tyrell Crosby,2018,OL,<=24,8.0,16.0,no_claim,,0,0
00-0034392,Scott Quessenberry,2018,OL,<=24,3.0,16.0,no_claim,,0,0
00-0034399,Wyatt Teller,2018,OL,<=24,8.0,16.0,no_claim,,0,0
00-0034400,Jordan Wilkins,2018,RB,25-27,13.0,16.0,no_claim,,0,0
00-0034401,Mike White,2018,QB,<=24,,,no_claim,,0,0
00-0034405,Sam Jones,2018,OL,<=24,2.0,16.0,no_claim,,0,0
00-0034412,Luke Falk,2018,QB,<=24,,,no_claim,,0,0
00-0034414,Boston Scott,2018,RB,<=24,,,no_claim,,0,0
00-0034416,Tanner Lee,2018,QB,<=24,,,no_claim,,0,0
00-0034417,Matt Pryor,2018,OL,<=24,,,no_claim,,0,0
00-0034427,Dave Williams,2018,RB,25-27,3.0,16.0,no_claim,,0,0
00-0034429,Jordan Mailata,2018,OL,<=24,,,no_claim,,0,0
00-0034432,Bo Scarbrough,2018,RB,<=24,,,no_claim,,0,0
00-0034433,Nick Bawden,2018,RB,<=24,,,no_claim,,0,0
00-0034436,Will Clapp,2018,OL,<=24,3.0,16.0,no_claim,,0,0
00-0034438,Logan Woodside,2018,QB,<=24,,,no_claim,,0,0
00-0034440,Justin Jackson,2018,RB,<=24,8.0,16.0,no_claim,,0,0
00-0034441,Rod Taylor,2018,OL,<=24,,,no_claim,,0,0
00-0034445,Nick Gates,2018,OL,<=24,,,no_claim,,0,0
00-0034449,Buddy Howell,2018,RB,<=24,,,no_claim,,0,0
00-0034457,Josh Adams,2018,RB,<=24,12.0,16.0,no_claim,,0,0
00-0034470,Toby Weathersby,2018,OL,<=24,,,no_claim,,0,0
00-0034495,Evan Brown,2018,OL,<=24,,,no_claim,,0,0
00-0034505,Ike Boettger,2018,OL,<=24,4.0,16.0,no_claim,,0,0
00-0034509,Keith Ford,2018,RB,25-27,2.0,16.0,no_claim,,0,0
00-0034531,Quinton Flowers,2018,RB,<=24,,,no_claim,,0,0
00-0034532,Jordan Franks,2018,RB,<=24,3.0,16.0,no_claim,,0,0
00-0034542,Zachary Crabtree,2018,OL,<=24,,,no_claim,,0,0
00-0034546,Zack Golditch,2018,OL,<=24,1.0,16.0,no_claim,,0,0
00-0034565,Detrez Newsome,2018,RB,25-27,3.0,16.0,no_claim,,0,0
00-0034571,Trenton Scott,2018,OL,25-27,,,no_claim,,0,0
00-0034577,Kyle Allen,2018,QB,<=24,2.0,16.0,no_claim,,0,0
00-0034581,Taylor Hearn,2018,OL,<=24,0.0,16.0,no_claim,,0,0
00-0034582,Brendan Mahon,2018,OL,<=24,0.0,16.0,no_claim,,0,0
00-0034621,Shaun Wilson,2018,RB,<=24,5.0,16.0,no_claim,,0,0
00-0034624,Lavon Coleman,2018,RB,<=24,,,no_claim,,0,0
00-0034628,Jaryd Jones-Smith,2018,OL,<=24,,,no_claim,,0,0
00-0034658,Nico Falah,2018,OL,<=24,,,no_claim,,0,0
00-0034664,Elijah Nkansah,2018,OL,<=24,1.0,16.0,no_claim,,0,0
00-0034668,Aaron Stinnie,2018,OL,25-27,0.0,16.0,no_claim,,0,0
00-0034678,Alex Cappa,2018,OL,<=24,6.0,16.0,no_claim,,0,0
00-0034679,Mark Walton,2018,RB,<=24,6.0,16.0,no_claim,,0,0
00-0034681,Chase Edmonds,2018,RB,<=24,16.0,16.0,no_claim,,0,0
00-0034687,Korey Cunningham,2018,OL,<=24,6.0,16.0,no_claim,,0,0
00-0034729,Jamarco Jones,2018,OL,<=24,,,no_claim,,0,0
00-0034731,Reginald McKenzie,2018,OL,<=24,,,no_claim,,0,0
00-0034737,Luis Perez,2018,QB,25-27,,,no_claim,,0,0
00-0034750,Rashaad Penny,2018,RB,<=24,12.0,16.0,excluded_sub_threshold,4.0,0,0
00-0034752,Orlando Brown,2018,OL,<=24,,,no_claim,,0,0
00-0034759,Kolton Miller,2018,OL,<=24,16.0,16.0,no_claim,,0,0
00-0034762,Billy Price,2018,OL,<=24,10.0,16.0,TTD,6.0,0,1
00-0034763,Brandon Parker,2018,OL,<=24,13.0,16.0,no_claim,,0,0
00-0034768,Chukwuma Okorafor,2018,OL,<=24,12.0,16.0,no_claim,,0,0
00-0034771,Mason Rudolph,2018,QB,<=24,,,no_claim,,0,0
00-0034785,Mason Cole,2018,OL,<=24,16.0,16.0,no_claim,,0,0
00-0034791,Nick Chubb,2018,RB,<=24,16.0,16.0,no_claim,,0,0
00-0034796,Lamar Jackson,2018,QB,<=24,16.0,16.0,no_claim,,0,0
00-0034799,Kalen Ballage,2018,RB,<=24,10.0,16.0,no_claim,,0,0
00-0034803,Joe Noteboom,2018,OL,<=24,,,no_claim,,0,0
00-0034804,Brian Allen,2018,OL,<=24,4.0,16.0,no_claim,,0,0
00-0034808,John Kelly,2018,RB,<=24,3.0,16.0,no_claim,,0,0
00-0034809,Jamil Demby,2018,OL,<=24,,,no_claim,,0,0
00-0034816,Ronald Jones,2018,RB,<=24,6.0,16.0,TTD,10.0,0,1
00-0034817,Geron Christian,2018,OL,<=24,2.0,16.0,no_claim,,0,0
00-0034824,Martinas Rankin,2018,OL,<=24,10.0,16.0,no_claim,,0,0
00-0034833,Isaiah Wynn,2018,OL,<=24,,,no_claim,,0,0
00-0034836,Braden Smith,2018,OL,<=24,17.0,16.0,no_claim,,0,0
00-0034838,Royce Freeman,2018,RB,<=24,14.0,16.0,excluded_sub_threshold,2.0,0,0
00-0034844,Saquon Barkley,2018,RB,<=24,16.0,16.0,no_claim,,0,0
00-0034845,Sony Michel,2018,RB,<=24,13.0,16.0,excluded_sub_threshold,3.0,0,0
00-0034847,Mike McGlinchey,2018,OL,<=24,16.0,16.0,no_claim,,0,0
00-0034855,Baker Mayfield,2018,QB,<=24,14.0,16.0,no_claim,,0,0
00-0034857,Josh Allen,2018,QB,<=24,12.0,16.0,excluded_sub_threshold,4.0,0,0
00-0034869,Sam Darnold,2018,QB,<=24,13.0,16.0,excluded_sub_threshold,3.0,0,0
00-0034899,John Wolford,2018,QB,<=24,,,no_claim,,0,0
00-0019596,Tom Brady,2019,QB,31+,16.0,16.0,no_claim,,0,0
00-0020531,Drew Brees,2019,QB,31+,11.0,16.0,excluded_sub_threshold,5.0,0,0
00-0021206,Josh McCown,2019,QB,31+,2.0,16.0,no_claim,,0,0
00-0022531,Jason Peters,2019,OL,31+,14.0,16.0,excluded_sub_threshold,2.0,0,0
00-0022787,Matt Schaub,2019,QB,31+,5.0,16.0,no_claim,,0,0
00-0022803,Eli Manning,2019,QB,31+,4.0,16.0,no_claim,,0,0
00-0022924,Ben Roethlisberger,2019,QB,31+,2.0,16.0,no_claim,,0,0
00-0022942,Philip Rivers,2019,QB,31+,16.0,16.0,no_claim,,0,0
00-0023436,Alex Smith,2019,QB,31+,,,no_claim,,0,0
00-0023459,Aaron Rodgers,2019,QB,31+,16.0,16.0,no_claim,,0,0
00-0023500,Frank Gore,2019,RB,31+,15.0,16.0,no_claim,,0,0
00-0023516,Richie Incognito,2019,OL,31+,12.0,16.0,excluded_sub_threshold,4.0,0,0
00-0023564,Darren Sproles,2019,RB,31+,6.0,16.0,PTD,10.0,1,0
00-0023682,Ryan Fitzpatrick,2019,QB,31+,15.0,16.0,no_claim,,0,0
00-0023894,Donald Penn,2019,OL,31+,16.0,16.0,no_claim,,0,0
00-0024270,Andrew Whitworth,2019,OL,31+,16.0,16.0,no_claim,,0,0
00-0025394,Adrian Peterson,2019,RB,31+,15.0,16.0,no_claim,,0,0
00-0025399,Marshawn Lynch,2019,RB,31+,1.0,16.0,no_claim,,0,0
00-0025415,Joe Staley,2019,OL,31+,10.0,16.0,PTD,6.0,1,0
00-0025430,Drew Stanton,2019,QB,31+,,,no_claim,,0,0
00-0025446,Ryan Kalil,2019,OL,31+,7.0,16.0,PTD,9.0,1,0
00-0025473,Marshal Yanda,2019,OL,31+,16.0,16.0,no_claim,,0,0
00-0025708,Matt Moore,2019,QB,31+,6.0,16.0,no_claim,,0,0
00-0025900,Chris Clark,2019,OL,31+,9.0,16.0,no_claim,,0,0
00-0026143,Matt Ryan,2019,QB,31+,15.0,16.0,no_claim,,0,0
00-0026158,Joe Flacco,2019,QB,31+,8.0,16.0,no_claim,,0,0
00-0026166,Duane Brown,2019,OL,31+,13.0,16.0,excluded_sub_threshold,3.0,0,0
00-0026197,Chad Henne,2019,QB,31+,,,no_claim,,0,0
00-0026300,Josh Johnson,2019,QB,31+,,,no_claim,,0,0
00-0026498,Matthew Stafford,2019,QB,31+,8.0,16.0,TTD,8.0,0,1
00-0026544,Chase Daniel,2019,QB,31+,3.0,16.0,no_claim,,0,0
00-0026561,Ramon Foster,2019,OL,31+,14.0,16.0,excluded_sub_threshold,2.0,0,0
00-0026625,Brian Hoyer,2019,QB,31+,4.0,16.0,no_claim,,0,0
00-0026814,Demar Dotson,2019,OL,31+,15.0,16.0,no_claim,,0,0
00-0026950,A.Q. Shipley,2019,OL,31+,16.0,16.0,no_claim,,0,0
00-0026982,Andre Smith,2019,OL,31+,6.0,16.0,PTD,10.0,1,0
00-0026997,Alex Mack,2019,OL,31+,16.0,16.0,no_claim,,0,0
00-0027029,LeSean McCoy,2019,RB,31+,13.0,16.0,no_claim,,0,0
00-0027282,Ben Garland,2019,OL,31+,11.0,16.0,no_claim,,0,0
00-0027607,Ted Larsen,2019,OL,31+,7.0,16.0,PTD,9.0,1,0
00-0027609,J'Marcus Webb,2019,OL,31+,11.0,16.0,no_claim,,0,0
00-0027648,Rodger Saffold,2019,OL,31+,19.0,16.0,no_claim,,0,0
00-0027674,Jared Veldheer,2019,OL,31+,2.0,16.0,no_claim,,0,0
00-0027678,John Jerry,2019,OL,31+,9.0,16.0,no_claim,,0,0
00-0027688,Colt McCoy,2019,QB,31+,1.0,16.0,PTD,15.0,1,0
00-0027768,Marshall Newhouse,2019,OL,31+,14.0,16.0,no_claim,,0,0
00-0027778,Sam Young,2019,OL,31+,1.0,16.0,no_claim,,0,0
00-0027796,Joe Webb,2019,QB,31+,,,no_claim,,0,0
00-0027857,Trent Williams,2019,OL,31+,,,no_claim,,0,0
00-0027859,Russell Okung,2019,OL,31+,6.0,16.0,PTD,10.0,1,0
00-0027869,Mike Iupati,2019,OL,31+,16.0,16.0,no_claim,,0,0
00-0027870,Maurkice Pouncey,2019,OL,31+,13.0,16.0,excluded_sub_threshold,3.0,0,0
00-0027875,Bryan Bulaga,2019,OL,31+,17.0,16.0,no_claim,,0,0
00-0027925,James Develin,2019,RB,31+,1.0,16.0,PTD,15.0,1,0
00-0027939,Cam Newton,2019,QB,31+,2.0,16.0,TTD,14.0,0,1
00-0027947,Tyron Smith,2019,OL,28-30,13.0,16.0,excluded_sub_threshold,3.0,0,0
00-0027948,Blaine Gabbert,2019,QB,28-30,,,no_claim,,0,0
00-0027953,Mike Pouncey,2019,OL,31+,5.0,16.0,no_claim,,0,0
00-0027955,Nate Solder,2019,OL,31+,16.0,16.0,no_claim,,0,0
00-0027960,Anthony Castonzo,2019,OL,31+,16.0,16.0,no_claim,,0,0
00-0027963,James Carpenter,2019,OL,31+,11.0,16.0,excluded_sub_threshold,5.0,0,0
00-0027966,Mark Ingram,2019,RB,28-30,15.0,16.0,no_claim,,0,0
00-0027973,Andy Dalton,2019,QB,31+,13.0,16.0,no_claim,,0,0
00-0027986,Stefen Wisniewski,2019,OL,31+,12.0,16.0,no_claim,,0,0
00-0027987,Ben Ijalana,2019,OL,31+,,,no_claim,,0,0
00-0027993,Rodney Hudson,2019,OL,31+,15.0,16.0,no_claim,,0,0
00-0028001,Marcus Gilbert,2019,OL,31+,,,no_claim,,0,0
00-0028063,Taiwan Jones,2019,RB,31+,1.0,16.0,PTD,15.0,1,0
00-0028064,Bilal Powell,2019,RB,31+,12.0,16.0,excluded_sub_threshold,4.0,0,0
00-0028074,Anthony Sherman,2019,RB,31+,4.0,16.0,no_claim,,0,0
00-0028076,Marcus Cannon,2019,OL,31+,16.0,16.0,no_claim,,0,0
00-0028087,Dion Lewis,2019,RB,28-30,15.0,16.0,no_claim,,0,0
00-0028101,Daniel Kilgore,2019,OL,31+,13.0,16.0,excluded_sub_threshold,3.0,0,0
00-0028118,Tyrod Taylor,2019,QB,31+,4.0,16.0,no_claim,,0,0
00-0028129,Jason Kelce,2019,OL,31+,17.0,16.0,no_claim,,0,0
00-0028177,Mike Person,2019,OL,31+,,,no_claim,,0,0
00-0028240,Kenny Wiggins,2019,OL,31+,14.0,16.0,no_claim,,0,0
00-0028292,Nick Bellore,2019,RB,31+,2.0,16.0,PTD,14.0,1,0
00-0028581,Patrick DiMarco,2019,RB,31+,6.0,16.0,no_claim,,0,0
00-0028986,Case Keenum,2019,QB,31+,10.0,16.0,PTD,6.0,1,0
00-0029010,Ronald Leary,2019,OL,31+,12.0,16.0,excluded_sub_threshold,4.0,0,0
00-0029141,Alfred Morris,2019,RB,31+,1.0,16.0,no_claim,,0,0
00-0029144,Tom Compton,2019,OL,31+,8.0,16.0,TTD,8.0,0,1
00-0029146,J.R. Sweezy,2019,OL,31+,16.0,16.0,no_claim,,0,0
00-0029151,Matt Simms,2019,QB,31+,,,no_claim,,0,0
00-0029164,Mike Remmers,2019,OL,31+,14.0,16.0,excluded_sub_threshold,2.0,0,0
00-0029239,Brandon Bolden,2019,RB,28-30,9.0,16.0,TTD,7.0,0,1
00-0029253,Mitchell Schwartz,2019,OL,31+,19.0,16.0,no_claim,,0,0
00-0029259,Kelechi Osemele,2019,OL,31+,3.0,16.0,PTD,13.0,1,0
00-0029263,Russell Wilson,2019,QB,31+,16.0,16.0,no_claim,,0,0
00-0029273,Robert Turbin,2019,RB,28-30,,,no_claim,,0,0
00-0029278,Joe Looney,2019,OL,28-30,4.0,16.0,no_claim,,0,0
00-0029316,Kelvin Beachum,2019,OL,31+,13.0,16.0,excluded_sub_threshold,3.0,0,0
00-0029413,Ben Jones,2019,OL,31+,18.0,16.0,no_claim,,0,0
00-0029419,Dennis Kelly,2019,OL,28-30,15.0,16.0,no_claim,,0,0
00-0029492,Jamize Olawale,2019,RB,31+,2.0,16.0,no_claim,,0,0
00-0029524,Jeff Allen,2019,OL,28-30,3.0,16.0,no_claim,,0,0
00-0029528,Bobby Massie,2019,OL,31+,10.0,16.0,TTD,6.0,0,1
00-0029546,Senio Kelemete,2019,OL,28-30,1.0,16.0,no_claim,,0,0
00-0029561,Cordy Glenn,2019,OL,28-30,6.0,16.0,PTD,10.0,1,0
00-0029567,Nick Foles,2019,QB,31+,4.0,16.0,no_claim,,0,0
00-0029592,Kevin Zeitler,2019,OL,28-30,15.0,16.0,no_claim,,0,0
00-0029604,Kirk Cousins,2019,QB,31+,15.0,16.0,no_claim,,0,0
00-0029615,Lamar Miller,2019,RB,28-30,,,no_claim,,0,0
00-0029623,Alex Tanney,2019,QB,31+,1.0,16.0,no_claim,,0,0
00-0029665,Robert Griffin,2019,QB,28-30,6.0,16.0,no_claim,,0,0
00-0029672,Riley Reiff,2019,OL,31+,17.0,16.0,no_claim,,0,0
00-0029678,David DeCastro,2019,OL,28-30,16.0,16.0,no_claim,,0,0
00-0029679,Brandon Brooks,2019,OL,31+,16.0,16.0,no_claim,,0,0
00-0029685,Greg Van Roten,2019,OL,28-30,11.0,16.0,no_claim,,0,0
00-0029699,Tony Bergstrom,2019,OL,31+,13.0,16.0,no_claim,,0,0
00-0029701,Ryan Tannehill,2019,QB,31+,12.0,16.0,no_claim,,0,0
00-0029709,Ty Nsekhe,2019,OL,31+,11.0,16.0,excluded_sub_threshold,5.0,0,0
00-0029762,John Wetzel,2019,OL,28-30,2.0,16.0,no_claim,,0,0
00-0029854,C.J. Anderson,2019,RB,28-30,2.0,16.0,no_claim,,0,0
00-0029857,Ryan Griffin,2019,QB,28-30,2.0,16.0,no_claim,,0,0
00-0029886,LaAdrian Waddle,2019,OL,28-30,,,no_claim,,0,0
00-0029889,Patrick Omameh,2019,OL,28-30,11.0,16.0,no_claim,,0,0
00-0029892,Kyle Juszczyk,2019,RB,28-30,9.0,16.0,TTD,7.0,0,1
00-0029893,Rick Wagner,2019,OL,28-30,,,no_claim,,0,0
00-0029895,Ryan Jensen,2019,OL,28-30,16.0,16.0,no_claim,,0,0
00-0029931,Zach Line,2019,RB,28-30,8.0,16.0,PTD,8.0,1,0
00-0029963,Chris Hubbard,2019,OL,28-30,14.0,16.0,no_claim,,0,0
00-0029992,Josh Kline,2019,OL,28-30,15.0,16.0,no_claim,,0,0
00-0030011,Jordan Devey,2019,OL,31+,4.0,16.0,no_claim,,0,0
00-0030046,Jordan Mills,2019,OL,28-30,2.0,16.0,PTD,14.0,1,0
00-0030065,Larry Warford,2019,OL,28-30,16.0,16.0,no_claim,,0,0
00-0030066,Brian Winters,2019,OL,28-30,9.0,16.0,no_claim,,0,0
00-0030067,Terron Armstead,2019,OL,28-30,16.0,16.0,no_claim,,0,0
00-0030074,David Bakhtiari,2019,OL,28-30,18.0,16.0,no_claim,,0,0
00-0030076,JC Tretter,2019,OL,28-30,,,no_claim,,0,0
00-0030083,Oday Aboushi,2019,OL,28-30,5.0,16.0,no_claim,,0,0
00-0030094,Eric Kush,2019,OL,28-30,7.0,16.0,no_claim,,0,0
00-0030107,Theo Riddick,2019,RB,28-30,,,no_claim,,0,0
00-0030273,Lane Taylor,2019,OL,28-30,2.0,16.0,PTD,14.0,1,0
00-0030288,Rex Burkhead,2019,RB,28-30,13.0,16.0,excluded_sub_threshold,3.0,0,0
00-0030404,Chris Thompson,2019,RB,28-30,11.0,16.0,excluded_sub_threshold,5.0,0,0
00-0030414,Spencer Ware,2019,RB,28-30,3.0,16.0,no_claim,,0,0
00-0030441,Kyle Long,2019,OL,31+,4.0,16.0,no_claim,,0,0
00-0030456,Giovani Bernard,2019,RB,28-30,16.0,16.0,no_claim,,0,0
00-0030465,Kenjon Barner,2019,RB,31+,8.0,16.0,PTD,8.0,1,0
00-0030496,Le'Veon Bell,2019,RB,28-30,15.0,16.0,no_claim,,0,0
00-0030504,Earl Watford,2019,OL,28-30,9.0,16.0,no_claim,,0,0
00-0030505,D.J. Fluker,2019,OL,28-30,16.0,16.0,no_claim,,0,0
00-0030513,Latavius Murray,2019,RB,28-30,16.0,16.0,no_claim,,0,0
00-0030520,Mike Glennon,2019,QB,28-30,2.0,16.0,no_claim,,0,0
00-0030533,Matt Barkley,2019,QB,28-30,2.0,16.0,no_claim,,0,0
00-0030546,Travis Frederick,2019,OL,28-30,16.0,16.0,no_claim,,0,0
00-0030561,Lane Johnson,2019,OL,28-30,12.0,16.0,excluded_sub_threshold,4.0,0,0
00-0030565,Geno Smith,2019,QB,28-30,,,no_claim,,0,0
00-0030584,Eric Fisher,2019,OL,28-30,11.0,16.0,excluded_sub_threshold,5.0,0,0
00-0030585,Justin Pugh,2019,OL,28-30,16.0,16.0,no_claim,,0,0
00-0030590,Jonathan Cooper,2019,OL,28-30,,,no_claim,,0,0
00-0030621,Michael Ola,2019,OL,31+,1.0,16.0,no_claim,,0,0
00-0030629,Jeremy Vujnovich,2019,OL,28-30,,,no_claim,,0,0
00-0030648,Alejandro Villanueva,2019,OL,31+,16.0,16.0,no_claim,,0,0
00-0030649,Jonotthan Harrison,2019,OL,28-30,14.0,16.0,no_claim,,0,0
00-0030656,Isaiah Crowell,2019,RB,25-27,,,no_claim,,0,0
00-0030694,James Hurst,2019,OL,28-30,12.0,16.0,no_claim,,0,0
00-0030706,Josh Andrews,2019,OL,28-30,4.0,16.0,no_claim,,0,0
00-0030711,David Fluellen,2019,RB,28-30,,,no_claim,,0,0
00-0030725,Cornelius Lucas,2019,OL,28-30,14.0,16.0,no_claim,,0,0
00-0030741,Roosevelt Nix,2019,RB,28-30,2.0,16.0,PTD,14.0,1,0
00-0030781,Trey Hopkins,2019,OL,28-30,16.0,16.0,no_claim,,0,0
00-0030792,Justin McCray,2019,OL,28-30,14.0,16.0,no_claim,,0,0
00-0030827,Tyler Shatley,2019,OL,28-30,2.0,16.0,no_claim,,0,0
00-0030829,Josh Wells,2019,OL,28-30,10.0,16.0,no_claim,,0,0
00-0030869,Tyler Larsen,2019,OL,28-30,5.0,16.0,no_claim,,0,0
00-0030874,Damien Williams,2019,RB,28-30,11.0,16.0,excluded_sub_threshold,5.0,0,0
00-0030937,Zac Kerin,2019,OL,28-30,,,no_claim,,0,0
00-0030968,Keith Smith,2019,RB,28-30,6.0,16.0,no_claim,,0,0
00-0030997,Zach Fulton,2019,OL,28-30,17.0,16.0,no_claim,,0,0
00-0031017,Dakota Dozier,2019,OL,28-30,12.0,16.0,no_claim,,0,0
00-0031019,Corey Linsley,2019,OL,28-30,18.0,16.0,no_claim,,0,0
00-0031022,Laurent Duvernay-Tardif,2019,OL,28-30,17.0,16.0,no_claim,,0,0
00-0031029,Seantrel Henderson,2019,OL,28-30,2.0,16.0,PTD,14.0,1,0
00-0031031,Brent Qvale,2019,OL,28-30,2.0,16.0,no_claim,,0,0
00-0031039,James Ferentz,2019,OL,31+,8.0,16.0,no_claim,,0,0
00-0031045,Carlos Hyde,2019,RB,28-30,16.0,16.0,no_claim,,0,0
00-0031047,Spencer Long,2019,OL,28-30,7.0,16.0,no_claim,,0,0
00-0031062,James White,2019,RB,28-30,15.0,16.0,no_claim,,0,0
00-0031067,Cameron Fleming,2019,OL,25-27,9.0,16.0,TTD,7.0,0,1
00-0031075,Alfred Blue,2019,RB,28-30,,,no_claim,,0,0
00-0031076,David Fales,2019,QB,28-30,1.0,16.0,no_claim,,0,0
00-0031095,Charles Leno Jr.,2019,OL,28-30,16.0,16.0,no_claim,,0,0
00-0031122,Andrew Norwell,2019,OL,28-30,16.0,16.0,no_claim,,0,0
00-0031128,Ryan Groy,2019,OL,28-30,8.0,16.0,no_claim,,0,0
00-0031142,Matt Feiler,2019,OL,28-30,16.0,16.0,no_claim,,0,0
00-0031152,Bryan Witzmann,2019,OL,28-30,2.0,16.0,no_claim,,0,0
00-0031182,Kevin Pamphile,2019,OL,28-30,,,no_claim,,0,0
00-0031185,Jon Halapio,2019,OL,28-30,15.0,16.0,no_claim,,0,0
00-0031209,Senorise Perry,2019,RB,28-30,1.0,16.0,no_claim,,0,0
00-0031237,Teddy Bridgewater,2019,QB,25-27,9.0,16.0,no_claim,,0,0
00-0031238,Weston Richburg,2019,OL,28-30,13.0,16.0,no_claim,,0,0
00-0031279,Jake Matthews,2019,OL,28-30,16.0,16.0,no_claim,,0,0
00-0031280,Derek Carr,2019,QB,28-30,16.0,16.0,no_claim,,0,0
00-0031282,Justin Britt,2019,OL,28-30,8.0,16.0,no_claim,,0,0
00-0031285,Devonta Freeman,2019,RB,28-30,14.0,16.0,excluded_sub_threshold,2.0,0,0
00-0031288,A.J. McCarron,2019,QB,28-30,2.0,16.0,no_claim,,0,0
00-0031305,Brandon Thomas,2019,OL,28-30,,,no_claim,,0,0
00-0031306,Russell Bodine,2019,OL,28-30,,,no_claim,,0,0
00-0031330,Morgan Moses,2019,OL,28-30,16.0,16.0,no_claim,,0,0
00-0031337,Marcus Martin,2019,OL,25-27,,,no_claim,,0,0
00-0031345,Jimmy Garoppolo,2019,QB,28-30,16.0,16.0,no_claim,,0,0
00-0031349,Matt Paradis,2019,OL,28-30,16.0,16.0,no_claim,,0,0
00-0031353,Michael Schofield,2019,OL,28-30,16.0,16.0,no_claim,,0,0
00-0031362,Trai Turner,2019,OL,25-27,13.0,16.0,excluded_sub_threshold,3.0,0,0
00-0031367,Gabe Jackson,2019,OL,28-30,11.0,16.0,excluded_sub_threshold,5.0,0,0
00-0031369,Brandon Linder,2019,OL,28-30,16.0,16.0,no_claim,,0,0
00-0031376,Jerick McKinnon,2019,RB,28-30,,,no_claim,,0,0
00-0031386,Greg Robinson,2019,OL,25-27,14.0,16.0,no_claim,,0,0
00-0031395,Garrett Gilbert,2019,QB,28-30,5.0,16.0,no_claim,,0,0
00-0031402,Zack Martin,2019,OL,28-30,16.0,16.0,no_claim,,0,0
00-0031407,Blake Bortles,2019,QB,28-30,2.0,16.0,no_claim,,0,0
00-0031410,Xavier Su'a-Filo,2019,OL,28-30,6.0,16.0,no_claim,,0,0
00-0031417,Ja'Wuan James,2019,OL,28-30,3.0,16.0,PTD,13.0,1,0
00-0031426,Joel Bitonio,2019,OL,28-30,16.0,16.0,no_claim,,0,0
00-0031433,Billy Turner,2019,OL,28-30,18.0,16.0,no_claim,,0,0
00-0031442,Taylor Lewan,2019,OL,28-30,15.0,16.0,no_claim,,0,0
00-0031489,Brett Jones,2019,OL,28-30,1.0,16.0,no_claim,,0,0
00-0031503,Jameis Winston,2019,QB,25-27,16.0,16.0,no_claim,,0,0
00-0031534,La'el Collins,2019,OL,25-27,15.0,16.0,no_claim,,0,0
00-0031561,Hroniss Grasu,2019,OL,28-30,1.0,16.0,no_claim,,0,0
00-0031567,Daryl Williams,2019,OL,28-30,16.0,16.0,no_claim,,0,0
00-0031572,T.J. Clemmings,2019,OL,28-30,,,no_claim,,0,0
00-0031575,Jamil Douglas,2019,OL,28-30,11.0,16.0,no_claim,,0,0
00-0031577,Javorius Allen,2019,RB,28-30,3.0,16.0,no_claim,,0,0
00-0031580,Shaquille Mason,2019,OL,25-27,16.0,16.0,no_claim,,0,0
00-0031581,Mark Glowinski,2019,OL,28-30,16.0,16.0,no_claim,,0,0
00-0031589,Brett Hundley,2019,QB,25-27,3.0,16.0,no_claim,,0,0
00-0031590,Jay Ajayi,2019,RB,25-27,3.0,16.0,no_claim,,0,0
00-0031595,Michael Burton,2019,RB,28-30,1.0,16.0,no_claim,,0,0
00-0031621,Jake Rodgers,2019,OL,28-30,3.0,16.0,no_claim,,0,0
00-0031622,Bobby Hart,2019,OL,25-27,16.0,16.0,no_claim,,0,0
00-0031632,Denzelle Good,2019,OL,28-30,7.0,16.0,no_claim,,0,0
00-0031665,Zach Zenner,2019,RB,28-30,3.0,16.0,no_claim,,0,0
00-0031687,Raheem Mostert,2019,RB,28-30,15.0,16.0,no_claim,,0,0
00-0031722,Michael Liedtke,2019,OL,28-30,,,no_claim,,0,0
00-0031734,Chris Reed,2019,OL,28-30,5.0,16.0,no_claim,,0,0
00-0031765,Nick Easton,2019,OL,28-30,8.0,16.0,no_claim,,0,0
00-0031779,B.J. Finney,2019,OL,28-30,12.0,16.0,no_claim,,0,0
00-0031806,Malcolm Brown,2019,RB,25-27,13.0,16.0,excluded_sub_threshold,3.0,0,0
00-0031852,David Andrews,2019,OL,28-30,,,no_claim,,0,0
00-0031893,Jesse Davis,2019,OL,28-30,15.0,16.0,no_claim,,0,0
00-0031900,Rod Smith,2019,RB,28-30,,,no_claim,,0,0
00-0031921,Kendall Lamm,2019,OL,28-30,3.0,16.0,TTD,13.0,0,1
00-0031923,Greg Mancz,2019,OL,28-30,5.0,16.0,PTD,11.0,1,0
00-0031928,Chad Slade,2019,OL,28-30,,,no_claim,,0,0
00-0031936,Mitch Morse,2019,OL,28-30,17.0,16.0,no_claim,,0,0
00-0031958,Austin Reiter,2019,OL,28-30,19.0,16.0,no_claim,,0,0
00-0031959,Marcus Murphy,2019,RB,28-30,,,no_claim,,0,0
00-0032043,Quinton Spain,2019,OL,28-30,17.0,16.0,no_claim,,0,0
00-0032053,Brandon Scherff,2019,OL,28-30,11.0,16.0,excluded_sub_threshold,5.0,0,0
00-0032058,Tevin Coleman,2019,RB,25-27,14.0,16.0,excluded_sub_threshold,2.0,0,0
00-0032063,Mike Davis,2019,RB,25-27,5.0,16.0,no_claim,,0,0
00-0032067,Ian Silberman,2019,OL,25-27,,,no_claim,,0,0
00-0032068,Malcolm Johnson,2019,RB,28-30,,,no_claim,,0,0
00-0032071,Trent Brown,2019,OL,25-27,11.0,16.0,excluded_sub_threshold,5.0,0,0
00-0032104,Ameer Abdullah,2019,RB,25-27,11.0,16.0,no_claim,,0,0
00-0032132,Max Garcia,2019,OL,28-30,0.0,16.0,no_claim,,0,0
00-0032144,Melvin Gordon,2019,RB,25-27,12.0,16.0,no_claim,,0,0
00-0032145,Cameron Erving,2019,OL,28-30,11.0,16.0,no_claim,,0,0
00-0032147,Ty Sambrailo,2019,OL,28-30,10.0,16.0,TTD,6.0,0,1
00-0032149,John Miller,2019,OL,25-27,13.0,16.0,excluded_sub_threshold,3.0,0,0
00-0032151,Jon Feliciano,2019,OL,28-30,17.0,16.0,no_claim,,0,0
00-0032156,Trevor Siemian,2019,QB,28-30,1.0,16.0,no_claim,,0,0
00-0032187,David Johnson,2019,RB,28-30,12.0,16.0,no_claim,,0,0
00-0032200,Ty Montgomery,2019,RB,25-27,12.0,16.0,no_claim,,0,0
00-0032203,Andrus Peat,2019,OL,25-27,11.0,16.0,excluded_sub_threshold,5.0,0,0
00-0032204,Chaz Green,2019,OL,28-30,,,no_claim,,0,0
00-0032209,T.J. Yeldon,2019,RB,25-27,4.0,16.0,no_claim,,0,0
00-0032217,Donovan Smith,2019,OL,25-27,15.0,16.0,no_claim,,0,0
00-0032222,D.J. Humphries,2019,OL,25-27,16.0,16.0,no_claim,,0,0
00-0032233,Cedric Ogbuehi,2019,OL,28-30,12.0,16.0,excluded_sub_threshold,4.0,0,0
00-0032234,Laken Tomlinson,2019,OL,28-30,19.0,16.0,no_claim,,0,0
00-0032241,Todd Gurley,2019,RB,25-27,15.0,16.0,no_claim,,0,0
00-0032242,Rob Havenstein,2019,OL,28-30,9.0,16.0,TTD,7.0,0,1
00-0032243,Ali Marpet,2019,OL,25-27,16.0,16.0,no_claim,,0,0
00-0032244,Jamon Brown,2019,OL,25-27,10.0,16.0,PTD,6.0,1,0
00-0032245,Sean Mannion,2019,QB,28-30,3.0,16.0,no_claim,,0,0
00-0032246,Andrew Donnal,2019,OL,28-30,0.0,16.0,PTD,16.0,1,0
00-0032247,Cody Wichmann,2019,OL,28-30,,,no_claim,,0,0
00-0032255,A.J. Cann,2019,OL,28-30,16.0,16.0,no_claim,,0,0
00-0032257,Duke Johnson,2019,RB,25-27,16.0,16.0,no_claim,,0,0
00-0032259,Ereck Flowers,2019,OL,25-27,16.0,16.0,no_claim,,0,0
00-0032268,Marcus Mariota,2019,QB,25-27,7.0,16.0,no_claim,,0,0
00-0032297,Kitt O'Brien,2019,OL,28-30,,,no_claim,,0,0
00-0032354,Adam Redmond,2019,OL,25-27,,,no_claim,,0,0
00-0032375,Joe Kerridge,2019,RB,25-27,,,no_claim,,0,0
00-0032377,Josh Ferguson,2019,RB,25-27,1.0,16.0,no_claim,,0,0
00-0032380,Laremy Tunsil,2019,OL,25-27,16.0,16.0,no_claim,,0,0
00-0032381,Taylor Decker,2019,OL,25-27,15.0,16.0,no_claim,,0,0
00-0032383,Ryan Kelly,2019,OL,25-27,16.0,16.0,no_claim,,0,0
00-0032384,Germain Ifedi,2019,OL,25-27,18.0,16.0,no_claim,,0,0
00-0032391,Joe Thuney,2019,OL,25-27,17.0,16.0,no_claim,,0,0
00-0032393,C.J. Prosise,2019,RB,25-27,8.0,16.0,no_claim,,0,0
00-0032395,Graham Glasgow,2019,OL,28-30,15.0,16.0,no_claim,,0,0
00-0032404,Tyler Ervin,2019,RB,25-27,2.0,16.0,no_claim,,0,0
00-0032405,Willie Beavers,2019,OL,25-27,,,no_claim,,0,0
00-0032407,Alex Lewis,2019,OL,28-30,12.0,16.0,excluded_sub_threshold,4.0,0,0
00-0032411,Kenneth Dixon,2019,RB,25-27,,,no_claim,,0,0
00-0032418,Joe Dahl,2019,OL,25-27,13.0,16.0,excluded_sub_threshold,3.0,0,0
00-0032419,Joe Haeg,2019,OL,25-27,11.0,16.0,no_claim,,0,0
00-0032420,Brandon Shell,2019,OL,28-30,14.0,16.0,no_claim,,0,0
00-0032432,Wes Schweitzer,2019,OL,25-27,14.0,16.0,excluded_sub_threshold,2.0,0,0
00-0032434,Brandon Allen,2019,QB,25-27,3.0,16.0,no_claim,,0,0
00-0032436,Jeff Driskel,2019,QB,25-27,3.0,16.0,no_claim,,0,0
00-0032443,Joey Hunt,2019,OL,25-27,14.0,16.0,excluded_sub_threshold,2.0,0,0
00-0032445,Ted Karras,2019,OL,25-27,16.0,16.0,no_claim,,0,0
00-0032450,Dwayne Washington,2019,RB,25-27,4.0,16.0,no_claim,,0,0
00-0032455,Austin Blythe,2019,OL,28-30,15.0,16.0,no_claim,,0,0
00-0032459,Aaron Neary,2019,OL,25-27,,,no_claim,,0,0
00-0032466,George Fant,2019,OL,28-30,18.0,16.0,no_claim,,0,0
00-0032520,Rashod Hill,2019,OL,28-30,10.0,16.0,no_claim,,0,0
00-0032528,Justin Murray,2019,OL,25-27,14.0,16.0,no_claim,,0,0
00-0032540,Tra Carson,2019,RB,25-27,2.0,16.0,no_claim,,0,0
00-0032549,Alex Redmond,2019,OL,25-27,3.0,16.0,PTD,13.0,1,0
00-0032575,Matt Skura,2019,OL,25-27,11.0,16.0,no_claim,,0,0
00-0032577,D.J. Foster,2019,RB,25-27,,,no_claim,,0,0
00-0032602,J.D. McKissic,2019,RB,25-27,15.0,16.0,no_claim,,0,0
00-0032658,Josh Woodrum,2019,QB,25-27,,,no_claim,,0,0
00-0032680,Pace Murphy,2019,OL,25-27,,,no_claim,,0,0
00-0032701,Jake Brendel,2019,OL,25-27,,,no_claim,,0,0
00-0032741,Peyton Barber,2019,RB,25-27,16.0,16.0,no_claim,,0,0
00-0032764,Derrick Henry,2019,RB,25-27,15.0,16.0,no_claim,,0,0
00-0032766,Jason Spriggs,2019,OL,25-27,,,no_claim,,0,0
00-0032768,Cody Whitehair,2019,OL,28-30,16.0,16.0,no_claim,,0,0
00-0032771,Parker Ehinger,2019,OL,25-27,2.0,16.0,no_claim,,0,0
00-0032777,Evan Boehm,2019,OL,25-27,10.0,16.0,no_claim,,0,0
00-0032779,Caleb Benenoch,2019,OL,25-27,0.0,16.0,no_claim,,0,0
00-0032780,Jordan Howard,2019,RB,25-27,9.0,16.0,no_claim,,0,0
00-0032782,Wendell Smallwood,2019,RB,25-27,11.0,16.0,no_claim,,0,0
00-0032785,Halapoulivaati Vaitai,2019,OL,25-27,16.0,16.0,no_claim,,0,0
00-0032792,Nate Sudfeld,2019,QB,25-27,,,no_claim,,0,0
00-0032794,Dan Vitale,2019,RB,25-27,9.0,16.0,PTD,7.0,1,0
00-0032813,Elijhaa Penny,2019,RB,25-27,8.0,16.0,no_claim,,0,0
00-0032827,Leonard Wester,2019,OL,25-27,,,no_claim,,0,0
00-0032897,Derek Watt,2019,RB,25-27,8.0,16.0,no_claim,,0,0
00-0032909,Dillon Gordon,2019,OL,25-27,,,no_claim,,0,0
00-0032911,Spencer Pulley,2019,OL,25-27,3.0,16.0,no_claim,,0,0
00-0032918,C.J. Ham,2019,RB,25-27,13.0,16.0,no_claim,,0,0
00-0032921,Zach Sterup,2019,OL,28-30,,,no_claim,,0,0
00-0032940,DeAndre Washington,2019,RB,25-27,16.0,16.0,no_claim,,0,0
00-0032950,Carson Wentz,2019,QB,25-27,16.0,16.0,no_claim,,0,0
00-0032954,Isaac Seumalo,2019,OL,25-27,17.0,16.0,no_claim,,0,0
00-0032956,Andy Janovich,2019,RB,25-27,4.0,16.0,PTD,12.0,1,0
00-0032965,Ronnie Stanley,2019,OL,25-27,15.0,16.0,no_claim,,0,0
00-0032969,Nick Martin,2019,OL,25-27,18.0,16.0,no_claim,,0,0
00-0032972,Devontae Booker,2019,RB,28-30,6.0,16.0,no_claim,,0,0
00-0032975,Jonathan Williams,2019,RB,25-27,4.0,16.0,PTD,12.0,1,0
00-0032976,Spencer Drango,2019,OL,25-27,,,no_claim,,0,0
00-0033011,Connor McGovern,2019,OL,25-27,16.0,16.0,no_claim,,0,0
00-0033025,Jalen Richard,2019,RB,25-27,16.0,16.0,no_claim,,0,0
00-0033045,Ezekiel Elliott,2019,RB,25-27,16.0,16.0,no_claim,,0,0
00-0033057,Jack Conklin,2019,OL,25-27,19.0,16.0,no_claim,,0,0
00-0033065,Le'Raven Clark,2019,OL,25-27,,,no_claim,,0,0
00-0033077,Dak Prescott,2019,QB,25-27,16.0,16.0,no_claim,,0,0
00-0033082,Lucas Patrick,2019,OL,25-27,9.0,16.0,no_claim,,0,0
00-0033085,Jerald Hawkins,2019,OL,25-27,1.0,16.0,no_claim,,0,0
00-0033097,Shon Coleman,2019,OL,28-30,,,no_claim,,0,0
00-0033098,Cardale Jones,2019,QB,25-27,,,no_claim,,0,0
00-0033104,Cody Kessler,2019,QB,25-27,,,no_claim,,0,0
00-0033106,Jared Goff,2019,QB,25-27,16.0,16.0,no_claim,,0,0
00-0033108,Paxton Lynch,2019,QB,25-27,,,no_claim,,0,0
00-0033118,Kenyan Drake,2019,RB,25-27,14.0,16.0,excluded_sub_threshold,2.0,0,0
00-0033119,Jacoby Brissett,2019,QB,25-27,15.0,16.0,no_claim,,0,0
00-0033151,Joshua Garnett,2019,OL,25-27,,,no_claim,,0,0
00-0033164,Troymaine Pope,2019,RB,25-27,2.0,16.0,no_claim,,0,0
00-0033221,Daniel Brunskill,2019,OL,25-27,11.0,16.0,no_claim,,0,0
00-0033245,Jake Eldrenkamp,2019,OL,25-27,,,no_claim,,0,0
00-0033275,Phillip Walker,2019,QB,25-27,,,no_claim,,0,0
00-0033280,Christian McCaffrey,2019,RB,<=24,16.0,16.0,no_claim,,0,0
00-0033284,Taylor Moton,2019,OL,25-27,16.0,16.0,no_claim,,0,0
00-0033290,Jermaine Eluemunor,2019,OL,25-27,7.0,16.0,no_claim,,0,0
00-0033293,Aaron Jones,2019,RB,25-27,16.0,16.0,no_claim,,0,0
00-0033296,Alex Armah,2019,RB,25-27,6.0,16.0,no_claim,,0,0
00-0033300,Conor McDermott,2019,OL,25-27,4.0,16.0,no_claim,,0,0
00-0033304,Devante Mays,2019,RB,25-27,,,no_claim,,0,0
00-0033308,Matt Breida,2019,RB,25-27,12.0,16.0,excluded_sub_threshold,4.0,0,0
00-0033319,Nick Mullens,2019,QB,25-27,1.0,16.0,no_claim,,0,0
00-0033326,Aviante Collins,2019,OL,25-27,1.0,16.0,no_claim,,0,0
00-0033357,Taysom Hill,2019,QB,28-30,16.0,16.0,no_claim,,0,0
00-0033359,Adam Pankey,2019,OL,25-27,2.0,16.0,no_claim,,0,0
00-0033374,Ricky Ortiz,2019,RB,25-27,1.0,16.0,no_claim,,0,0
00-0033376,Patrick Ricard,2019,RB,25-27,7.0,16.0,no_claim,,0,0
00-0033414,Eric Smith,2019,OL,<=24,2.0,16.0,no_claim,,0,0
00-0033446,Jordan Simmons,2019,OL,25-27,,,no_claim,,0,0
00-0033490,Ben Braden,2019,OL,25-27,0.0,16.0,no_claim,,0,0
00-0033500,Andrew Lauderdale,2019,OL,25-27,,,no_claim,,0,0
00-0033505,Cameron Tom,2019,OL,25-27,,,no_claim,,0,0
00-0033511,Sean Harlow,2019,OL,25-27,1.0,16.0,no_claim,,0,0
00-0033526,Samaje Perine,2019,RB,<=24,1.0,16.0,no_claim,,0,0
00-0033529,Chase Roullier,2019,OL,25-27,14.0,16.0,excluded_sub_threshold,2.0,0,0
00-0033537,Deshaun Watson,2019,QB,<=24,15.0,16.0,no_claim,,0,0
00-0033538,Garett Bolles,2019,OL,28-30,16.0,16.0,no_claim,,0,0
00-0033542,Forrest Lamp,2019,OL,25-27,7.0,16.0,no_claim,,0,0
00-0033553,James Conner,2019,RB,25-27,10.0,16.0,TTD,6.0,0,1
00-0033556,Tarik Cohen,2019,RB,25-27,16.0,16.0,no_claim,,0,0
00-0033560,Julie'n Davenport,2019,OL,25-27,,,no_claim,,0,0
00-0033567,Brian Hill,2019,RB,<=24,10.0,16.0,no_claim,,0,0
00-0033569,Roderick Johnson,2019,OL,<=24,16.0,16.0,no_claim,,0,0
00-0033578,Sam Tevi,2019,OL,25-27,14.0,16.0,excluded_sub_threshold,2.0,0,0
00-0033592,Kyle Fuller,2019,OL,25-27,,,no_claim,,0,0
00-0033594,Chris Carson,2019,RB,25-27,15.0,16.0,no_claim,,0,0
00-0033596,Matt Dayes,2019,RB,25-27,,,no_claim,,0,0
00-0033597,Chad Kelly,2019,QB,25-27,,,no_claim,,0,0
00-0033631,Rashaad Coward,2019,OL,25-27,11.0,16.0,excluded_sub_threshold,5.0,0,0
00-0033662,Cooper Rush,2019,QB,25-27,,,no_claim,,0,0
00-0033667,Cameron Hunt,2019,OL,25-27,,,no_claim,,0,0
00-0033672,Kyle Sloter,2019,QB,25-27,,,no_claim,,0,0
00-0033676,Elijah Wilkinson,2019,OL,25-27,15.0,16.0,no_claim,,0,0
00-0033699,Austin Ekeler,2019,RB,25-27,16.0,16.0,no_claim,,0,0
00-0033715,Jarron Jones,2019,OL,25-27,,,no_claim,,0,0
00-0033725,Corey Clement,2019,RB,25-27,,,no_claim,,0,0
00-0033740,Jordan Roos,2019,OL,25-27,1.0,16.0,no_claim,,0,0
00-0033744,Chad Wheeler,2019,OL,25-27,,,no_claim,,0,0
00-0033750,Leo Koloamatangi,2019,OL,25-27,,,no_claim,,0,0
00-0033752,Storm Norton,2019,OL,25-27,,,no_claim,,0,0
00-0033785,Zach Banner,2019,OL,25-27,14.0,16.0,no_claim,,0,0
00-0033789,T.J. Logan,2019,RB,25-27,5.0,16.0,PTD,11.0,1,0
00-0033793,Corey Levin,2019,OL,25-27,,,no_claim,,0,0
00-0033831,Andrew Wylie,2019,OL,25-27,11.0,16.0,excluded_sub_threshold,5.0,0,0
00-0033838,Trey Edmunds,2019,RB,25-27,6.0,16.0,no_claim,,0,0
00-0033854,Dare Ogunbowale,2019,RB,25-27,16.0,16.0,no_claim,,0,0
00-0033856,Leonard Fournette,2019,RB,25-27,15.0,16.0,no_claim,,0,0
00-0033863,Dan Skipper,2019,OL,25-27,5.0,16.0,no_claim,,0,0
00-0033869,Mitchell Trubisky,2019,QB,25-27,15.0,16.0,no_claim,,0,0
00-0033873,Patrick Mahomes,2019,QB,<=24,14.0,16.0,excluded_sub_threshold,2.0,0,0
00-0033888,Ryan Ramczyk,2019,OL,25-27,17.0,16.0,no_claim,,0,0
00-0033889,Cam Robinson,2019,OL,<=24,14.0,16.0,excluded_sub_threshold,2.0,0,0
00-0033893,Dalvin Cook,2019,RB,25-27,14.0,16.0,excluded_sub_threshold,2.0,0,0
00-0033897,Joe Mixon,2019,RB,<=24,16.0,16.0,no_claim,,0,0
00-0033899,DeShone Kizer,2019,QB,<=24,,,no_claim,,0,0
00-0033901,Ethan Pocic,2019,OL,25-27,3.0,16.0,TTD,13.0,0,1
00-0033904,Dion Dawkins,2019,OL,25-27,17.0,16.0,no_claim,,0,0
00-0033906,Alvin Kamara,2019,RB,25-27,14.0,16.0,excluded_sub_threshold,2.0,0,0
00-0033909,Pat Elflein,2019,OL,25-27,17.0,16.0,no_claim,,0,0
00-0033910,Dan Feeney,2019,OL,25-27,16.0,16.0,no_claim,,0,0
00-0033922,Antonio Garcia,2019,OL,25-27,,,no_claim,,0,0
00-0033923,Kareem Hunt,2019,RB,25-27,8.0,16.0,no_claim,,0,0
00-0033925,D'Onta Foreman,2019,RB,<=24,,,no_claim,,0,0
00-0033936,C.J. Beathard,2019,QB,25-27,,,no_claim,,0,0
00-0033946,David Sharpe,2019,OL,<=24,6.0,16.0,TTD,10.0,0,1
00-0033948,Jamaal Williams,2019,RB,25-27,14.0,16.0,excluded_sub_threshold,2.0,0,0
00-0033949,Joshua Dobbs,2019,QB,25-27,,,no_claim,,0,0
00-0033950,Wayne Gallman,2019,RB,25-27,9.0,16.0,TTD,7.0,0,1
00-0033951,Marlon Mack,2019,RB,<=24,14.0,16.0,excluded_sub_threshold,2.0,0,0
00-0033955,Jeremy McNichols,2019,RB,<=24,,,no_claim,,0,0
00-0033958,Nathan Peterman,2019,QB,25-27,,,no_claim,,0,0
00-0033960,Danny Isidora,2019,OL,25-27,3.0,16.0,no_claim,,0,0
00-0033995,Michael Dunn,2019,OL,25-27,,,no_claim,,0,0
00-0034026,Brandon Greene,2019,OL,25-27,,,no_claim,,0,0
00-0034058,Jon Toth,2019,OL,25-27,,,no_claim,,0,0
00-0034102,Timon Parris,2019,OL,<=24,0.0,16.0,no_claim,,0,0
00-0034109,Phillip Lindsay,2019,RB,25-27,16.0,16.0,no_claim,,0,0
00-0034112,Austin Schlottmann,2019,OL,<=24,7.0,16.0,no_claim,,0,0
00-0034114,Coleman Shelton,2019,OL,25-27,3.0,16.0,no_claim,,0,0
00-0034115,Jeff Wilson,2019,RB,<=24,8.0,16.0,no_claim,,0,0
00-0034118,Patrick Morris,2019,OL,25-27,1.0,16.0,no_claim,,0,0
00-0034131,Kurt Benkert,2019,QB,25-27,,,no_claim,,0,0
00-0034140,Matt Gono,2019,OL,<=24,2.0,16.0,TTD,14.0,0,1
00-0034142,J.C. Hassenauer,2019,OL,<=24,,,no_claim,,0,0
00-0034158,Brian O'Neill,2019,OL,<=24,17.0,16.0,no_claim,,0,0
00-0034164,Trenton Cannon,2019,RB,25-27,,,no_claim,,0,0
00-0034165,Colby Gossett,2019,OL,25-27,,,no_claim,,0,0
00-0034177,Tim Boyle,2019,QB,25-27,3.0,16.0,no_claim,,0,0
00-0034182,Randin Crecelius,2019,OL,<=24,,,no_claim,,0,0
00-0034184,Gus Edwards,2019,RB,25-27,16.0,16.0,no_claim,,0,0
00-0034186,Alex Light,2019,OL,<=24,8.0,16.0,no_claim,,0,0
00-0034200,Mark Thompson,2019,RB,25-27,,,no_claim,,0,0
00-0034201,De'Lance Turner,2019,RB,25-27,1.0,16.0,no_claim,,0,0
00-0034208,Mike Boone,2019,RB,25-27,5.0,16.0,no_claim,,0,0
00-0034253,Dontrell Hilliard,2019,RB,25-27,6.0,16.0,PTD,10.0,1,0
00-0034261,Austin Corbett,2019,OL,<=24,9.0,16.0,no_claim,,0,0
00-0034269,Cole Madison,2019,OL,25-27,,,no_claim,,0,0
00-0034280,Greg Senat,2019,OL,25-27,,,no_claim,,0,0
00-0034281,Bradley Bozeman,2019,OL,25-27,17.0,16.0,no_claim,,0,0
00-0034289,Ryan Hunter,2019,OL,25-27,1.0,16.0,no_claim,,0,0
00-0034291,Chase Litton,2019,QB,<=24,,,no_claim,,0,0
00-0034301,Darrel Williams,2019,RB,25-27,9.0,16.0,no_claim,,0,0
00-0034311,Johnny Stanton,2019,RB,25-27,,,no_claim,,0,0
00-0034331,Jaylen Samuels,2019,RB,<=24,13.0,16.0,excluded_sub_threshold,3.0,0,0
00-0034342,Quenton Nelson,2019,OL,<=24,16.0,16.0,no_claim,,0,0
00-0034343,Josh Rosen,2019,QB,<=24,5.0,16.0,no_claim,,0,0
00-0034345,Frank Ragnow,2019,OL,<=24,15.0,16.0,no_claim,,0,0
00-0034346,Will Hernandez,2019,OL,<=24,16.0,16.0,no_claim,,0,0
00-0034347,James Daniels,2019,OL,<=24,16.0,16.0,no_claim,,0,0
00-0034349,Kerryon Johnson,2019,RB,<=24,8.0,16.0,no_claim,,0,0
00-0034352,Connor Williams,2019,OL,<=24,11.0,16.0,excluded_sub_threshold,5.0,0,0
00-0034358,Derrius Guice,2019,RB,<=24,5.0,16.0,PTD,11.0,1,0
00-0034367,Nyheim Hines,2019,RB,<=24,16.0,16.0,no_claim,,0,0
00-0034378,Ito Smith,2019,RB,<=24,7.0,16.0,TTD,9.0,0,1
00-0034380,Will Richardson,2019,OL,<=24,14.0,16.0,no_claim,,0,0
00-0034390,Tyrell Crosby,2019,OL,<=24,9.0,16.0,no_claim,,0,0
00-0034392,Scott Quessenberry,2019,OL,25-27,12.0,16.0,no_claim,,0,0
00-0034399,Wyatt Teller,2019,OL,25-27,11.0,16.0,no_claim,,0,0
00-0034400,Jordan Wilkins,2019,RB,25-27,12.0,16.0,excluded_sub_threshold,4.0,0,0
00-0034412,Luke Falk,2019,QB,25-27,3.0,16.0,no_claim,,0,0
00-0034414,Boston Scott,2019,RB,25-27,8.0,16.0,no_claim,,0,0
00-0034417,Matt Pryor,2019,OL,25-27,5.0,16.0,no_claim,,0,0
00-0034429,Jordan Mailata,2019,OL,<=24,,,no_claim,,0,0
00-0034432,Bo Scarbrough,2019,RB,<=24,6.0,16.0,no_claim,,0,0
00-0034433,Nick Bawden,2019,RB,<=24,5.0,16.0,no_claim,,0,0
00-0034436,Will Clapp,2019,OL,<=24,13.0,16.0,excluded_sub_threshold,3.0,0,0
00-0034438,Logan Woodside,2019,QB,25-27,,,no_claim,,0,0
00-0034440,Justin Jackson,2019,RB,<=24,7.0,16.0,TTD,9.0,0,1
00-0034445,Nick Gates,2019,OL,<=24,12.0,16.0,no_claim,,0,0
00-0034449,Buddy Howell,2019,RB,<=24,2.0,16.0,no_claim,,0,0
00-0034456,David Steinmetz,2019,OL,25-27,,,no_claim,,0,0
00-0034457,Josh Adams,2019,RB,<=24,2.0,16.0,no_claim,,0,0
00-0034495,Evan Brown,2019,OL,<=24,1.0,16.0,no_claim,,0,0
00-0034505,Ike Boettger,2019,OL,25-27,1.0,16.0,no_claim,,0,0
00-0034522,KC McDermott,2019,OL,<=24,,,no_claim,,0,0
00-0034532,Jordan Franks,2019,RB,<=24,,,no_claim,,0,0
00-0034565,Detrez Newsome,2019,RB,25-27,,,no_claim,,0,0
00-0034571,Trenton Scott,2019,OL,25-27,,,no_claim,,0,0
00-0034577,Kyle Allen,2019,QB,<=24,13.0,16.0,no_claim,,0,0
00-0034578,Reggie Bonnafon,2019,RB,<=24,8.0,16.0,no_claim,,0,0
00-0034597,Ryan Nall,2019,RB,<=24,1.0,16.0,no_claim,,0,0
00-0034625,Anthony Coyle,2019,OL,<=24,,,no_claim,,0,0
00-0034658,Nico Falah,2019,OL,25-27,,,no_claim,,0,0
00-0034664,Elijah Nkansah,2019,OL,25-27,,,no_claim,,0,0
00-0034668,Aaron Stinnie,2019,OL,25-27,2.0,16.0,no_claim,,0,0
00-0034678,Alex Cappa,2019,OL,25-27,13.0,16.0,excluded_sub_threshold,3.0,0,0
00-0034679,Mark Walton,2019,RB,<=24,7.0,16.0,no_claim,,0,0
00-0034681,Chase Edmonds,2019,RB,<=24,10.0,16.0,TTD,6.0,0,1
00-0034687,Korey Cunningham,2019,OL,25-27,1.0,16.0,no_claim,,0,0
00-0034729,Jamarco Jones,2019,OL,<=24,12.0,16.0,no_claim,,0,0
00-0034750,Rashaad Penny,2019,RB,<=24,9.0,16.0,TTD,7.0,0,1
00-0034752,Orlando Brown,2019,OL,<=24,,,no_claim,,0,0
00-0034759,Kolton Miller,2019,OL,<=24,16.0,16.0,no_claim,,0,0
00-0034762,Billy Price,2019,OL,25-27,13.0,16.0,no_claim,,0,0
00-0034763,Brandon Parker,2019,OL,<=24,9.0,16.0,no_claim,,0,0
00-0034768,Chukwuma Okorafor,2019,OL,<=24,1.0,16.0,no_claim,,0,0
00-0034771,Mason Rudolph,2019,QB,25-27,10.0,16.0,PTD,6.0,1,0
00-0034785,Mason Cole,2019,OL,<=24,9.0,16.0,no_claim,,0,0
00-0034791,Nick Chubb,2019,RB,<=24,16.0,16.0,no_claim,,0,0
00-0034796,Lamar Jackson,2019,QB,<=24,15.0,16.0,no_claim,,0,0
00-0034799,Kalen Ballage,2019,RB,<=24,12.0,16.0,no_claim,,0,0
00-0034803,Joe Noteboom,2019,OL,25-27,,,no_claim,,0,0
00-0034804,Brian Allen,2019,OL,<=24,9.0,16.0,no_claim,,0,0
00-0034808,John Kelly,2019,RB,<=24,1.0,16.0,no_claim,,0,0
00-0034809,Jamil Demby,2019,OL,<=24,3.0,16.0,no_claim,,0,0
00-0034816,Ronald Jones,2019,RB,<=24,16.0,16.0,no_claim,,0,0
00-0034817,Geron Christian,2019,OL,<=24,10.0,16.0,no_claim,,0,0
00-0034824,Martinas Rankin,2019,OL,25-27,6.0,16.0,no_claim,,0,0
00-0034833,Isaiah Wynn,2019,OL,<=24,9.0,16.0,no_claim,,0,0
00-0034836,Braden Smith,2019,OL,<=24,16.0,16.0,no_claim,,0,0
00-0034838,Royce Freeman,2019,RB,<=24,16.0,16.0,no_claim,,0,0
00-0034844,Saquon Barkley,2019,RB,<=24,13.0,16.0,excluded_sub_threshold,3.0,0,0
00-0034845,Sony Michel,2019,RB,25-27,16.0,16.0,no_claim,,0,0
00-0034847,Mike McGlinchey,2019,OL,25-27,15.0,16.0,no_claim,,0,0
00-0034855,Baker Mayfield,2019,QB,25-27,16.0,16.0,no_claim,,0,0
00-0034857,Josh Allen,2019,QB,<=24,16.0,16.0,no_claim,,0,0
00-0034869,Sam Darnold,2019,QB,<=24,13.0,16.0,excluded_sub_threshold,3.0,0,0
00-0034924,Juwann Bushell-Beatty,2019,OL,<=24,,,no_claim,,0,0
00-0034929,Quinn Bailey,2019,OL,<=24,0.0,16.0,no_claim,,0,0
00-0034937,John Leglue,2019,OL,<=24,,,no_claim,,0,0
00-0034947,Ryan Crozier,2019,OL,<=24,,,no_claim,,0,0
00-0034951,Fred Johnson,2019,OL,<=24,5.0,16.0,no_claim,,0,0
00-0034957,Calvin Anderson,2019,OL,<=24,,,no_claim,,0,0
00-0034959,Andrew Beck,2019,RB,<=24,9.0,16.0,no_claim,,0,0
00-0034961,Nick Brossette,2019,RB,<=24,,,no_claim,,0,0
00-0034963,Tyler Gauthier,2019,OL,<=24,,,no_claim,,0,0
00-0034972,Alexander Mattison,2019,RB,<=24,13.0,16.0,excluded_sub_threshold,3.0,0,0
00-0034975,Justice Hill,2019,RB,<=24,15.0,16.0,no_claim,,0,0
00-0034976,Dru Samia,2019,OL,<=24,1.0,16.0,no_claim,,0,0
00-0034978,Ben Powers,2019,OL,<=24,1.0,16.0,no_claim,,0,0
00-0034989,Justin Skule,2019,OL,<=24,12.0,16.0,no_claim,,0,0
00-0034991,Drew Forbes,2019,OL,<=24,0.0,16.0,no_claim,,0,0
00-0034994,Oli Udoh,2019,OL,<=24,1.0,16.0,no_claim,,0,0
00-0034995,Dexter Williams,2019,RB,<=24,2.0,16.0,no_claim,,0,0
00-0035001,George Asafo-Adjei,2019,OL,<=24,,,no_claim,,0,0
00-0035003,Jackson Barton,2019,OL,25-27,,,no_claim,,0,0
00-0035005,Javon Patterson,2019,OL,<=24,,,no_claim,,0,0
00-0035010,Eric Dungey,2019,QB,<=24,,,no_claim,,0,0
00-0035040,David Blough,2019,QB,25-27,5.0,16.0,no_claim,,0,0
00-0035043,Darrin Hall,2019,RB,<=24,,,no_claim,,0,0
00-0035061,Alex Bars,2019,OL,<=24,3.0,16.0,no_claim,,0,0
00-0035065,Blake Blackmar,2019,OL,25-27,,,no_claim,,0,0
00-0035084,Yosuah Nijman,2019,OL,<=24,,,no_claim,,0,0
00-0035086,Adam Choice,2019,RB,<=24,,,no_claim,,0,0
00-0035087,Taryn Christion,2019,QB,<=24,,,no_claim,,0,0
00-0035093,Demetrius Knox,2019,OL,<=24,,,no_claim,,0,0
00-0035099,Khari Blasingame,2019,RB,<=24,4.0,16.0,no_claim,,0,0
00-0035105,Marcus Applefield,2019,OL,<=24,,,no_claim,,0,0
00-0035106,John Keenoy,2019,OL,<=24,,,no_claim,,0,0
00-0035112,Patrick Mekari,2019,OL,<=24,10.0,16.0,no_claim,,0,0
00-0035117,Lester Cotton,2019,OL,<=24,0.0,16.0,no_claim,,0,0
00-0035125,Alec Ingold,2019,RB,<=24,11.0,16.0,no_claim,,0,0
00-0035127,Andre James,2019,OL,<=24,3.0,16.0,no_claim,,0,0
00-0035141,Phil Haynes,2019,OL,<=24,1.0,16.0,no_claim,,0,0
00-0035146,Trace McSorley,2019,QB,25-27,1.0,16.0,no_claim,,0,0
00-0035148,Darwin Thompson,2019,RB,<=24,10.0,16.0,no_claim,,0,0
00-0035149,Nick Allegretti,2019,OL,<=24,4.0,16.0,no_claim,,0,0
00-0035161,John Lovett,2019,QB,<=24,,,no_claim,,0,0
00-0035184,Devine Ozigbo,2019,RB,<=24,1.0,16.0,no_claim,,0,0
00-0035187,Austin Walter,2019,RB,<=24,,,no_claim,,0,0
00-0035209,Marcus Marshall,2019,RB,<=24,,,no_claim,,0,0
00-0035217,Benny Snell,2019,RB,<=24,11.0,16.0,excluded_sub_threshold,5.0,0,0
00-0035228,Kyler Murray,2019,QB,<=24,16.0,16.0,no_claim,,0,0
00-0035232,Dwayne Haskins,2019,QB,<=24,9.0,16.0,PTD,7.0,1,0
00-0035233,Andre Dillard,2019,OL,<=24,16.0,16.0,no_claim,,0,0
00-0035234,Tytus Howard,2019,OL,<=24,8.0,16.0,TTD,8.0,0,1
00-0035235,Kaleb McGary,2019,OL,25-27,16.0,16.0,no_claim,,0,0
00-0035237,Jawaan Taylor,2019,OL,<=24,16.0,16.0,no_claim,,0,0
00-0035238,Cody Ford,2019,OL,<=24,16.0,16.0,no_claim,,0,0
00-0035242,Erik McCoy,2019,OL,<=24,17.0,16.0,no_claim,,0,0
00-0035243,Miles Sanders,2019,RB,<=24,16.0,16.0,no_claim,,0,0
00-0035245,Max Scharping,2019,OL,<=24,16.0,16.0,no_claim,,0,0
00-0035250,Devin Singletary,2019,RB,<=24,12.0,16.0,excluded_sub_threshold,4.0,0,0
00-0035251,Will Grier,2019,QB,25-27,2.0,16.0,no_claim,,0,0
00-0035252,Yodny Cajuste,2019,OL,<=24,,,no_claim,,0,0
00-0035256,Bryce Love,2019,RB,<=24,,,no_claim,,0,0
00-0035258,Hjalte Froholdt,2019,OL,<=24,,,no_claim,,0,0
00-0035261,Tony Pollard,2019,RB,<=24,14.0,16.0,no_claim,,0,0
00-0035263,Wes Martin,2019,OL,<=24,5.0,16.0,TTD,11.0,0,1
00-0035264,Jarrett Stidham,2019,QB,<=24,3.0,16.0,no_claim,,0,0
00-0035266,Michael Jordan,2019,OL,<=24,,,no_claim,,0,0
00-0035268,Ryquell Armstead,2019,RB,<=24,14.0,16.0,no_claim,,0,0
00-0035273,Qadree Ollison,2019,RB,<=24,6.0,16.0,no_claim,,0,0
00-0035274,Ross Pierschbacher,2019,OL,25-27,0.0,16.0,no_claim,,0,0
00-0035275,Jordan Scarlett,2019,RB,25-27,1.0,16.0,PTD,15.0,1,0
00-0035282,Easton Stick,2019,QB,<=24,,,no_claim,,0,0
00-0035289,Gardner Minshew,2019,QB,<=24,14.0,16.0,no_claim,,0,0
00-0035291,Trayveon Williams,2019,RB,<=24,,,no_claim,,0,0
00-0035295,Isaiah Prince,2019,OL,<=24,3.0,16.0,no_claim,,0,0
00-0035299,Rodney Anderson,2019,RB,<=24,,,no_claim,,0,0
00-0035300,Dennis Daley,2019,OL,<=24,14.0,16.0,excluded_sub_threshold,2.0,0,0
00-0035304,Cullen Gillaspia,2019,RB,25-27,,,no_claim,,0,0
00-0035310,Chandler Cox,2019,RB,<=24,,,no_claim,,0,0
00-0035311,Myles Gaskin,2019,RB,<=24,7.0,16.0,no_claim,,0,0
00-0035317,Joshua Miles,2019,OL,<=24,2.0,16.0,no_claim,,0,0
00-0035323,Beau Benzschawel,2019,OL,<=24,0.0,16.0,no_claim,,0,0
00-0035336,Shaq Calhoun,2019,OL,<=24,9.0,16.0,no_claim,,0,0
00-0035342,Patrick Laird,2019,RB,25-27,8.0,16.0,no_claim,,0,0
00-0035364,Donnell Greene,2019,OL,<=24,,,no_claim,,0,0
00-0035382,Ryan Bates,2019,OL,<=24,3.0,16.0,no_claim,,0,0
00-0035383,Nate Herbig,2019,OL,<=24,1.0,16.0,no_claim,,0,0
00-0035384,Iosua Opeta,2019,OL,<=24,,,no_claim,,0,0
00-0035394,Jake Dolegala,2019,QB,<=24,,,no_claim,,0,0
00-0035395,O'Shea Dugas,2019,OL,<=24,,,no_claim,,0,0
00-0035396,Jordan Ellis,2019,RB,<=24,,,no_claim,,0,0
00-0035400,Keaton Sutherland,2019,OL,<=24,3.0,16.0,no_claim,,0,0
00-0035403,Ethan Greenidge,2019,OL,<=24,,,no_claim,,0,0
00-0035416,Mitch Hyatt,2019,OL,<=24,,,no_claim,,0,0
00-0035418,Brandon Knight,2019,OL,<=24,3.0,16.0,no_claim,,0,0
00-0035420,Derrick Puni,2019,OL,25-27,,,no_claim,,0,0
00-0035424,Chris Brown,2019,OL,<=24,,,no_claim,,0,0
00-0035427,Jeremy Cox,2019,RB,<=24,,,no_claim,,0,0
00-0035431,Koda Martin,2019,OL,25-27,,,no_claim,,0,0
00-0035442,Elijah Holyfield,2019,RB,<=24,,,no_claim,,0,0
00-0035467,Bruce Anderson,2019,RB,<=24,,,no_claim,,0,0
00-0035468,Zack Bailey,2019,OL,<=24,,,no_claim,,0,0
00-0035471,Nick Fitzgerald,2019,QB,<=24,,,no_claim,,0,0
00-0035483,Drew Anderson,2019,QB,<=24,,,no_claim,,0,0
00-0035489,Wes Hills,2019,RB,25-27,1.0,16.0,no_claim,,0,0
00-0035492,William Sweet,2019,OL,<=24,,,no_claim,,0,0
00-0035494,Xavier Turner,2019,RB,25-27,,,no_claim,,0,0
00-0035504,Wyatt Miller,2019,OL,<=24,,,no_claim,,0,0
00-0035505,Jalin Moore,2019,RB,<=24,,,no_claim,,0,0
00-0035526,Elgton Jenkins,2019,OL,<=24,17.0,16.0,no_claim,,0,0
00-0035536,Lamont Gaillard,2019,OL,<=24,,,no_claim,,0,0
00-0035537,Ty Johnson,2019,RB,<=24,15.0,16.0,no_claim,,0,0
00-0035558,Garrett McGhin,2019,OL,25-27,0.0,16.0,PTD,16.0,1,0
00-0035577,Devlin Hodges,2019,QB,<=24,8.0,16.0,no_claim,,0,0
00-0035588,Garrett Bradbury,2019,OL,25-27,18.0,16.0,no_claim,,0,0
00-0035594,Travis Homer,2019,RB,<=24,4.0,16.0,no_claim,,0,0
00-0035596,Kerrith Whyte,2019,RB,<=24,6.0,16.0,no_claim,,0,0
00-0035613,Matt Kaskey,2019,OL,<=24,,,no_claim,,0,0
00-0035623,Chandler Brewer,2019,OL,<=24,2.0,16.0,no_claim,,0,0
00-0035628,D'Ernest Johnson,2019,RB,<=24,3.0,16.0,no_claim,,0,0
00-0035629,Jonah Williams,2019,OL,<=24,,,no_claim,,0,0
00-0035630,Chris Lindstrom,2019,OL,<=24,5.0,16.0,no_claim,,0,0
00-0035649,Nate Davis,2019,OL,<=24,16.0,16.0,no_claim,,0,0
00-0035652,Ryan Finley,2019,QB,25-27,3.0,16.0,no_claim,,0,0
00-0035657,Damien Harris,2019,RB,<=24,1.0,16.0,no_claim,,0,0
00-0035658,Taj McGowan,2019,RB,<=24,,,no_claim,,0,0
00-0035664,Darrell Henderson,2019,RB,<=24,7.0,16.0,TTD,9.0,0,1
00-0035666,Bobby Evans,2019,OL,<=24,8.0,16.0,no_claim,,0,0
00-0035668,David Edwards,2019,OL,<=24,10.0,16.0,no_claim,,0,0
00-0035679,Connor McGovern,2019,OL,<=24,16.0,16.0,no_claim,,0,0
00-0035685,David Montgomery,2019,RB,<=24,16.0,16.0,no_claim,,0,0
00-0035686,Michael Deiter,2019,OL,<=24,16.0,16.0,no_claim,,0,0
00-0035688,Trey Pipkins,2019,OL,<=24,7.0,16.0,no_claim,,0,0
00-0035694,Greg Little,2019,OL,<=24,4.0,16.0,PTD,12.0,1,0
00-0035698,Chuma Edoga,2019,OL,<=24,8.0,16.0,PTD,8.0,1,0
00-0035700,Josh Jacobs,2019,RB,<=24,13.0,16.0,excluded_sub_threshold,3.0,0,0
00-0035702,Dalton Risner,2019,OL,25-27,16.0,16.0,no_claim,,0,0
00-0035704,Drew Lock,2019,QB,<=24,5.0,16.0,no_claim,,0,0
00-0035710,Daniel Jones,2019,QB,<=24,13.0,16.0,excluded_sub_threshold,3.0,0,0
00-0035725,Valentine Holmes,2019,RB,25-27,,,no_claim,,0,0
00-0035729,Rishard Cook,2019,OL,<=24,,,no_claim,,0,0
00-0035735,Jordan Ta'amu,2019,QB,<=24,,,no_claim,,0,0
00-0035743,Brett Toth,2019,OL,<=24,,,no_claim,,0,0
00-0019596,Tom Brady,2020,QB,31+,16.0,16.0,no_claim,,0,0
00-0020531,Drew Brees,2020,QB,31+,12.0,16.0,no_claim,,0,0
00-0021206,Josh McCown,2020,QB,31+,,,no_claim,,0,0
00-0022531,Jason Peters,2020,OL,31+,7.0,16.0,TTD,9.0,0,1
00-0022787,Matt Schaub,2020,QB,31+,1.0,16.0,no_claim,,0,0
00-0022924,Ben Roethlisberger,2020,QB,31+,15.0,16.0,no_claim,,0,0
00-0022942,Philip Rivers,2020,QB,31+,16.0,16.0,no_claim,,0,0
00-0023436,Alex Smith,2020,QB,31+,8.0,16.0,PTD,8.0,1,0
00-0023459,Aaron Rodgers,2020,QB,31+,16.0,16.0,no_claim,,0,0
00-0023500,Frank Gore,2020,RB,31+,15.0,16.0,no_claim,,0,0
00-0023516,Richie Incognito,2020,OL,31+,2.0,16.0,no_claim,,0,0
00-0023564,Darren Sproles,2020,RB,31+,,,no_claim,,0,0
00-0023682,Ryan Fitzpatrick,2020,QB,31+,9.0,16.0,no_claim,,0,0
00-0023894,Donald Penn,2020,OL,31+,,,no_claim,,0,0
00-0024270,Andrew Whitworth,2020,OL,31+,11.0,16.0,no_claim,,0,0
00-0025394,Adrian Peterson,2020,RB,31+,16.0,16.0,no_claim,,0,0
00-0025399,Marshawn Lynch,2020,RB,31+,,,no_claim,,0,0
00-0025430,Drew Stanton,2020,QB,31+,,,no_claim,,0,0
00-0025446,Ryan Kalil,2020,OL,31+,,,no_claim,,0,0
00-0025708,Matt Moore,2020,QB,31+,,,no_claim,,0,0
00-0025900,Chris Clark,2020,OL,31+,,,no_claim,,0,0
00-0026143,Matt Ryan,2020,QB,31+,16.0,16.0,no_claim,,0,0
00-0026158,Joe Flacco,2020,QB,31+,5.0,16.0,PTD,11.0,1,0
00-0026166,Duane Brown,2020,OL,31+,17.0,16.0,no_claim,,0,0
00-0026197,Chad Henne,2020,QB,31+,3.0,16.0,no_claim,,0,0
00-0026498,Matthew Stafford,2020,QB,31+,16.0,16.0,no_claim,,0,0
00-0026544,Chase Daniel,2020,QB,31+,4.0,16.0,no_claim,,0,0
00-0026625,Brian Hoyer,2020,QB,31+,1.0,16.0,no_claim,,0,0
00-0026814,Demar Dotson,2020,OL,31+,8.0,16.0,no_claim,,0,0
00-0026950,A.Q. Shipley,2020,OL,31+,4.0,16.0,PTD,12.0,1,0
00-0026982,Andre Smith,2020,OL,31+,,,no_claim,,0,0
00-0026997,Alex Mack,2020,OL,31+,14.0,16.0,excluded_sub_threshold,2.0,0,0
00-0027029,LeSean McCoy,2020,RB,31+,8.0,16.0,PTD,8.0,1,0
00-0027282,Ben Garland,2020,OL,31+,5.0,16.0,no_claim,,0,0
00-0027607,Ted Larsen,2020,OL,31+,1.0,16.0,no_claim,,0,0
00-0027648,Rodger Saffold,2020,OL,31+,16.0,16.0,no_claim,,0,0
00-0027674,Jared Veldheer,2020,OL,31+,2.0,16.0,no_claim,,0,0
00-0027678,John Jerry,2020,OL,31+,,,no_claim,,0,0
00-0027688,Colt McCoy,2020,QB,31+,4.0,16.0,no_claim,,0,0
00-0027768,Marshall Newhouse,2020,OL,31+,4.0,16.0,no_claim,,0,0
00-0027778,Sam Young,2020,OL,31+,8.0,16.0,PTD,8.0,1,0
00-0027857,Trent Williams,2020,OL,31+,14.0,16.0,excluded_sub_threshold,2.0,0,0
00-0027859,Russell Okung,2020,OL,31+,7.0,16.0,PTD,9.0,1,0
00-0027869,Mike Iupati,2020,OL,31+,11.0,16.0,excluded_sub_threshold,5.0,0,0
00-0027870,Maurkice Pouncey,2020,OL,31+,14.0,16.0,no_claim,,0,0
00-0027875,Bryan Bulaga,2020,OL,31+,10.0,16.0,PTD,6.0,1,0
00-0027939,Cam Newton,2020,QB,31+,15.0,16.0,no_claim,,0,0
00-0027947,Tyron Smith,2020,OL,28-30,2.0,16.0,TTD,14.0,0,1
00-0027948,Blaine Gabbert,2020,QB,31+,4.0,16.0,no_claim,,0,0
00-0027953,Mike Pouncey,2020,OL,31+,,,no_claim,,0,0
00-0027955,Nate Solder,2020,OL,31+,,,no_claim,,0,0
00-0027960,Anthony Castonzo,2020,OL,31+,12.0,16.0,excluded_sub_threshold,4.0,0,0
00-0027963,James Carpenter,2020,OL,31+,13.0,16.0,excluded_sub_threshold,3.0,0,0
00-0027966,Mark Ingram,2020,RB,31+,10.0,16.0,TTD,6.0,0,1
00-0027973,Andy Dalton,2020,QB,31+,11.0,16.0,excluded_sub_threshold,5.0,0,0
00-0027986,Stefen Wisniewski,2020,OL,31+,5.0,16.0,PTD,11.0,1,0
00-0027987,Ben Ijalana,2020,OL,31+,,,no_claim,,0,0
00-0027993,Rodney Hudson,2020,OL,31+,16.0,16.0,no_claim,,0,0
00-0028001,Marcus Gilbert,2020,OL,31+,,,no_claim,,0,0
00-0028063,Taiwan Jones,2020,RB,31+,2.0,16.0,PTD,14.0,1,0
00-0028064,Bilal Powell,2020,RB,31+,,,no_claim,,0,0
00-0028074,Anthony Sherman,2020,RB,31+,4.0,16.0,no_claim,,0,0
00-0028076,Marcus Cannon,2020,OL,31+,,,no_claim,,0,0
00-0028087,Dion Lewis,2020,RB,28-30,16.0,16.0,no_claim,,0,0
00-0028101,Daniel Kilgore,2020,OL,31+,6.0,16.0,no_claim,,0,0
00-0028118,Tyrod Taylor,2020,QB,31+,1.0,16.0,PTD,15.0,1,0
00-0028129,Jason Kelce,2020,OL,31+,16.0,16.0,no_claim,,0,0
00-0028177,Mike Person,2020,OL,31+,,,no_claim,,0,0
00-0028292,Nick Bellore,2020,RB,31+,1.0,16.0,no_claim,,0,0
00-0028581,Patrick DiMarco,2020,RB,31+,,,no_claim,,0,0
00-0028986,Case Keenum,2020,QB,31+,1.0,16.0,no_claim,,0,0
00-0029010,Ronald Leary,2020,OL,31+,,,no_claim,,0,0
00-0029141,Alfred Morris,2020,RB,31+,9.0,16.0,no_claim,,0,0
00-0029144,Tom Compton,2020,OL,31+,4.0,16.0,TTD,12.0,0,1
00-0029146,J.R. Sweezy,2020,OL,31+,12.0,16.0,no_claim,,0,0
00-0029151,Matt Simms,2020,QB,31+,,,no_claim,,0,0
00-0029164,Mike Remmers,2020,OL,31+,15.0,16.0,no_claim,,0,0
00-0029239,Brandon Bolden,2020,RB,31+,,,no_claim,,0,0
00-0029253,Mitchell Schwartz,2020,OL,31+,6.0,16.0,PTD,10.0,1,0
00-0029259,Kelechi Osemele,2020,OL,31+,5.0,16.0,PTD,11.0,1,0
00-0029263,Russell Wilson,2020,QB,31+,16.0,16.0,no_claim,,0,0
00-0029273,Robert Turbin,2020,RB,31+,,,no_claim,,0,0
00-0029278,Joe Looney,2020,OL,31+,12.0,16.0,excluded_sub_threshold,4.0,0,0
00-0029316,Kelvin Beachum,2020,OL,31+,16.0,16.0,no_claim,,0,0
00-0029413,Ben Jones,2020,OL,31+,17.0,16.0,no_claim,,0,0
00-0029419,Dennis Kelly,2020,OL,31+,17.0,16.0,no_claim,,0,0
00-0029492,Jamize Olawale,2020,RB,31+,,,no_claim,,0,0
00-0029528,Bobby Massie,2020,OL,31+,8.0,16.0,no_claim,,0,0
00-0029546,Senio Kelemete,2020,OL,31+,9.0,16.0,PTD,7.0,1,0
00-0029561,Cordy Glenn,2020,OL,31+,,,no_claim,,0,0
00-0029567,Nick Foles,2020,QB,31+,9.0,16.0,PTD,7.0,1,0
00-0029592,Kevin Zeitler,2020,OL,31+,16.0,16.0,no_claim,,0,0
00-0029604,Kirk Cousins,2020,QB,31+,16.0,16.0,no_claim,,0,0
00-0029615,Lamar Miller,2020,RB,28-30,1.0,16.0,no_claim,,0,0
00-0029665,Robert Griffin,2020,QB,31+,4.0,16.0,no_claim,,0,0
00-0029672,Riley Reiff,2020,OL,31+,15.0,16.0,no_claim,,0,0
00-0029678,David DeCastro,2020,OL,31+,14.0,16.0,excluded_sub_threshold,2.0,0,0
00-0029679,Brandon Brooks,2020,OL,31+,,,no_claim,,0,0
00-0029685,Greg Van Roten,2020,OL,31+,13.0,16.0,excluded_sub_threshold,3.0,0,0
00-0029699,Tony Bergstrom,2020,OL,31+,0.0,16.0,no_claim,,0,0
00-0029701,Ryan Tannehill,2020,QB,31+,16.0,16.0,no_claim,,0,0
00-0029709,Ty Nsekhe,2020,OL,31+,7.0,16.0,no_claim,,0,0
00-0029762,John Wetzel,2020,OL,28-30,2.0,16.0,no_claim,,0,0
00-0029857,Ryan Griffin,2020,QB,31+,,,no_claim,,0,0
00-0029886,LaAdrian Waddle,2020,OL,28-30,,,no_claim,,0,0
00-0029892,Kyle Juszczyk,2020,RB,28-30,16.0,16.0,no_claim,,0,0
00-0029893,Rick Wagner,2020,OL,31+,,,no_claim,,0,0
00-0029895,Ryan Jensen,2020,OL,28-30,20.0,16.0,no_claim,,0,0
00-0029931,Zach Line,2020,RB,31+,,,no_claim,,0,0
00-0029963,Chris Hubbard,2020,OL,28-30,,,no_claim,,0,0
00-0029992,Josh Kline,2020,OL,31+,,,no_claim,,0,0
00-0030011,Jordan Devey,2020,OL,31+,1.0,16.0,no_claim,,0,0
00-0030065,Larry Warford,2020,OL,28-30,,,no_claim,,0,0
00-0030066,Brian Winters,2020,OL,28-30,16.0,16.0,no_claim,,0,0
00-0030067,Terron Armstead,2020,OL,28-30,16.0,16.0,no_claim,,0,0
00-0030074,David Bakhtiari,2020,OL,28-30,12.0,16.0,excluded_sub_threshold,4.0,0,0
00-0030076,JC Tretter,2020,OL,28-30,18.0,16.0,no_claim,,0,0
00-0030083,Oday Aboushi,2020,OL,28-30,12.0,16.0,no_claim,,0,0
00-0030097,David Quessenberry,2020,OL,31+,11.0,16.0,no_claim,,0,0
00-0030107,Theo Riddick,2020,RB,28-30,4.0,16.0,no_claim,,0,0
00-0030112,Tommy Bohanon,2020,RB,28-30,,,no_claim,,0,0
00-0030273,Lane Taylor,2020,OL,31+,1.0,16.0,PTD,15.0,1,0
00-0030288,Rex Burkhead,2020,RB,31+,10.0,16.0,TTD,6.0,0,1
00-0030404,Chris Thompson,2020,RB,28-30,6.0,16.0,no_claim,,0,0
00-0030456,Giovani Bernard,2020,RB,28-30,16.0,16.0,no_claim,,0,0
00-0030465,Kenjon Barner,2020,RB,31+,1.0,16.0,no_claim,,0,0
00-0030496,Le'Veon Bell,2020,RB,28-30,11.0,16.0,no_claim,,0,0
00-0030505,D.J. Fluker,2020,OL,28-30,8.0,16.0,no_claim,,0,0
00-0030513,Latavius Murray,2020,RB,31+,15.0,16.0,no_claim,,0,0
00-0030520,Mike Glennon,2020,QB,31+,5.0,16.0,no_claim,,0,0
00-0030533,Matt Barkley,2020,QB,28-30,4.0,16.0,no_claim,,0,0
00-0030561,Lane Johnson,2020,OL,31+,7.0,16.0,TTD,9.0,0,1
00-0030565,Geno Smith,2020,QB,28-30,1.0,16.0,no_claim,,0,0
00-0030584,Eric Fisher,2020,OL,28-30,17.0,16.0,no_claim,,0,0
00-0030585,Justin Pugh,2020,OL,31+,15.0,16.0,no_claim,,0,0
00-0030593,Chance Warmack,2020,OL,28-30,,,no_claim,,0,0
00-0030629,Jeremy Vujnovich,2020,OL,28-30,,,no_claim,,0,0
00-0030648,Alejandro Villanueva,2020,OL,31+,2.0,16.0,no_claim,,0,0
00-0030656,Isaiah Crowell,2020,RB,28-30,,,no_claim,,0,0
00-0030694,James Hurst,2020,OL,28-30,14.0,16.0,no_claim,,0,0
00-0030706,Josh Andrews,2020,OL,28-30,9.0,16.0,no_claim,,0,0
00-0030711,David Fluellen,2020,RB,28-30,,,no_claim,,0,0
00-0030725,Cornelius Lucas,2020,OL,28-30,9.0,16.0,TTD,7.0,0,1
00-0030741,Roosevelt Nix,2020,RB,28-30,,,no_claim,,0,0
00-0030781,Trey Hopkins,2020,OL,28-30,15.0,16.0,no_claim,,0,0
00-0030792,Justin McCray,2020,OL,28-30,6.0,16.0,no_claim,,0,0
00-0030827,Tyler Shatley,2020,OL,28-30,12.0,16.0,no_claim,,0,0
00-0030829,Josh Wells,2020,OL,28-30,6.0,16.0,no_claim,,0,0
00-0030869,Tyler Larsen,2020,OL,28-30,3.0,16.0,no_claim,,0,0
00-0030874,Damien Williams,2020,RB,28-30,,,no_claim,,0,0
00-0030937,Zac Kerin,2020,OL,28-30,,,no_claim,,0,0
00-0030968,Keith Smith,2020,RB,28-30,12.0,16.0,no_claim,,0,0
00-0030997,Zach Fulton,2020,OL,28-30,2.0,16.0,no_claim,,0,0
00-0031017,Dakota Dozier,2020,OL,28-30,16.0,16.0,no_claim,,0,0
00-0031019,Corey Linsley,2020,OL,28-30,15.0,16.0,no_claim,,0,0
00-0031022,Laurent Duvernay-Tardif,2020,OL,28-30,,,no_claim,,0,0
00-0031031,Brent Qvale,2020,OL,28-30,0.0,16.0,PTD,16.0,1,0
00-0031039,James Ferentz,2020,OL,31+,5.0,16.0,no_claim,,0,0
00-0031045,Carlos Hyde,2020,RB,28-30,10.0,16.0,TTD,6.0,0,1
00-0031047,Spencer Long,2020,OL,28-30,,,no_claim,,0,0
00-0031062,James White,2020,RB,28-30,14.0,16.0,excluded_sub_threshold,2.0,0,0
00-0031067,Cameron Fleming,2020,OL,28-30,16.0,16.0,no_claim,,0,0
00-0031076,David Fales,2020,QB,28-30,,,no_claim,,0,0
00-0031095,Charles Leno Jr.,2020,OL,28-30,,,no_claim,,0,0
00-0031122,Andrew Norwell,2020,OL,28-30,13.0,16.0,excluded_sub_threshold,3.0,0,0
00-0031128,Ryan Groy,2020,OL,28-30,4.0,16.0,no_claim,,0,0
00-0031142,Matt Feiler,2020,OL,28-30,8.0,16.0,no_claim,,0,0
00-0031182,Kevin Pamphile,2020,OL,28-30,,,no_claim,,0,0
00-0031209,Senorise Perry,2020,RB,28-30,1.0,16.0,no_claim,,0,0
00-0031237,Teddy Bridgewater,2020,QB,28-30,15.0,16.0,no_claim,,0,0
00-0031238,Weston Richburg,2020,OL,28-30,,,no_claim,,0,0
00-0031279,Jake Matthews,2020,OL,28-30,16.0,16.0,no_claim,,0,0
00-0031280,Derek Carr,2020,QB,28-30,16.0,16.0,no_claim,,0,0
00-0031282,Justin Britt,2020,OL,28-30,,,no_claim,,0,0
00-0031288,A.J. McCarron,2020,QB,28-30,2.0,16.0,no_claim,,0,0
00-0031301,Jeremy Hill,2020,RB,28-30,,,no_claim,,0,0
00-0031306,Russell Bodine,2020,OL,28-30,,,no_claim,,0,0
00-0031330,Morgan Moses,2020,OL,28-30,17.0,16.0,no_claim,,0,0
00-0031337,Marcus Martin,2020,OL,25-27,0.0,16.0,no_claim,,0,0
00-0031345,Jimmy Garoppolo,2020,QB,28-30,6.0,16.0,TTD,10.0,0,1
00-0031349,Matt Paradis,2020,OL,31+,16.0,16.0,no_claim,,0,0
00-0031353,Michael Schofield,2020,OL,28-30,5.0,16.0,no_claim,,0,0
00-0031362,Trai Turner,2020,OL,28-30,9.0,16.0,TTD,7.0,0,1
00-0031367,Gabe Jackson,2020,OL,28-30,16.0,16.0,no_claim,,0,0
00-0031369,Brandon Linder,2020,OL,28-30,9.0,16.0,TTD,7.0,0,1
00-0031376,Jerick McKinnon,2020,RB,28-30,14.0,16.0,no_claim,,0,0
00-0031386,Greg Robinson,2020,OL,28-30,,,no_claim,,0,0
00-0031395,Garrett Gilbert,2020,QB,28-30,1.0,16.0,no_claim,,0,0
00-0031402,Zack Martin,2020,OL,28-30,10.0,16.0,TTD,6.0,0,1
00-0031407,Blake Bortles,2020,QB,28-30,,,no_claim,,0,0
00-0031410,Xavier Su'a-Filo,2020,OL,28-30,6.0,16.0,PTD,10.0,1,0
00-0031417,Ja'Wuan James,2020,OL,28-30,,,no_claim,,0,0
00-0031426,Joel Bitonio,2020,OL,28-30,17.0,16.0,no_claim,,0,0
00-0031433,Billy Turner,2020,OL,28-30,1.0,16.0,TTD,15.0,0,1
00-0031442,Taylor Lewan,2020,OL,28-30,5.0,16.0,no_claim,,0,0
00-0031489,Brett Jones,2020,OL,28-30,3.0,16.0,no_claim,,0,0
00-0031503,Jameis Winston,2020,QB,25-27,3.0,16.0,no_claim,,0,0
00-0031534,La'el Collins,2020,OL,28-30,,,no_claim,,0,0
00-0031561,Hroniss Grasu,2020,OL,28-30,6.0,16.0,PTD,10.0,1,0
00-0031567,Daryl Williams,2020,OL,28-30,19.0,16.0,no_claim,,0,0
00-0031572,T.J. Clemmings,2020,OL,28-30,,,no_claim,,0,0
00-0031575,Jamil Douglas,2020,OL,28-30,1.0,16.0,PTD,15.0,1,0
00-0031577,Javorius Allen,2020,RB,28-30,,,no_claim,,0,0
00-0031580,Shaquille Mason,2020,OL,28-30,,,no_claim,,0,0
00-0031581,Mark Glowinski,2020,OL,28-30,17.0,16.0,no_claim,,0,0
00-0031589,Brett Hundley,2020,QB,28-30,,,no_claim,,0,0
00-0031595,Michael Burton,2020,RB,28-30,6.0,16.0,no_claim,,0,0
00-0031622,Bobby Hart,2020,OL,25-27,,,no_claim,,0,0
00-0031632,Denzelle Good,2020,OL,28-30,1.0,16.0,no_claim,,0,0
00-0031687,Raheem Mostert,2020,RB,28-30,8.0,16.0,TTD,8.0,0,1
00-0031722,Michael Liedtke,2020,OL,28-30,,,no_claim,,0,0
00-0031734,Chris Reed,2020,OL,28-30,14.0,16.0,no_claim,,0,0
00-0031765,Nick Easton,2020,OL,28-30,1.0,16.0,PTD,15.0,1,0
00-0031779,B.J. Finney,2020,OL,28-30,0.0,16.0,PTD,16.0,1,0
00-0031800,Taylor Heinicke,2020,QB,28-30,1.0,16.0,no_claim,,0,0
00-0031806,Malcolm Brown,2020,RB,28-30,16.0,16.0,no_claim,,0,0
00-0031852,David Andrews,2020,OL,28-30,12.0,16.0,excluded_sub_threshold,4.0,0,0
00-0031893,Jesse Davis,2020,OL,28-30,1.0,16.0,no_claim,,0,0
00-0031900,Rod Smith,2020,RB,28-30,,,no_claim,,0,0
00-0031921,Kendall Lamm,2020,OL,28-30,12.0,16.0,no_claim,,0,0
00-0031936,Mitch Morse,2020,OL,28-30,17.0,16.0,no_claim,,0,0
00-0031958,Austin Reiter,2020,OL,28-30,17.0,16.0,no_claim,,0,0
00-0031959,Marcus Murphy,2020,RB,28-30,,,no_claim,,0,0
00-0032043,Quinton Spain,2020,OL,28-30,12.0,16.0,no_claim,,0,0
00-0032053,Brandon Scherff,2020,OL,28-30,14.0,16.0,no_claim,,0,0
00-0032058,Tevin Coleman,2020,RB,28-30,6.0,16.0,TTD,10.0,0,1
00-0032063,Mike Davis,2020,RB,28-30,14.0,16.0,excluded_sub_threshold,2.0,0,0
00-0032068,Malcolm Johnson,2020,RB,28-30,,,no_claim,,0,0
00-0032071,Trent Brown,2020,OL,28-30,,,no_claim,,0,0
00-0032104,Ameer Abdullah,2020,RB,28-30,6.0,16.0,no_claim,,0,0
00-0032132,Max Garcia,2020,OL,28-30,4.0,16.0,no_claim,,0,0
00-0032144,Melvin Gordon,2020,RB,28-30,15.0,16.0,no_claim,,0,0
00-0032145,Cameron Erving,2020,OL,28-30,5.0,16.0,TTD,11.0,0,1
00-0032147,Ty Sambrailo,2020,OL,28-30,9.0,16.0,no_claim,,0,0
00-0032149,John Miller,2020,OL,28-30,14.0,16.0,excluded_sub_threshold,2.0,0,0
00-0032151,Jon Feliciano,2020,OL,28-30,12.0,16.0,no_claim,,0,0
00-0032187,David Johnson,2020,RB,28-30,12.0,16.0,excluded_sub_threshold,4.0,0,0
00-0032192,Daniel Munyer,2020,OL,28-30,1.0,16.0,no_claim,,0,0
00-0032200,Ty Montgomery,2020,RB,28-30,4.0,16.0,PTD,12.0,1,0
00-0032203,Andrus Peat,2020,OL,25-27,1.0,16.0,TTD,15.0,0,1
00-0032204,Chaz Green,2020,OL,28-30,8.0,16.0,PTD,8.0,1,0
00-0032209,T.J. Yeldon,2020,RB,25-27,3.0,16.0,PTD,13.0,1,0
00-0032217,Donovan Smith,2020,OL,28-30,19.0,16.0,no_claim,,0,0
00-0032222,D.J. Humphries,2020,OL,25-27,16.0,16.0,no_claim,,0,0
00-0032233,Cedric Ogbuehi,2020,OL,28-30,7.0,16.0,PTD,9.0,1,0
00-0032234,Laken Tomlinson,2020,OL,28-30,16.0,16.0,no_claim,,0,0
00-0032241,Todd Gurley,2020,RB,25-27,15.0,16.0,no_claim,,0,0
00-0032242,Rob Havenstein,2020,OL,28-30,18.0,16.0,no_claim,,0,0
00-0032243,Ali Marpet,2020,OL,28-30,17.0,16.0,no_claim,,0,0
00-0032245,Sean Mannion,2020,QB,28-30,,,no_claim,,0,0
00-0032246,Andrew Donnal,2020,OL,28-30,,,no_claim,,0,0
00-0032247,Cody Wichmann,2020,OL,28-30,,,no_claim,,0,0
00-0032255,A.J. Cann,2020,OL,28-30,15.0,16.0,no_claim,,0,0
00-0032257,Duke Johnson,2020,RB,25-27,11.0,16.0,excluded_sub_threshold,5.0,0,0
00-0032259,Ereck Flowers,2020,OL,25-27,14.0,16.0,excluded_sub_threshold,2.0,0,0
00-0032268,Marcus Mariota,2020,QB,25-27,1.0,16.0,no_claim,,0,0
00-0032297,Kitt O'Brien,2020,OL,31+,,,no_claim,,0,0
00-0032377,Josh Ferguson,2020,RB,28-30,,,no_claim,,0,0
00-0032380,Laremy Tunsil,2020,OL,25-27,14.0,16.0,excluded_sub_threshold,2.0,0,0
00-0032381,Taylor Decker,2020,OL,28-30,16.0,16.0,no_claim,,0,0
00-0032383,Ryan Kelly,2020,OL,28-30,16.0,16.0,no_claim,,0,0
00-0032384,Germain Ifedi,2020,OL,25-27,17.0,16.0,no_claim,,0,0
00-0032391,Joe Thuney,2020,OL,28-30,16.0,16.0,no_claim,,0,0
00-0032395,Graham Glasgow,2020,OL,28-30,13.0,16.0,excluded_sub_threshold,3.0,0,0
00-0032404,Tyler Ervin,2020,RB,25-27,7.0,16.0,PTD,9.0,1,0
00-0032407,Alex Lewis,2020,OL,28-30,9.0,16.0,PTD,7.0,1,0
00-0032411,Kenneth Dixon,2020,RB,25-27,,,no_claim,,0,0
00-0032418,Joe Dahl,2020,OL,28-30,5.0,16.0,PTD,11.0,1,0
00-0032419,Joe Haeg,2020,OL,28-30,14.0,16.0,no_claim,,0,0
00-0032420,Brandon Shell,2020,OL,28-30,12.0,16.0,excluded_sub_threshold,4.0,0,0
00-0032426,Alex Collins,2020,RB,25-27,3.0,16.0,no_claim,,0,0
00-0032431,Jake Rudock,2020,QB,28-30,,,no_claim,,0,0
00-0032432,Wes Schweitzer,2020,OL,25-27,17.0,16.0,no_claim,,0,0
00-0032433,Kyle Murphy,2020,OL,25-27,,,no_claim,,0,0
00-0032434,Brandon Allen,2020,QB,28-30,5.0,16.0,PTD,11.0,1,0
00-0032436,Jeff Driskel,2020,QB,28-30,3.0,16.0,no_claim,,0,0
00-0032443,Joey Hunt,2020,OL,25-27,1.0,16.0,no_claim,,0,0
00-0032445,Ted Karras,2020,OL,28-30,16.0,16.0,no_claim,,0,0
00-0032450,Dwayne Washington,2020,RB,25-27,2.0,16.0,PTD,14.0,1,0
00-0032455,Austin Blythe,2020,OL,28-30,18.0,16.0,no_claim,,0,0
00-0032459,Aaron Neary,2020,OL,28-30,,,no_claim,,0,0
00-0032466,George Fant,2020,OL,28-30,14.0,16.0,excluded_sub_threshold,2.0,0,0
00-0032520,Rashod Hill,2020,OL,28-30,11.0,16.0,no_claim,,0,0
00-0032528,Justin Murray,2020,OL,28-30,13.0,16.0,excluded_sub_threshold,3.0,0,0
00-0032540,Tra Carson,2020,RB,28-30,,,no_claim,,0,0
00-0032549,Alex Redmond,2020,OL,25-27,7.0,16.0,PTD,9.0,1,0
00-0032567,Anthony Fabiano,2020,OL,28-30,0.0,16.0,no_claim,,0,0
00-0032575,Matt Skura,2020,OL,28-30,1.0,16.0,no_claim,,0,0
00-0032577,D.J. Foster,2020,RB,25-27,2.0,16.0,no_claim,,0,0
00-0032602,J.D. McKissic,2020,RB,28-30,16.0,16.0,no_claim,,0,0
00-0032658,Josh Woodrum,2020,QB,28-30,,,no_claim,,0,0
00-0032680,Pace Murphy,2020,OL,25-27,,,no_claim,,0,0
00-0032701,Jake Brendel,2020,OL,28-30,,,no_claim,,0,0
00-0032741,Peyton Barber,2020,RB,25-27,14.0,16.0,no_claim,,0,0
00-0032764,Derrick Henry,2020,RB,25-27,16.0,16.0,no_claim,,0,0
00-0032766,Jason Spriggs,2020,OL,25-27,2.0,16.0,no_claim,,0,0
00-0032768,Cody Whitehair,2020,OL,28-30,15.0,16.0,no_claim,,0,0
00-0032785,Halapoulivaati Vaitai,2020,OL,28-30,10.0,16.0,TTD,6.0,0,1
00-0032787,Cole Toner,2020,OL,25-27,1.0,16.0,no_claim,,0,0
00-0032792,Nate Sudfeld,2020,QB,25-27,1.0,16.0,no_claim,,0,0
00-0032794,Dan Vitale,2020,RB,25-27,,,no_claim,,0,0
00-0032813,Elijhaa Penny,2020,RB,28-30,6.0,16.0,TTD,10.0,0,1
00-0032827,Leonard Wester,2020,OL,28-30,,,no_claim,,0,0
00-0032897,Derek Watt,2020,RB,28-30,,,no_claim,,0,0
00-0032909,Dillon Gordon,2020,OL,25-27,,,no_claim,,0,0
00-0032911,Spencer Pulley,2020,OL,28-30,,,no_claim,,0,0
00-0032918,C.J. Ham,2020,RB,28-30,11.0,16.0,no_claim,,0,0
00-0032940,DeAndre Washington,2020,RB,28-30,4.0,16.0,PTD,12.0,1,0
00-0032950,Carson Wentz,2020,QB,28-30,12.0,16.0,no_claim,,0,0
00-0032954,Isaac Seumalo,2020,OL,25-27,9.0,16.0,no_claim,,0,0
00-0032956,Andy Janovich,2020,RB,28-30,6.0,16.0,no_claim,,0,0
00-0032965,Ronnie Stanley,2020,OL,25-27,6.0,16.0,no_claim,,0,0
00-0032969,Nick Martin,2020,OL,28-30,16.0,16.0,no_claim,,0,0
00-0032972,Devontae Booker,2020,RB,28-30,15.0,16.0,no_claim,,0,0
00-0032976,Spencer Drango,2020,OL,28-30,,,no_claim,,0,0
00-0033011,Connor McGovern,2020,OL,28-30,27.0,16.0,no_claim,,0,0
00-0033025,Jalen Richard,2020,RB,25-27,12.0,16.0,no_claim,,0,0
00-0033045,Ezekiel Elliott,2020,RB,25-27,15.0,16.0,no_claim,,0,0
00-0033057,Jack Conklin,2020,OL,25-27,17.0,16.0,no_claim,,0,0
00-0033065,Le'Raven Clark,2020,OL,28-30,6.0,16.0,no_claim,,0,0
00-0033077,Dak Prescott,2020,QB,28-30,5.0,16.0,no_claim,,0,0
00-0033082,Lucas Patrick,2020,OL,28-30,18.0,16.0,no_claim,,0,0
00-0033085,Jerald Hawkins,2020,OL,25-27,13.0,16.0,no_claim,,0,0
00-0033097,Shon Coleman,2020,OL,28-30,,,no_claim,,0,0
00-0033104,Cody Kessler,2020,QB,28-30,,,no_claim,,0,0
00-0033106,Jared Goff,2020,QB,25-27,15.0,16.0,no_claim,,0,0
00-0033108,Paxton Lynch,2020,QB,25-27,,,no_claim,,0,0
00-0033118,Kenyan Drake,2020,RB,25-27,15.0,16.0,no_claim,,0,0
00-0033119,Jacoby Brissett,2020,QB,28-30,11.0,16.0,no_claim,,0,0
00-0033151,Joshua Garnett,2020,OL,25-27,1.0,16.0,PTD,15.0,1,0
00-0033161,Isaiah Williams,2020,OL,28-30,,,no_claim,,0,0
00-0033221,Daniel Brunskill,2020,OL,25-27,16.0,16.0,no_claim,,0,0
00-0033275,Phillip Walker,2020,QB,25-27,4.0,16.0,no_claim,,0,0
00-0033280,Christian McCaffrey,2020,RB,25-27,3.0,16.0,TTD,13.0,0,1
00-0033284,Taylor Moton,2020,OL,25-27,16.0,16.0,no_claim,,0,0
00-0033290,Jermaine Eluemunor,2020,OL,25-27,10.0,16.0,no_claim,,0,0
00-0033293,Aaron Jones,2020,RB,25-27,14.0,16.0,excluded_sub_threshold,2.0,0,0
00-0033296,Alex Armah,2020,RB,25-27,12.0,16.0,no_claim,,0,0
00-0033300,Conor McDermott,2020,OL,28-30,9.0,16.0,no_claim,,0,0
00-0033301,Kofi Amichia,2020,OL,25-27,,,no_claim,,0,0
00-0033308,Matt Breida,2020,RB,25-27,10.0,16.0,TTD,6.0,0,1
00-0033317,Erik Magnuson,2020,OL,25-27,0.0,16.0,no_claim,,0,0
00-0033319,Nick Mullens,2020,QB,25-27,10.0,16.0,PTD,6.0,1,0
00-0033357,Taysom Hill,2020,QB,31+,16.0,16.0,no_claim,,0,0
00-0033359,Adam Pankey,2020,OL,25-27,4.0,16.0,no_claim,,0,0
00-0033376,Patrick Ricard,2020,RB,25-27,8.0,16.0,no_claim,,0,0
00-0033446,Jordan Simmons,2020,OL,25-27,15.0,16.0,no_claim,,0,0
00-0033490,Ben Braden,2020,OL,25-27,2.0,16.0,no_claim,,0,0
00-0033500,Andrew Lauderdale,2020,OL,25-27,,,no_claim,,0,0
00-0033505,Cameron Tom,2020,OL,25-27,1.0,16.0,no_claim,,0,0
00-0033508,William Stanback,2020,RB,25-27,,,no_claim,,0,0
00-0033526,Samaje Perine,2020,RB,25-27,11.0,16.0,no_claim,,0,0
00-0033529,Chase Roullier,2020,OL,28-30,17.0,16.0,no_claim,,0,0
00-0033537,Deshaun Watson,2020,QB,25-27,16.0,16.0,no_claim,,0,0
00-0033538,Garett Bolles,2020,OL,28-30,15.0,16.0,no_claim,,0,0
00-0033542,Forrest Lamp,2020,OL,25-27,16.0,16.0,no_claim,,0,0
00-0033553,James Conner,2020,RB,25-27,13.0,16.0,no_claim,,0,0
00-0033556,Tarik Cohen,2020,RB,25-27,3.0,16.0,no_claim,,0,0
00-0033560,Julie'n Davenport,2020,OL,25-27,,,no_claim,,0,0
00-0033567,Brian Hill,2020,RB,25-27,16.0,16.0,no_claim,,0,0
00-0033569,Roderick Johnson,2020,OL,25-27,12.0,16.0,no_claim,,0,0
00-0033578,Sam Tevi,2020,OL,25-27,14.0,16.0,no_claim,,0,0
00-0033592,Kyle Fuller,2020,OL,25-27,,,no_claim,,0,0
00-0033594,Chris Carson,2020,RB,25-27,12.0,16.0,excluded_sub_threshold,4.0,0,0
00-0033597,Chad Kelly,2020,QB,25-27,,,no_claim,,0,0
00-0033631,Rashaad Coward,2020,OL,25-27,7.0,16.0,no_claim,,0,0
00-0033676,Elijah Wilkinson,2020,OL,25-27,3.0,16.0,no_claim,,0,0
00-0033688,Avery Gennesy,2020,OL,25-27,,,no_claim,,0,0
00-0033699,Austin Ekeler,2020,RB,25-27,10.0,16.0,no_claim,,0,0
00-0033725,Corey Clement,2020,RB,25-27,8.0,16.0,no_claim,,0,0
00-0033740,Jordan Roos,2020,OL,28-30,,,no_claim,,0,0
00-0033744,Chad Wheeler,2020,OL,25-27,3.0,16.0,no_claim,,0,0
00-0033750,Leo Koloamatangi,2020,OL,25-27,,,no_claim,,0,0
00-0033752,Storm Norton,2020,OL,25-27,6.0,16.0,TTD,10.0,0,1
00-0033785,Zach Banner,2020,OL,25-27,1.0,16.0,no_claim,,0,0
00-0033788,Will Holden,2020,OL,25-27,2.0,16.0,PTD,14.0,1,0
00-0033789,T.J. Logan,2020,RB,25-27,,,no_claim,,0,0
00-0033795,Brad Seaton,2020,OL,25-27,,,no_claim,,0,0
00-0033816,Victor Salako,2020,OL,25-27,,,no_claim,,0,0
00-0033831,Andrew Wylie,2020,OL,25-27,17.0,16.0,no_claim,,0,0
00-0033838,Trey Edmunds,2020,RB,25-27,,,no_claim,,0,0
00-0033854,Dare Ogunbowale,2020,RB,25-27,7.0,16.0,no_claim,,0,0
00-0033856,Leonard Fournette,2020,RB,25-27,12.0,16.0,excluded_sub_threshold,4.0,0,0
00-0033863,Dan Skipper,2020,OL,25-27,2.0,16.0,no_claim,,0,0
00-0033869,Mitchell Trubisky,2020,QB,25-27,10.0,16.0,PTD,6.0,1,0
00-0033873,Patrick Mahomes,2020,QB,25-27,15.0,16.0,no_claim,,0,0
00-0033888,Ryan Ramczyk,2020,OL,25-27,18.0,16.0,no_claim,,0,0
00-0033889,Cam Robinson,2020,OL,25-27,16.0,16.0,no_claim,,0,0
00-0033893,Dalvin Cook,2020,RB,25-27,14.0,16.0,excluded_sub_threshold,2.0,0,0
00-0033897,Joe Mixon,2020,RB,25-27,6.0,16.0,TTD,10.0,0,1
00-0033901,Ethan Pocic,2020,OL,25-27,1.0,16.0,TTD,15.0,0,1
00-0033904,Dion Dawkins,2020,OL,25-27,19.0,16.0,no_claim,,0,0
00-0033906,Alvin Kamara,2020,RB,25-27,15.0,16.0,no_claim,,0,0
00-0033909,Pat Elflein,2020,OL,25-27,7.0,16.0,no_claim,,0,0
00-0033910,Dan Feeney,2020,OL,25-27,6.0,16.0,no_claim,,0,0
00-0033923,Kareem Hunt,2020,RB,25-27,16.0,16.0,no_claim,,0,0
00-0033925,D'Onta Foreman,2020,RB,25-27,5.0,16.0,no_claim,,0,0
00-0033936,C.J. Beathard,2020,QB,25-27,6.0,16.0,no_claim,,0,0
00-0033946,David Sharpe,2020,OL,25-27,9.0,16.0,PTD,7.0,1,0
00-0033948,Jamaal Williams,2020,RB,25-27,14.0,16.0,excluded_sub_threshold,2.0,0,0
00-0033949,Joshua Dobbs,2020,QB,25-27,1.0,16.0,no_claim,,0,0
00-0033950,Wayne Gallman,2020,RB,25-27,14.0,16.0,no_claim,,0,0
00-0033951,Marlon Mack,2020,RB,25-27,1.0,16.0,no_claim,,0,0
00-0033955,Jeremy McNichols,2020,RB,25-27,15.0,16.0,no_claim,,0,0
00-0033958,Nathan Peterman,2020,QB,25-27,1.0,16.0,no_claim,,0,0
00-0033960,Danny Isidora,2020,OL,25-27,1.0,16.0,no_claim,,0,0
00-0033995,Michael Dunn,2020,OL,25-27,2.0,16.0,no_claim,,0,0
00-0034026,Brandon Greene,2020,OL,25-27,,,no_claim,,0,0
00-0034097,Najee Toran,2020,OL,25-27,,,no_claim,,0,0
00-0034109,Phillip Lindsay,2020,RB,25-27,11.0,16.0,excluded_sub_threshold,5.0,0,0
00-0034112,Austin Schlottmann,2020,OL,25-27,0.0,16.0,no_claim,,0,0
00-0034114,Coleman Shelton,2020,OL,25-27,0.0,16.0,no_claim,,0,0
00-0034115,Jeff Wilson,2020,RB,25-27,11.0,16.0,excluded_sub_threshold,5.0,0,0
00-0034128,Nate Wozniak,2020,OL,25-27,,,no_claim,,0,0
00-0034140,Matt Gono,2020,OL,25-27,15.0,16.0,no_claim,,0,0
00-0034142,J.C. Hassenauer,2020,OL,25-27,10.0,16.0,no_claim,,0,0
00-0034158,Brian O'Neill,2020,OL,25-27,16.0,16.0,no_claim,,0,0
00-0034164,Trenton Cannon,2020,RB,25-27,5.0,16.0,no_claim,,0,0
00-0034165,Colby Gossett,2020,OL,25-27,,,no_claim,,0,0
00-0034177,Tim Boyle,2020,QB,25-27,8.0,16.0,no_claim,,0,0
00-0034184,Gus Edwards,2020,RB,25-27,16.0,16.0,no_claim,,0,0
00-0034186,Alex Light,2020,OL,25-27,,,no_claim,,0,0
00-0034208,Mike Boone,2020,RB,25-27,5.0,16.0,no_claim,,0,0
00-0034250,Christian DiLauro,2020,OL,25-27,,,no_claim,,0,0
00-0034253,Dontrell Hilliard,2020,RB,25-27,2.0,16.0,no_claim,,0,0
00-0034261,Austin Corbett,2020,OL,25-27,18.0,16.0,no_claim,,0,0
00-0034280,Greg Senat,2020,OL,25-27,3.0,16.0,no_claim,,0,0
00-0034281,Bradley Bozeman,2020,OL,25-27,1.0,16.0,no_claim,,0,0
00-0034295,James Murray,2020,OL,25-27,,,no_claim,,0,0
00-0034301,Darrel Williams,2020,RB,25-27,13.0,16.0,no_claim,,0,0
00-0034331,Jaylen Samuels,2020,RB,25-27,8.0,16.0,PTD,8.0,1,0
00-0034342,Quenton Nelson,2020,OL,25-27,1.0,16.0,no_claim,,0,0
00-0034343,Josh Rosen,2020,QB,<=24,,,no_claim,,0,0
00-0034345,Frank Ragnow,2020,OL,25-27,14.0,16.0,no_claim,,0,0
00-0034346,Will Hernandez,2020,OL,25-27,13.0,16.0,no_claim,,0,0
00-0034347,James Daniels,2020,OL,<=24,5.0,16.0,no_claim,,0,0
00-0034349,Kerryon Johnson,2020,RB,<=24,14.0,16.0,no_claim,,0,0
00-0034352,Connor Williams,2020,OL,<=24,16.0,16.0,no_claim,,0,0
00-0034367,Nyheim Hines,2020,RB,<=24,16.0,16.0,no_claim,,0,0
00-0034378,Ito Smith,2020,RB,25-27,14.0,16.0,no_claim,,0,0
00-0034380,Will Richardson,2020,OL,25-27,9.0,16.0,no_claim,,0,0
00-0034390,Tyrell Crosby,2020,OL,25-27,12.0,16.0,excluded_sub_threshold,4.0,0,0
00-0034392,Scott Quessenberry,2020,OL,25-27,,,no_claim,,0,0
00-0034399,Wyatt Teller,2020,OL,25-27,13.0,16.0,excluded_sub_threshold,3.0,0,0
00-0034400,Jordan Wilkins,2020,RB,25-27,12.0,16.0,no_claim,,0,0
00-0034414,Boston Scott,2020,RB,25-27,16.0,16.0,no_claim,,0,0
00-0034417,Matt Pryor,2020,OL,25-27,2.0,16.0,TTD,14.0,0,1
00-0034429,Jordan Mailata,2020,OL,<=24,13.0,16.0,excluded_sub_threshold,3.0,0,0
00-0034433,Nick Bawden,2020,RB,25-27,,,no_claim,,0,0
00-0034436,Will Clapp,2020,OL,25-27,5.0,16.0,no_claim,,0,0
00-0034438,Logan Woodside,2020,QB,25-27,5.0,16.0,no_claim,,0,0
00-0034440,Justin Jackson,2020,RB,25-27,8.0,16.0,TTD,8.0,0,1
00-0034445,Nick Gates,2020,OL,25-27,16.0,16.0,no_claim,,0,0
00-0034449,Buddy Howell,2020,RB,25-27,2.0,16.0,no_claim,,0,0
00-0034456,David Steinmetz,2020,OL,25-27,1.0,16.0,no_claim,,0,0
00-0034457,Josh Adams,2020,RB,<=24,6.0,16.0,no_claim,,0,0
00-0034495,Evan Brown,2020,OL,<=24,2.0,16.0,no_claim,,0,0
00-0034505,Ike Boettger,2020,OL,25-27,14.0,16.0,no_claim,,0,0
00-0034522,KC McDermott,2020,OL,25-27,0.0,16.0,no_claim,,0,0
00-0034571,Trenton Scott,2020,OL,25-27,10.0,16.0,no_claim,,0,0
00-0034577,Kyle Allen,2020,QB,25-27,4.0,16.0,PTD,12.0,1,0
00-0034578,Reggie Bonnafon,2020,RB,25-27,2.0,16.0,PTD,14.0,1,0
00-0034597,Ryan Nall,2020,RB,25-27,6.0,16.0,no_claim,,0,0
00-0034668,Aaron Stinnie,2020,OL,25-27,6.0,16.0,no_claim,,0,0
00-0034678,Alex Cappa,2020,OL,25-27,17.0,16.0,no_claim,,0,0
00-0034681,Chase Edmonds,2020,RB,25-27,16.0,16.0,no_claim,,0,0
00-0034687,Korey Cunningham,2020,OL,25-27,6.0,16.0,no_claim,,0,0
00-0034712,Casey Dunn,2020,OL,25-27,,,no_claim,,0,0
00-0034729,Jamarco Jones,2020,OL,25-27,9.0,16.0,PTD,7.0,1,0
00-0034750,Rashaad Penny,2020,RB,25-27,3.0,16.0,no_claim,,0,0
00-0034752,Orlando Brown,2020,OL,25-27,,,no_claim,,0,0
00-0034759,Kolton Miller,2020,OL,25-27,14.0,16.0,excluded_sub_threshold,2.0,0,0
00-0034762,Billy Price,2020,OL,25-27,3.0,16.0,no_claim,,0,0
00-0034763,Brandon Parker,2020,OL,25-27,8.0,16.0,no_claim,,0,0
00-0034768,Chukwuma Okorafor,2020,OL,<=24,17.0,16.0,no_claim,,0,0
00-0034771,Mason Rudolph,2020,QB,25-27,4.0,16.0,no_claim,,0,0
00-0034785,Mason Cole,2020,OL,25-27,14.0,16.0,excluded_sub_threshold,2.0,0,0
00-0034791,Nick Chubb,2020,RB,25-27,12.0,16.0,no_claim,,0,0
00-0034796,Lamar Jackson,2020,QB,<=24,15.0,16.0,no_claim,,0,0
00-0034799,Kalen Ballage,2020,RB,25-27,11.0,16.0,no_claim,,0,0
00-0034803,Joe Noteboom,2020,OL,25-27,11.0,16.0,no_claim,,0,0
00-0034804,Brian Allen,2020,OL,25-27,,,no_claim,,0,0
00-0034816,Ronald Jones,2020,RB,<=24,14.0,16.0,no_claim,,0,0
00-0034817,Geron Christian,2020,OL,<=24,6.0,16.0,TTD,10.0,0,1
00-0034824,Martinas Rankin,2020,OL,25-27,1.0,16.0,no_claim,,0,0
00-0034833,Isaiah Wynn,2020,OL,25-27,10.0,16.0,TTD,6.0,0,1
00-0034836,Braden Smith,2020,OL,25-27,2.0,16.0,TTD,14.0,0,1
00-0034838,Royce Freeman,2020,RB,25-27,11.0,16.0,no_claim,,0,0
00-0034844,Saquon Barkley,2020,RB,<=24,2.0,16.0,no_claim,,0,0
00-0034845,Sony Michel,2020,RB,25-27,8.0,16.0,no_claim,,0,0
00-0034847,Mike McGlinchey,2020,OL,25-27,16.0,16.0,no_claim,,0,0
00-0034855,Baker Mayfield,2020,QB,25-27,16.0,16.0,no_claim,,0,0
00-0034857,Josh Allen,2020,QB,25-27,16.0,16.0,no_claim,,0,0
00-0034869,Sam Darnold,2020,QB,<=24,12.0,16.0,excluded_sub_threshold,4.0,0,0
00-0034899,John Wolford,2020,QB,25-27,1.0,16.0,PTD,15.0,1,0
00-0034951,Fred Johnson,2020,OL,<=24,,,no_claim,,0,0
00-0034955,Brett Rypien,2020,QB,25-27,2.0,16.0,no_claim,,0,0
00-0034957,Calvin Anderson,2020,OL,25-27,2.0,16.0,no_claim,,0,0
00-0034958,Tyree St. Louis,2020,OL,<=24,4.0,16.0,no_claim,,0,0
00-0034972,Alexander Mattison,2020,RB,<=24,13.0,16.0,excluded_sub_threshold,3.0,0,0
00-0034975,Justice Hill,2020,RB,<=24,6.0,16.0,TTD,10.0,0,1
00-0034976,Dru Samia,2020,OL,<=24,4.0,16.0,PTD,12.0,1,0
00-0034978,Ben Powers,2020,OL,<=24,16.0,16.0,no_claim,,0,0
00-0034989,Justin Skule,2020,OL,<=24,9.0,16.0,no_claim,,0,0
00-0034991,Drew Forbes,2020,OL,<=24,,,no_claim,,0,0
00-0034994,Oli Udoh,2020,OL,<=24,,,no_claim,,0,0
00-0034995,Dexter Williams,2020,RB,<=24,1.0,16.0,no_claim,,0,0
00-0035003,Jackson Barton,2020,OL,25-27,,,no_claim,,0,0
00-0035036,Ross Reynolds,2020,OL,25-27,,,no_claim,,0,0
00-0035040,David Blough,2020,QB,25-27,1.0,16.0,no_claim,,0,0
00-0035061,Alex Bars,2020,OL,25-27,12.0,16.0,no_claim,,0,0
00-0035062,Sam Mustipher,2020,OL,25-27,9.0,16.0,TTD,7.0,0,1
00-0035084,Yosuah Nijman,2020,OL,25-27,,,no_claim,,0,0
00-0035099,Khari Blasingame,2020,RB,25-27,5.0,16.0,no_claim,,0,0
00-0035106,John Keenoy,2020,OL,<=24,,,no_claim,,0,0
00-0035112,Patrick Mekari,2020,OL,<=24,2.0,16.0,no_claim,,0,0
00-0035117,Lester Cotton,2020,OL,25-27,,,no_claim,,0,0
00-0035125,Alec Ingold,2020,RB,25-27,11.0,16.0,no_claim,,0,0
00-0035127,Andre James,2020,OL,<=24,0.0,16.0,no_claim,,0,0
00-0035141,Phil Haynes,2020,OL,25-27,,,no_claim,,0,0
00-0035146,Trace McSorley,2020,QB,25-27,2.0,16.0,no_claim,,0,0
00-0035148,Darwin Thompson,2020,RB,<=24,5.0,16.0,PTD,11.0,1,0
00-0035149,Nick Allegretti,2020,OL,25-27,15.0,16.0,no_claim,,0,0
00-0035161,John Lovett,2020,QB,25-27,1.0,16.0,no_claim,,0,0
00-0035184,Devine Ozigbo,2020,RB,<=24,4.0,16.0,PTD,12.0,1,0
00-0035187,Austin Walter,2020,RB,25-27,1.0,16.0,no_claim,,0,0
00-0035209,Marcus Marshall,2020,RB,<=24,,,no_claim,,0,0
00-0035217,Benny Snell,2020,RB,<=24,15.0,16.0,no_claim,,0,0
00-0035220,Derwin Gray,2020,OL,25-27,0.0,16.0,no_claim,,0,0
00-0035228,Kyler Murray,2020,QB,<=24,16.0,16.0,no_claim,,0,0
00-0035232,Dwayne Haskins,2020,QB,<=24,7.0,16.0,no_claim,,0,0
00-0035233,Andre Dillard,2020,OL,25-27,,,no_claim,,0,0
00-0035234,Tytus Howard,2020,OL,25-27,2.0,16.0,no_claim,,0,0
00-0035235,Kaleb McGary,2020,OL,25-27,14.0,16.0,no_claim,,0,0
00-0035237,Jawaan Taylor,2020,OL,<=24,16.0,16.0,no_claim,,0,0
00-0035238,Cody Ford,2020,OL,<=24,7.0,16.0,TTD,9.0,0,1
00-0035242,Erik McCoy,2020,OL,<=24,1.0,16.0,no_claim,,0,0
00-0035243,Miles Sanders,2020,RB,<=24,12.0,16.0,excluded_sub_threshold,4.0,0,0
00-0035245,Max Scharping,2020,OL,25-27,4.0,16.0,no_claim,,0,0
00-0035250,Devin Singletary,2020,RB,<=24,16.0,16.0,no_claim,,0,0
00-0035251,Will Grier,2020,QB,25-27,,,no_claim,,0,0
00-0035252,Yodny Cajuste,2020,OL,25-27,,,no_claim,,0,0
00-0035256,Bryce Love,2020,RB,<=24,,,no_claim,,0,0
00-0035258,Hjalte Froholdt,2020,OL,25-27,2.0,16.0,no_claim,,0,0
00-0035261,Tony Pollard,2020,RB,<=24,16.0,16.0,no_claim,,0,0
00-0035263,Wes Martin,2020,OL,25-27,9.0,16.0,no_claim,,0,0
00-0035264,Jarrett Stidham,2020,QB,25-27,5.0,16.0,no_claim,,0,0
00-0035266,Michael Jordan,2020,OL,<=24,11.0,16.0,no_claim,,0,0
00-0035268,Ryquell Armstead,2020,RB,<=24,,,no_claim,,0,0
00-0035273,Qadree Ollison,2020,RB,<=24,1.0,16.0,no_claim,,0,0
00-0035274,Ross Pierschbacher,2020,OL,25-27,1.0,16.0,no_claim,,0,0
00-0035282,Easton Stick,2020,QB,25-27,1.0,16.0,no_claim,,0,0
00-0035289,Gardner Minshew,2020,QB,25-27,9.0,16.0,PTD,7.0,1,0
00-0035291,Trayveon Williams,2020,RB,<=24,6.0,16.0,no_claim,,0,0
00-0035295,Isaiah Prince,2020,OL,<=24,,,no_claim,,0,0
00-0035299,Rodney Anderson,2020,RB,<=24,,,no_claim,,0,0
00-0035300,Dennis Daley,2020,OL,25-27,4.0,16.0,TTD,12.0,0,1
00-0035304,Cullen Gillaspia,2020,RB,25-27,1.0,16.0,PTD,15.0,1,0
00-0035311,Myles Gaskin,2020,RB,<=24,10.0,16.0,no_claim,,0,0
00-0035317,Joshua Miles,2020,OL,25-27,,,no_claim,,0,0
00-0035323,Beau Benzschawel,2020,OL,25-27,0.0,16.0,no_claim,,0,0
00-0035328,Matt Nelson,2020,OL,25-27,12.0,16.0,no_claim,,0,0
00-0035331,Ryan Pope,2020,OL,<=24,,,no_claim,,0,0
00-0035342,Patrick Laird,2020,RB,25-27,9.0,16.0,no_claim,,0,0
00-0035344,Aaron Monteiro,2020,OL,<=24,,,no_claim,,0,0
00-0035355,Blake Hance,2020,OL,25-27,2.0,16.0,no_claim,,0,0
00-0035382,Ryan Bates,2020,OL,<=24,15.0,16.0,no_claim,,0,0
00-0035383,Nate Herbig,2020,OL,<=24,,,no_claim,,0,0
00-0035384,Iosua Opeta,2020,OL,25-27,,,no_claim,,0,0
00-0035395,O'Shea Dugas,2020,OL,<=24,,,no_claim,,0,0
00-0035400,Keaton Sutherland,2020,OL,<=24,0.0,16.0,no_claim,,0,0
00-0035403,Ethan Greenidge,2020,OL,<=24,6.0,16.0,no_claim,,0,0
00-0035407,Derrick Kelly,2020,OL,25-27,5.0,16.0,no_claim,,0,0
00-0035416,Mitch Hyatt,2020,OL,<=24,,,no_claim,,0,0
00-0035418,Brandon Knight,2020,OL,<=24,11.0,16.0,excluded_sub_threshold,5.0,0,0
00-0035454,Karan Higdon,2020,RB,<=24,,,no_claim,,0,0
00-0035463,Malcolm Pridgeon,2020,OL,25-27,,,no_claim,,0,0
00-0035467,Bruce Anderson,2020,RB,<=24,,,no_claim,,0,0
00-0035489,Wes Hills,2020,RB,25-27,,,no_claim,,0,0
00-0035492,William Sweet,2020,OL,<=24,,,no_claim,,0,0
00-0035502,Tyler Jones,2020,OL,25-27,,,no_claim,,0,0
00-0035504,Wyatt Miller,2020,OL,25-27,,,no_claim,,0,0
00-0035505,Jalin Moore,2020,RB,25-27,,,no_claim,,0,0
00-0035515,Cody Conway,2020,OL,25-27,,,no_claim,,0,0
00-0035526,Elgton Jenkins,2020,OL,25-27,18.0,16.0,no_claim,,0,0
00-0035536,Lamont Gaillard,2020,OL,25-27,7.0,16.0,PTD,9.0,1,0
00-0035537,Ty Johnson,2020,RB,<=24,10.0,16.0,no_claim,,0,0
00-0035588,Garrett Bradbury,2020,OL,25-27,16.0,16.0,no_claim,,0,0
00-0035594,Travis Homer,2020,RB,<=24,9.0,16.0,TTD,7.0,0,1
00-0035611,Brandon Hitner,2020,OL,25-27,,,no_claim,,0,0
00-0035613,Matt Kaskey,2020,OL,<=24,0.0,16.0,no_claim,,0,0
00-0035623,Chandler Brewer,2020,OL,<=24,,,no_claim,,0,0
00-0035628,D'Ernest Johnson,2020,RB,25-27,8.0,16.0,no_claim,,0,0
00-0035629,Jonah Williams,2020,OL,<=24,,,no_claim,,0,0
00-0035630,Chris Lindstrom,2020,OL,<=24,16.0,16.0,no_claim,,0,0
00-0035649,Nate Davis,2020,OL,<=24,17.0,16.0,no_claim,,0,0
00-0035652,Ryan Finley,2020,QB,25-27,4.0,16.0,no_claim,,0,0
00-0035657,Damien Harris,2020,RB,<=24,10.0,16.0,TTD,6.0,0,1
00-0035661,Ka'John Armstrong,2020,OL,25-27,,,no_claim,,0,0
00-0035664,Darrell Henderson,2020,RB,<=24,15.0,16.0,no_claim,,0,0
00-0035666,Bobby Evans,2020,OL,<=24,3.0,16.0,TTD,13.0,0,1
00-0035668,David Edwards,2020,OL,<=24,16.0,16.0,no_claim,,0,0
00-0035679,Connor McGovern,2020,OL,<=24,27.0,16.0,no_claim,,0,0
00-0035685,David Montgomery,2020,RB,<=24,15.0,16.0,no_claim,,0,0
00-0035686,Michael Deiter,2020,OL,<=24,0.0,16.0,no_claim,,0,0
00-0035688,Trey Pipkins,2020,OL,<=24,11.0,16.0,no_claim,,0,0
00-0035694,Greg Little,2020,OL,<=24,7.0,16.0,no_claim,,0,0
00-0035698,Chuma Edoga,2020,OL,<=24,6.0,16.0,PTD,10.0,1,0
00-0035700,Josh Jacobs,2020,RB,<=24,15.0,16.0,no_claim,,0,0
00-0035702,Dalton Risner,2020,OL,25-27,16.0,16.0,no_claim,,0,0
00-0035704,Drew Lock,2020,QB,<=24,13.0,16.0,excluded_sub_threshold,3.0,0,0
00-0035710,Daniel Jones,2020,QB,<=24,14.0,16.0,excluded_sub_threshold,2.0,0,0
00-0035715,Derrick Gore,2020,RB,25-27,,,no_claim,,0,0
00-0035716,Aca'Cedric Ware,2020,RB,<=24,,,no_claim,,0,0
00-0035726,Jakob Johnson,2020,RB,25-27,7.0,16.0,no_claim,,0,0
00-0035735,Jordan Ta'amu,2020,QB,<=24,,,no_claim,,0,0
00-0035743,Brett Toth,2020,OL,<=24,5.0,16.0,no_claim,,0,0
00-0035752,Chris Streveler,2020,QB,25-27,2.0,16.0,no_claim,,0,0
00-0035766,Josh Knipfel,2020,OL,<=24,,,no_claim,,0,0
00-0035781,Justin Gooseberry,2020,OL,<=24,,,no_claim,,0,0
00-0035784,Evin Ksiezarczyk,2020,OL,<=24,,,no_claim,,0,0
00-0035793,Mikey Daniel,2020,RB,<=24,,,no_claim,,0,0
00-0035798,Clay Cordasco,2020,OL,25-27,,,no_claim,,0,0
00-0035806,JaMycal Hasty,2020,RB,<=24,6.0,16.0,no_claim,,0,0
00-0035815,Tyler Haycraft,2020,OL,<=24,,,no_claim,,0,0
00-0035831,James Robinson,2020,RB,<=24,14.0,16.0,excluded_sub_threshold,2.0,0,0
00-0035832,Tre'Vour Wallace-Simms,2020,OL,<=24,0.0,16.0,no_claim,,0,0
00-0035835,Nathan Cottrell,2020,RB,25-27,,,no_claim,,0,0
00-0035846,Donell Stanley,2020,OL,25-27,,,no_claim,,0,0
00-0035866,Hunter Watts,2020,OL,<=24,,,no_claim,,0,0
00-0035870,Kyle Murphy,2020,OL,<=24,,,no_claim,,0,0
00-0035881,Yasir Durant,2020,OL,<=24,4.0,16.0,no_claim,,0,0
00-0035902,Joshua Dunlop,2020,OL,<=24,,,no_claim,,0,0
00-0035905,Bobby Holly,2020,RB,<=24,,,no_claim,,0,0
00-0035908,Gabe Nabers,2020,RB,<=24,8.0,16.0,no_claim,,0,0
00-0035909,Ryan Roberts,2020,OL,<=24,,,no_claim,,0,0
00-0035912,LeVante Bellamy,2020,RB,<=24,2.0,16.0,no_claim,,0,0
00-0035919,Steven Gonzalez,2020,OL,<=24,,,no_claim,,0,0
00-0035924,Jonathan Ward,2020,RB,<=24,1.0,16.0,no_claim,,0,0
00-0035939,Bryce Perkins,2020,QB,<=24,,,no_claim,,0,0
00-0035957,Rodney Smith,2020,RB,25-27,7.0,16.0,no_claim,,0,0
00-0035973,Patrick Taylor,2020,RB,<=24,,,no_claim,,0,0
00-0035983,Jake Lacina,2020,OL,<=24,,,no_claim,,0,0
00-0035992,Trystan Colon,2020,OL,<=24,2.0,16.0,no_claim,,0,0
00-0035993,Tyler Huntley,2020,QB,<=24,2.0,16.0,no_claim,,0,0
00-0035997,Julian Good-Jones,2020,OL,<=24,,,no_claim,,0,0
00-0035999,Luke Juriga,2020,OL,<=24,3.0,16.0,no_claim,,0,0
00-0036006,Michael Warren,2020,RB,<=24,,,no_claim,,0,0
00-0036020,Salvon Ahmed,2020,RB,<=24,6.0,16.0,TTD,10.0,0,1
00-0036022,Steven Montez,2020,QB,<=24,,,no_claim,,0,0
00-0036027,Darius Anderson,2020,RB,<=24,,,no_claim,,0,0
00-0036033,Sewo Olonilua,2020,RB,<=24,,,no_claim,,0,0
00-0036036,Terence Steele,2020,OL,<=24,16.0,16.0,no_claim,,0,0
00-0036051,Zach Shackelford,2020,OL,<=24,,,no_claim,,0,0
00-0036052,Reid Sinnett,2020,QB,<=24,,,no_claim,,0,0
00-0036054,Patrick Carr,2020,RB,25-27,,,no_claim,,0,0
00-0036069,Scottie Phillips,2020,RB,<=24,1.0,16.0,no_claim,,0,0
00-0036075,Sean Pollard,2020,OL,<=24,,,no_claim,,0,0
00-0036078,Xavier Jones,2020,RB,<=24,,,no_claim,,0,0
00-0036092,Brian Lewerke,2020,QB,<=24,,,no_claim,,0,0
00-0036096,J.J. Taylor,2020,RB,<=24,5.0,16.0,PTD,11.0,1,0
00-0036105,Nick Leverett,2020,OL,<=24,,,no_claim,,0,0
00-0036112,Kevin Davidson,2020,QB,<=24,,,no_claim,,0,0
00-0036113,Drake Dorbeck,2020,OL,<=24,,,no_claim,,0,0
00-0036117,Benny LeMay,2020,RB,<=24,,,no_claim,,0,0
00-0036120,Alex Taylor,2020,OL,<=24,,,no_claim,,0,0
00-0036131,Solomon Kindley,2020,OL,<=24,13.0,16.0,excluded_sub_threshold,3.0,0,0
00-0036132,Ben Bredeson,2020,OL,<=24,5.0,16.0,no_claim,,0,0
00-0036139,Rico Dowdle,2020,RB,<=24,2.0,16.0,no_claim,,0,0
00-0036143,Marquel Harrell,2020,OL,<=24,,,no_claim,,0,0
00-0036158,J.K. Dobbins,2020,RB,<=24,15.0,16.0,no_claim,,0,0
00-0036163,Justin Herron,2020,OL,25-27,12.0,16.0,no_claim,,0,0
00-0036171,Aaron Brewer,2020,OL,<=24,7.0,16.0,no_claim,,0,0
00-0036178,Anthony McKinney,2020,OL,<=24,,,no_claim,,0,0
00-0036179,Cameron Scarlett,2020,RB,<=24,,,no_claim,,0,0
00-0036195,Charlie Heck,2020,OL,<=24,3.0,16.0,no_claim,,0,0
00-0036197,Jake Fromm,2020,QB,<=24,,,no_claim,,0,0
00-0036198,Mike Onwenu,2020,OL,<=24,16.0,16.0,no_claim,,0,0
00-0036208,Artavis Pierce,2020,RB,25-27,3.0,16.0,no_claim,,0,0
00-0036212,Tua Tagovailoa,2020,QB,<=24,10.0,16.0,no_claim,,0,0
00-0036214,Tyre Phillips,2020,OL,<=24,2.0,16.0,TTD,14.0,0,1
00-0036215,Danny Pinter,2020,OL,25-27,11.0,16.0,no_claim,,0,0
00-0036223,Jonathan Taylor,2020,RB,<=24,15.0,16.0,no_claim,,0,0
00-0036226,Jacob Eason,2020,QB,<=24,,,no_claim,,0,0
00-0036230,Prince Tega Wanogho,2020,OL,<=24,0.0,16.0,no_claim,,0,0
00-0036234,Logan Stenberg,2020,OL,<=24,0.0,16.0,no_claim,,0,0
00-0036236,Nick Harris,2020,OL,<=24,5.0,16.0,PTD,11.0,1,0
00-0036242,Simon Stepaniak,2020,OL,<=24,,,no_claim,,0,0
00-0036245,Malcolm Perry,2020,RB,<=24,8.0,16.0,no_claim,,0,0
00-0036246,Jon Runyan,2020,OL,<=24,,,no_claim,,0,0
00-0036248,Austin Jackson,2020,OL,<=24,13.0,16.0,no_claim,,0,0
00-0036251,Zack Moss,2020,RB,<=24,13.0,16.0,excluded_sub_threshold,3.0,0,0
00-0036256,Colton McKivitz,2020,OL,25-27,9.0,16.0,no_claim,,0,0
00-0036258,Jonah Jackson,2020,OL,<=24,16.0,16.0,no_claim,,0,0
00-0036263,Cameron Clark,2020,OL,<=24,,,no_claim,,0,0
00-0036264,Jordan Love,2020,QB,<=24,,,no_claim,,0,0
00-0036265,AJ Dillon,2020,RB,<=24,9.0,16.0,no_claim,,0,0
00-0036267,Jedrick Wills,2020,OL,<=24,,,no_claim,,0,0
00-0036269,La'Mical Perine,2020,RB,<=24,9.0,16.0,PTD,7.0,1,0
00-0036272,Ben Bartch,2020,OL,<=24,6.0,16.0,no_claim,,0,0
00-0036275,D'Andre Swift,2020,RB,<=24,13.0,16.0,excluded_sub_threshold,3.0,0,0
00-0036278,Jason Huntley,2020,RB,<=24,3.0,16.0,PTD,13.0,1,0
00-0036284,Mekhi Becton,2020,OL,<=24,14.0,16.0,excluded_sub_threshold,2.0,0,0
00-0036295,Matt Hennessy,2020,OL,<=24,9.0,16.0,no_claim,,0,0
00-0036297,Darrynton Evans,2020,RB,<=24,4.0,16.0,PTD,12.0,1,0
00-0036301,James Morgan,2020,QB,<=24,,,no_claim,,0,0
00-0036310,Hakeem Adeniji,2020,OL,<=24,5.0,16.0,no_claim,,0,0
00-0036312,Jake Luton,2020,QB,25-27,3.0,16.0,no_claim,,0,0
00-0036317,Arlington Hambright,2020,OL,25-27,2.0,16.0,no_claim,,0,0
00-0036318,Lachavious Simmons,2020,OL,<=24,,,no_claim,,0,0
00-0036325,Robert Hunt,2020,OL,25-27,1.0,16.0,no_claim,,0,0
00-0036327,Ezra Cleveland,2020,OL,<=24,9.0,16.0,TTD,7.0,0,1
00-0036328,Antonio Gibson,2020,RB,<=24,14.0,16.0,excluded_sub_threshold,2.0,0,0
00-0036334,Saahdiq Charles,2020,OL,<=24,1.0,16.0,TTD,15.0,0,1
00-0036336,Anthony McFarland,2020,RB,<=24,11.0,16.0,no_claim,,0,0
00-0036339,Kevin Dotson,2020,OL,<=24,9.0,16.0,TTD,7.0,0,1
00-0036342,Keith Ismael,2020,OL,<=24,1.0,16.0,no_claim,,0,0
00-0036354,Kyle Hinton,2020,OL,<=24,,,no_claim,,0,0
00-0036355,Justin Herbert,2020,QB,<=24,15.0,16.0,no_claim,,0,0
00-0036360,Clyde Edwards-Helaire,2020,RB,<=24,13.0,16.0,excluded_sub_threshold,3.0,0,0
00-0036363,Josh Jones,2020,OL,<=24,9.0,16.0,TTD,7.0,0,1
00-0036367,Lucas Niang,2020,OL,<=24,,,no_claim,,0,0
00-0036369,John Simpson,2020,OL,<=24,5.0,16.0,no_claim,,0,0
00-0036370,Joshua Kelley,2020,RB,<=24,13.0,16.0,no_claim,,0,0
00-0036376,Tyler Biadasz,2020,OL,<=24,8.0,16.0,TTD,8.0,0,1
00-0036383,Eno Benjamin,2020,RB,<=24,,,no_claim,,0,0
00-0036384,Ben DiNucci,2020,QB,<=24,2.0,16.0,no_claim,,0,0
00-0036386,Andrew Thomas,2020,OL,<=24,16.0,16.0,no_claim,,0,0
00-0036389,Jalen Hurts,2020,QB,<=24,14.0,16.0,no_claim,,0,0
00-0036391,Lloyd Cushenberry,2020,OL,<=24,,,no_claim,,0,0
00-0036392,Matt Peart,2020,OL,<=24,11.0,16.0,no_claim,,0,0
00-0036396,Jack Driscoll,2020,OL,<=24,10.0,16.0,TTD,6.0,0,1
00-0036397,Shane Lemieux,2020,OL,<=24,11.0,16.0,no_claim,,0,0
00-0036399,Netane Muti,2020,OL,<=24,2.0,16.0,no_claim,,0,0
00-0036406,Tristan Wirfs,2020,OL,<=24,20.0,16.0,no_claim,,0,0
00-0036408,Cesar Ruiz,2020,OL,<=24,,,no_claim,,0,0
00-0036414,Cam Akers,2020,RB,<=24,11.0,16.0,excluded_sub_threshold,5.0,0,0
00-0036417,Damien Lewis,2020,OL,<=24,17.0,16.0,no_claim,,0,0
00-0036425,DeeJay Dallas,2020,RB,<=24,8.0,16.0,TTD,8.0,0,1
00-0036433,Tommy Stevens,2020,QB,<=24,1.0,16.0,no_claim,,0,0
00-0036435,Raymond Calais,2020,RB,<=24,,,no_claim,,0,0
00-0036437,Tremayne Anchrum,2020,OL,<=24,1.0,16.0,no_claim,,0,0
00-0036442,Joe Burrow,2020,QB,<=24,10.0,16.0,no_claim,,0,0
00-0036445,Isaiah Wilson,2020,OL,<=24,1.0,16.0,PTD,15.0,1,0
00-0036450,Ke'Shawn Vaughn,2020,RB,<=24,6.0,16.0,no_claim,,0,0
00-0019596,Tom Brady,2021,QB,31+,17.0,17.0,no_claim,,0,0
00-0020531,Drew Brees,2021,QB,31+,,,no_claim,,0,0
00-0022531,Jason Peters,2021,OL,31+,15.0,17.0,excluded_sub_threshold,2.0,0,0
00-0022924,Ben Roethlisberger,2021,QB,31+,16.0,17.0,no_claim,,0,0
00-0023459,Aaron Rodgers,2021,QB,31+,16.0,17.0,no_claim,,0,0
00-0023516,Richie Incognito,2021,OL,31+,,,no_claim,,0,0
00-0023682,Ryan Fitzpatrick,2021,QB,31+,1.0,17.0,no_claim,,0,0
00-0023894,Donald Penn,2021,OL,31+,,,no_claim,,0,0
00-0024270,Andrew Whitworth,2021,OL,31+,18.0,17.0,no_claim,,0,0
00-0026143,Matt Ryan,2021,QB,31+,17.0,17.0,no_claim,,0,0
00-0026158,Joe Flacco,2021,QB,31+,2.0,17.0,no_claim,,0,0
00-0026166,Duane Brown,2021,OL,31+,17.0,17.0,no_claim,,0,0
00-0026197,Chad Henne,2021,QB,31+,4.0,17.0,no_claim,,0,0
00-0026300,Josh Johnson,2021,QB,31+,4.0,17.0,no_claim,,0,0
00-0026498,Matthew Stafford,2021,QB,31+,17.0,17.0,no_claim,,0,0
00-0026544,Chase Daniel,2021,QB,31+,1.0,17.0,no_claim,,0,0
00-0026625,Brian Hoyer,2021,QB,31+,5.0,17.0,no_claim,,0,0
00-0026982,Andre Smith,2021,OL,31+,1.0,17.0,no_claim,,0,0
00-0026997,Alex Mack,2021,OL,31+,20.0,17.0,no_claim,,0,0
00-0027607,Ted Larsen,2021,OL,31+,,,no_claim,,0,0
00-0027648,Rodger Saffold,2021,OL,31+,16.0,17.0,no_claim,,0,0
00-0027688,Colt McCoy,2021,QB,31+,7.0,17.0,no_claim,,0,0
00-0027778,Sam Young,2021,OL,31+,,,no_claim,,0,0
00-0027857,Trent Williams,2021,OL,31+,18.0,17.0,no_claim,,0,0
00-0027875,Bryan Bulaga,2021,OL,31+,1.0,17.0,no_claim,,0,0
00-0027939,Cam Newton,2021,QB,31+,7.0,17.0,no_claim,,0,0
00-0027947,Tyron Smith,2021,OL,31+,12.0,17.0,excluded_sub_threshold,5.0,0,0
00-0027948,Blaine Gabbert,2021,QB,31+,6.0,17.0,no_claim,,0,0
00-0027955,Nate Solder,2021,OL,31+,16.0,17.0,no_claim,,0,0
00-0027963,James Carpenter,2021,OL,31+,3.0,17.0,no_claim,,0,0
00-0027966,Mark Ingram,2021,RB,31+,14.0,17.0,no_claim,,0,0
00-0027973,Andy Dalton,2021,QB,31+,8.0,17.0,TTD,9.0,0,1
00-0027993,Rodney Hudson,2021,OL,31+,13.0,17.0,excluded_sub_threshold,4.0,0,0
00-0028001,Marcus Gilbert,2021,OL,31+,,,no_claim,,0,0
00-0028063,Taiwan Jones,2021,RB,31+,,,no_claim,,0,0
00-0028076,Marcus Cannon,2021,OL,31+,4.0,17.0,no_claim,,0,0
00-0028118,Tyrod Taylor,2021,QB,31+,6.0,17.0,no_claim,,0,0
00-0028129,Jason Kelce,2021,OL,31+,18.0,17.0,no_claim,,0,0
00-0028240,Kenny Wiggins,2021,OL,31+,,,no_claim,,0,0
00-0028986,Case Keenum,2021,QB,31+,5.0,17.0,no_claim,,0,0
00-0029144,Tom Compton,2021,OL,31+,13.0,17.0,no_claim,,0,0
00-0029146,J.R. Sweezy,2021,OL,31+,,,no_claim,,0,0
00-0029164,Mike Remmers,2021,OL,31+,4.0,17.0,PTD,13.0,1,0
00-0029239,Brandon Bolden,2021,RB,31+,16.0,17.0,no_claim,,0,0
00-0029263,Russell Wilson,2021,QB,31+,14.0,17.0,excluded_sub_threshold,3.0,0,0
00-0029278,Joe Looney,2021,OL,31+,,,no_claim,,0,0
00-0029316,Kelvin Beachum,2021,OL,31+,16.0,17.0,no_claim,,0,0
00-0029413,Ben Jones,2021,OL,31+,18.0,17.0,no_claim,,0,0
00-0029419,Dennis Kelly,2021,OL,31+,6.0,17.0,PTD,11.0,1,0
00-0029528,Bobby Massie,2021,OL,31+,13.0,17.0,excluded_sub_threshold,4.0,0,0
00-0029546,Senio Kelemete,2021,OL,31+,6.0,17.0,no_claim,,0,0
00-0029567,Nick Foles,2021,QB,31+,1.0,17.0,PTD,16.0,1,0
00-0029592,Kevin Zeitler,2021,OL,31+,17.0,17.0,no_claim,,0,0
00-0029604,Kirk Cousins,2021,QB,31+,16.0,17.0,no_claim,,0,0
00-0029615,Lamar Miller,2021,RB,31+,,,no_claim,,0,0
00-0029672,Riley Reiff,2021,OL,31+,12.0,17.0,excluded_sub_threshold,5.0,0,0
00-0029679,Brandon Brooks,2021,OL,31+,2.0,17.0,no_claim,,0,0
00-0029685,Greg Van Roten,2021,OL,31+,12.0,17.0,no_claim,,0,0
00-0029701,Ryan Tannehill,2021,QB,31+,17.0,17.0,no_claim,,0,0
00-0029709,Ty Nsekhe,2021,OL,31+,6.0,17.0,TTD,11.0,0,1
00-0029857,Ryan Griffin,2021,QB,31+,,,no_claim,,0,0
00-0029889,Patrick Omameh,2021,OL,31+,0.0,17.0,no_claim,,0,0
00-0029892,Kyle Juszczyk,2021,RB,31+,15.0,17.0,no_claim,,0,0
00-0029895,Ryan Jensen,2021,OL,31+,19.0,17.0,no_claim,,0,0
00-0029963,Chris Hubbard,2021,OL,31+,,,no_claim,,0,0
00-0030011,Jordan Devey,2021,OL,31+,,,no_claim,,0,0
00-0030046,Jordan Mills,2021,OL,31+,5.0,17.0,no_claim,,0,0
00-0030066,Brian Winters,2021,OL,31+,2.0,17.0,PTD,15.0,1,0
00-0030067,Terron Armstead,2021,OL,31+,8.0,17.0,TTD,9.0,0,1
00-0030074,David Bakhtiari,2021,OL,28-30,1.0,17.0,TTD,16.0,0,1
00-0030076,JC Tretter,2021,OL,31+,16.0,17.0,no_claim,,0,0
00-0030083,Oday Aboushi,2021,OL,31+,5.0,17.0,no_claim,,0,0
00-0030097,David Quessenberry,2021,OL,31+,18.0,17.0,no_claim,,0,0
00-0030107,Theo Riddick,2021,RB,31+,,,no_claim,,0,0
00-0030151,Tyler Bray,2021,QB,28-30,,,no_claim,,0,0
00-0030273,Lane Taylor,2021,OL,31+,5.0,17.0,no_claim,,0,0
00-0030288,Rex Burkhead,2021,RB,31+,14.0,17.0,excluded_sub_threshold,3.0,0,0
00-0030404,Chris Thompson,2021,RB,31+,,,no_claim,,0,0
00-0030441,Kyle Long,2021,OL,31+,,,no_claim,,0,0
00-0030456,Giovani Bernard,2021,RB,28-30,10.0,17.0,PTD,7.0,1,0
00-0030496,Le'Veon Bell,2021,RB,28-30,8.0,17.0,no_claim,,0,0
00-0030504,Earl Watford,2021,OL,31+,,,no_claim,,0,0
00-0030505,D.J. Fluker,2021,OL,31+,,,no_claim,,0,0
00-0030513,Latavius Murray,2021,RB,31+,14.0,17.0,excluded_sub_threshold,3.0,0,0
00-0030520,Mike Glennon,2021,QB,31+,6.0,17.0,PTD,11.0,1,0
00-0030561,Lane Johnson,2021,OL,31+,14.0,17.0,excluded_sub_threshold,3.0,0,0
00-0030565,Geno Smith,2021,QB,31+,4.0,17.0,no_claim,,0,0
00-0030578,Cordarrelle Patterson,2021,RB,31+,16.0,17.0,no_claim,,0,0
00-0030584,Eric Fisher,2021,OL,31+,15.0,17.0,excluded_sub_threshold,2.0,0,0
00-0030585,Justin Pugh,2021,OL,31+,14.0,17.0,excluded_sub_threshold,3.0,0,0
00-0030648,Alejandro Villanueva,2021,OL,31+,17.0,17.0,no_claim,,0,0
00-0030694,James Hurst,2021,OL,28-30,17.0,17.0,no_claim,,0,0
00-0030706,Josh Andrews,2021,OL,31+,0.0,17.0,PTD,17.0,1,0
00-0030725,Cornelius Lucas,2021,OL,31+,11.0,17.0,no_claim,,0,0
00-0030781,Trey Hopkins,2021,OL,28-30,19.0,17.0,no_claim,,0,0
00-0030792,Justin McCray,2021,OL,28-30,12.0,17.0,excluded_sub_threshold,5.0,0,0
00-0030827,Tyler Shatley,2021,OL,31+,10.0,17.0,no_claim,,0,0
00-0030829,Josh Wells,2021,OL,31+,18.0,17.0,no_claim,,0,0
00-0030869,Tyler Larsen,2021,OL,31+,5.0,17.0,TTD,12.0,0,1
00-0030874,Damien Williams,2021,RB,28-30,10.0,17.0,PTD,7.0,1,0
00-0030968,Keith Smith,2021,RB,28-30,9.0,17.0,no_claim,,0,0
00-0030997,Zach Fulton,2021,OL,28-30,,,no_claim,,0,0
00-0031017,Dakota Dozier,2021,OL,31+,0.0,17.0,no_claim,,0,0
00-0031019,Corey Linsley,2021,OL,31+,16.0,17.0,no_claim,,0,0
00-0031022,Laurent Duvernay-Tardif,2021,OL,31+,7.0,17.0,PTD,10.0,1,0
00-0031031,Brent Qvale,2021,OL,31+,,,no_claim,,0,0
00-0031045,Carlos Hyde,2021,RB,31+,11.0,17.0,PTD,6.0,1,0
00-0031062,James White,2021,RB,28-30,3.0,17.0,PTD,14.0,1,0
00-0031067,Cameron Fleming,2021,OL,28-30,5.0,17.0,no_claim,,0,0
00-0031095,Charles Leno Jr.,2021,OL,28-30,,,no_claim,,0,0
00-0031122,Andrew Norwell,2021,OL,28-30,17.0,17.0,no_claim,,0,0
00-0031142,Matt Feiler,2021,OL,28-30,16.0,17.0,no_claim,,0,0
00-0031152,Bryan Witzmann,2021,OL,31+,,,no_claim,,0,0
00-0031237,Teddy Bridgewater,2021,QB,28-30,14.0,17.0,excluded_sub_threshold,3.0,0,0
00-0031238,Weston Richburg,2021,OL,31+,,,no_claim,,0,0
00-0031279,Jake Matthews,2021,OL,28-30,17.0,17.0,no_claim,,0,0
00-0031280,Derek Carr,2021,QB,31+,17.0,17.0,no_claim,,0,0
00-0031282,Justin Britt,2021,OL,31+,11.0,17.0,no_claim,,0,0
00-0031285,Devonta Freeman,2021,RB,28-30,16.0,17.0,no_claim,,0,0
00-0031288,A.J. McCarron,2021,QB,31+,,,no_claim,,0,0
00-0031330,Morgan Moses,2021,OL,31+,17.0,17.0,no_claim,,0,0
00-0031337,Marcus Martin,2021,OL,28-30,,,no_claim,,0,0
00-0031345,Jimmy Garoppolo,2021,QB,28-30,15.0,17.0,excluded_sub_threshold,2.0,0,0
00-0031349,Matt Paradis,2021,OL,31+,9.0,17.0,no_claim,,0,0
00-0031353,Michael Schofield,2021,OL,31+,14.0,17.0,no_claim,,0,0
00-0031362,Trai Turner,2021,OL,28-30,18.0,17.0,no_claim,,0,0
00-0031367,Gabe Jackson,2021,OL,31+,16.0,17.0,no_claim,,0,0
00-0031369,Brandon Linder,2021,OL,28-30,9.0,17.0,PTD,8.0,1,0
00-0031376,Jerick McKinnon,2021,RB,28-30,7.0,17.0,no_claim,,0,0
00-0031395,Garrett Gilbert,2021,QB,31+,1.0,17.0,no_claim,,0,0
00-0031402,Zack Martin,2021,OL,31+,17.0,17.0,no_claim,,0,0
00-0031417,Ja'Wuan James,2021,OL,28-30,,,no_claim,,0,0
00-0031426,Joel Bitonio,2021,OL,28-30,17.0,17.0,no_claim,,0,0
00-0031433,Billy Turner,2021,OL,28-30,14.0,17.0,excluded_sub_threshold,3.0,0,0
00-0031442,Taylor Lewan,2021,OL,31+,14.0,17.0,excluded_sub_threshold,3.0,0,0
00-0031489,Brett Jones,2021,OL,31+,,,no_claim,,0,0
00-0031503,Jameis Winston,2021,QB,28-30,7.0,17.0,PTD,10.0,1,0
00-0031534,La'el Collins,2021,OL,28-30,13.0,17.0,no_claim,,0,0
00-0031567,Daryl Williams,2021,OL,28-30,19.0,17.0,no_claim,,0,0
00-0031575,Jamil Douglas,2021,OL,28-30,1.0,17.0,no_claim,,0,0
00-0031580,Shaquille Mason,2021,OL,28-30,,,no_claim,,0,0
00-0031581,Mark Glowinski,2021,OL,28-30,16.0,17.0,no_claim,,0,0
00-0031595,Michael Burton,2021,RB,28-30,9.0,17.0,TTD,8.0,0,1
00-0031622,Bobby Hart,2021,OL,28-30,4.0,17.0,no_claim,,0,0
00-0031632,Denzelle Good,2021,OL,31+,1.0,17.0,no_claim,,0,0
00-0031687,Raheem Mostert,2021,RB,28-30,1.0,17.0,no_claim,,0,0
00-0031734,Chris Reed,2021,OL,28-30,12.0,17.0,no_claim,,0,0
00-0031779,B.J. Finney,2021,OL,28-30,4.0,17.0,PTD,13.0,1,0
00-0031800,Taylor Heinicke,2021,QB,28-30,16.0,17.0,no_claim,,0,0
00-0031806,Malcolm Brown,2021,RB,28-30,6.0,17.0,no_claim,,0,0
00-0031852,David Andrews,2021,OL,28-30,18.0,17.0,no_claim,,0,0
00-0031893,Jesse Davis,2021,OL,28-30,17.0,17.0,no_claim,,0,0
00-0031921,Kendall Lamm,2021,OL,28-30,8.0,17.0,no_claim,,0,0
00-0031923,Greg Mancz,2021,OL,28-30,4.0,17.0,no_claim,,0,0
00-0031928,Chad Slade,2021,OL,28-30,,,no_claim,,0,0
00-0031936,Mitch Morse,2021,OL,28-30,19.0,17.0,no_claim,,0,0
00-0031958,Austin Reiter,2021,OL,28-30,6.0,17.0,no_claim,,0,0
00-0032043,Quinton Spain,2021,OL,31+,20.0,17.0,no_claim,,0,0
00-0032053,Brandon Scherff,2021,OL,28-30,11.0,17.0,TTD,6.0,0,1
00-0032058,Tevin Coleman,2021,RB,28-30,11.0,17.0,PTD,6.0,1,0
00-0032063,Mike Davis,2021,RB,28-30,17.0,17.0,no_claim,,0,0
00-0032071,Trent Brown,2021,OL,28-30,,,no_claim,,0,0
00-0032104,Ameer Abdullah,2021,RB,28-30,15.0,17.0,no_claim,,0,0
00-0032132,Max Garcia,2021,OL,28-30,14.0,17.0,no_claim,,0,0
00-0032144,Melvin Gordon,2021,RB,28-30,16.0,17.0,no_claim,,0,0
00-0032145,Cameron Erving,2021,OL,28-30,9.0,17.0,TTD,8.0,0,1
00-0032147,Ty Sambrailo,2021,OL,28-30,3.0,17.0,no_claim,,0,0
00-0032149,John Miller,2021,OL,28-30,10.0,17.0,PTD,7.0,1,0
00-0032151,Jon Feliciano,2021,OL,28-30,9.0,17.0,TTD,8.0,0,1
00-0032156,Trevor Siemian,2021,QB,28-30,6.0,17.0,no_claim,,0,0
00-0032187,David Johnson,2021,RB,28-30,13.0,17.0,no_claim,,0,0
00-0032203,Andrus Peat,2021,OL,28-30,6.0,17.0,TTD,11.0,0,1
00-0032217,Donovan Smith,2021,OL,28-30,19.0,17.0,no_claim,,0,0
00-0032222,D.J. Humphries,2021,OL,28-30,17.0,17.0,no_claim,,0,0
00-0032233,Cedric Ogbuehi,2021,OL,28-30,1.0,17.0,PTD,16.0,1,0
00-0032234,Laken Tomlinson,2021,OL,28-30,20.0,17.0,no_claim,,0,0
00-0032242,Rob Havenstein,2021,OL,28-30,19.0,17.0,no_claim,,0,0
00-0032243,Ali Marpet,2021,OL,28-30,18.0,17.0,no_claim,,0,0
00-0032245,Sean Mannion,2021,QB,28-30,1.0,17.0,no_claim,,0,0
00-0032255,A.J. Cann,2021,OL,28-30,4.0,17.0,no_claim,,0,0
00-0032257,Duke Johnson,2021,RB,28-30,5.0,17.0,no_claim,,0,0
00-0032259,Ereck Flowers,2021,OL,28-30,16.0,17.0,no_claim,,0,0
00-0032268,Marcus Mariota,2021,QB,28-30,7.0,17.0,TTD,10.0,0,1
00-0032380,Laremy Tunsil,2021,OL,28-30,5.0,17.0,TTD,12.0,0,1
00-0032381,Taylor Decker,2021,OL,28-30,9.0,17.0,TTD,8.0,0,1
00-0032383,Ryan Kelly,2021,OL,28-30,14.0,17.0,excluded_sub_threshold,3.0,0,0
00-0032384,Germain Ifedi,2021,OL,28-30,7.0,17.0,no_claim,,0,0
00-0032391,Joe Thuney,2021,OL,28-30,20.0,17.0,no_claim,,0,0
00-0032393,C.J. Prosise,2021,RB,28-30,,,no_claim,,0,0
00-0032395,Graham Glasgow,2021,OL,28-30,7.0,17.0,TTD,10.0,0,1
00-0032407,Alex Lewis,2021,OL,28-30,,,no_claim,,0,0
00-0032419,Joe Haeg,2021,OL,28-30,9.0,17.0,no_claim,,0,0
00-0032420,Brandon Shell,2021,OL,28-30,10.0,17.0,TTD,7.0,0,1
00-0032426,Alex Collins,2021,RB,28-30,11.0,17.0,no_claim,,0,0
00-0032432,Wes Schweitzer,2021,OL,28-30,11.0,17.0,PTD,6.0,1,0
00-0032433,Kyle Murphy,2021,OL,28-30,1.0,17.0,no_claim,,0,0
00-0032434,Brandon Allen,2021,QB,28-30,5.0,17.0,no_claim,,0,0
00-0032436,Jeff Driskel,2021,QB,28-30,,,no_claim,,0,0
00-0032443,Joey Hunt,2021,OL,28-30,,,no_claim,,0,0
00-0032445,Ted Karras,2021,OL,28-30,15.0,17.0,no_claim,,0,0
00-0032450,Dwayne Washington,2021,RB,28-30,3.0,17.0,PTD,14.0,1,0
00-0032455,Austin Blythe,2021,OL,28-30,4.0,17.0,TTD,13.0,0,1
00-0032466,George Fant,2021,OL,28-30,15.0,17.0,excluded_sub_threshold,2.0,0,0
00-0032520,Rashod Hill,2021,OL,28-30,6.0,17.0,no_claim,,0,0
00-0032528,Justin Murray,2021,OL,28-30,3.0,17.0,PTD,14.0,1,0
00-0032575,Matt Skura,2021,OL,28-30,14.0,17.0,no_claim,,0,0
00-0032602,J.D. McKissic,2021,RB,28-30,11.0,17.0,TTD,6.0,0,1
00-0032701,Jake Brendel,2021,OL,28-30,2.0,17.0,no_claim,,0,0
00-0032741,Peyton Barber,2021,RB,28-30,9.0,17.0,no_claim,,0,0
00-0032764,Derrick Henry,2021,RB,28-30,8.0,17.0,no_claim,,0,0
00-0032766,Jason Spriggs,2021,OL,28-30,8.0,17.0,no_claim,,0,0
00-0032768,Cody Whitehair,2021,OL,28-30,17.0,17.0,no_claim,,0,0
00-0032779,Caleb Benenoch,2021,OL,28-30,1.0,17.0,no_claim,,0,0
00-0032780,Jordan Howard,2021,RB,25-27,7.0,17.0,PTD,10.0,1,0
00-0032785,Halapoulivaati Vaitai,2021,OL,28-30,15.0,17.0,excluded_sub_threshold,2.0,0,0
00-0032787,Cole Toner,2021,OL,28-30,1.0,17.0,no_claim,,0,0
00-0032792,Nate Sudfeld,2021,QB,28-30,,,no_claim,,0,0
00-0032813,Elijhaa Penny,2021,RB,28-30,11.0,17.0,no_claim,,0,0
00-0032877,Marcus Henry,2021,OL,28-30,1.0,17.0,no_claim,,0,0
00-0032897,Derek Watt,2021,RB,28-30,4.0,17.0,no_claim,,0,0
00-0032918,C.J. Ham,2021,RB,28-30,15.0,17.0,no_claim,,0,0
00-0032950,Carson Wentz,2021,QB,28-30,17.0,17.0,no_claim,,0,0
00-0032954,Isaac Seumalo,2021,OL,28-30,3.0,17.0,no_claim,,0,0
00-0032956,Andy Janovich,2021,RB,28-30,5.0,17.0,no_claim,,0,0
00-0032965,Ronnie Stanley,2021,OL,28-30,1.0,17.0,TTD,16.0,0,1
00-0032969,Nick Martin,2021,OL,28-30,3.0,17.0,no_claim,,0,0
00-0032972,Devontae Booker,2021,RB,28-30,16.0,17.0,no_claim,,0,0
00-0032975,Jonathan Williams,2021,RB,28-30,5.0,17.0,no_claim,,0,0
00-0033011,Connor McGovern,2021,OL,28-30,31.0,17.0,no_claim,,0,0
00-0033025,Jalen Richard,2021,RB,28-30,8.0,17.0,no_claim,,0,0
00-0033045,Ezekiel Elliott,2021,RB,25-27,17.0,17.0,no_claim,,0,0
00-0033049,Darius Jackson,2021,RB,28-30,,,no_claim,,0,0
00-0033057,Jack Conklin,2021,OL,28-30,7.0,17.0,TTD,10.0,0,1
00-0033065,Le'Raven Clark,2021,OL,28-30,2.0,17.0,no_claim,,0,0
00-0033077,Dak Prescott,2021,QB,28-30,16.0,17.0,no_claim,,0,0
00-0033082,Lucas Patrick,2021,OL,28-30,15.0,17.0,no_claim,,0,0
00-0033106,Jared Goff,2021,QB,25-27,14.0,17.0,excluded_sub_threshold,3.0,0,0
00-0033118,Kenyan Drake,2021,RB,28-30,12.0,17.0,no_claim,,0,0
00-0033119,Jacoby Brissett,2021,QB,28-30,10.0,17.0,no_claim,,0,0
00-0033164,Troymaine Pope,2021,RB,28-30,,,no_claim,,0,0
00-0033221,Daniel Brunskill,2021,OL,28-30,20.0,17.0,no_claim,,0,0
00-0033275,Phillip Walker,2021,QB,25-27,5.0,17.0,no_claim,,0,0
00-0033280,Christian McCaffrey,2021,RB,25-27,7.0,17.0,TTD,10.0,0,1
00-0033284,Taylor Moton,2021,OL,28-30,17.0,17.0,no_claim,,0,0
00-0033290,Jermaine Eluemunor,2021,OL,25-27,4.0,17.0,no_claim,,0,0
00-0033293,Aaron Jones,2021,RB,25-27,15.0,17.0,excluded_sub_threshold,2.0,0,0
00-0033295,Elijah McGuire,2021,RB,28-30,,,no_claim,,0,0
00-0033296,Alex Armah,2021,RB,28-30,5.0,17.0,no_claim,,0,0
00-0033300,Conor McDermott,2021,OL,28-30,5.0,17.0,no_claim,,0,0
00-0033308,Matt Breida,2021,RB,25-27,7.0,17.0,no_claim,,0,0
00-0033319,Nick Mullens,2021,QB,25-27,1.0,17.0,no_claim,,0,0
00-0033357,Taysom Hill,2021,QB,31+,12.0,17.0,excluded_sub_threshold,5.0,0,0
00-0033376,Patrick Ricard,2021,RB,28-30,7.0,17.0,no_claim,,0,0
00-0033446,Jordan Simmons,2021,OL,28-30,3.0,17.0,no_claim,,0,0
00-0033511,Sean Harlow,2021,OL,25-27,11.0,17.0,no_claim,,0,0
00-0033526,Samaje Perine,2021,RB,25-27,15.0,17.0,no_claim,,0,0
00-0033529,Chase Roullier,2021,OL,28-30,8.0,17.0,no_claim,,0,0
00-0033537,Deshaun Watson,2021,QB,25-27,,,no_claim,,0,0
00-0033538,Garett Bolles,2021,OL,28-30,14.0,17.0,excluded_sub_threshold,3.0,0,0
00-0033553,James Conner,2021,RB,25-27,15.0,17.0,no_claim,,0,0
00-0033556,Tarik Cohen,2021,RB,25-27,,,no_claim,,0,0
00-0033560,Julie'n Davenport,2021,OL,25-27,,,no_claim,,0,0
00-0033578,Sam Tevi,2021,OL,25-27,,,no_claim,,0,0
00-0033592,Kyle Fuller,2021,OL,28-30,10.0,17.0,PTD,7.0,1,0
00-0033594,Chris Carson,2021,RB,25-27,4.0,17.0,PTD,13.0,1,0
00-0033662,Cooper Rush,2021,QB,28-30,4.0,17.0,no_claim,,0,0
00-0033672,Kyle Sloter,2021,QB,28-30,,,no_claim,,0,0
00-0033676,Elijah Wilkinson,2021,OL,25-27,5.0,17.0,no_claim,,0,0
00-0033699,Austin Ekeler,2021,RB,25-27,16.0,17.0,no_claim,,0,0
00-0033725,Corey Clement,2021,RB,25-27,5.0,17.0,no_claim,,0,0
00-0033752,Storm Norton,2021,OL,28-30,16.0,17.0,no_claim,,0,0
00-0033785,Zach Banner,2021,OL,28-30,4.0,17.0,no_claim,,0,0
00-0033788,Will Holden,2021,OL,28-30,6.0,17.0,no_claim,,0,0
00-0033793,Corey Levin,2021,OL,28-30,7.0,17.0,no_claim,,0,0
00-0033795,Brad Seaton,2021,OL,28-30,,,no_claim,,0,0
00-0033831,Andrew Wylie,2021,OL,28-30,12.0,17.0,no_claim,,0,0
00-0033854,Dare Ogunbowale,2021,RB,28-30,10.0,17.0,no_claim,,0,0
00-0033856,Leonard Fournette,2021,RB,25-27,14.0,17.0,no_claim,,0,0
00-0033863,Dan Skipper,2021,OL,25-27,0.0,17.0,no_claim,,0,0
00-0033869,Mitchell Trubisky,2021,QB,28-30,5.0,17.0,no_claim,,0,0
00-0033873,Patrick Mahomes,2021,QB,25-27,17.0,17.0,no_claim,,0,0
00-0033888,Ryan Ramczyk,2021,OL,28-30,10.0,17.0,TTD,7.0,0,1
00-0033889,Cam Robinson,2021,OL,25-27,14.0,17.0,no_claim,,0,0
00-0033893,Dalvin Cook,2021,RB,25-27,13.0,17.0,excluded_sub_threshold,4.0,0,0
00-0033897,Joe Mixon,2021,RB,25-27,16.0,17.0,no_claim,,0,0
00-0033901,Ethan Pocic,2021,OL,25-27,11.0,17.0,no_claim,,0,0
00-0033904,Dion Dawkins,2021,OL,28-30,18.0,17.0,no_claim,,0,0
00-0033906,Alvin Kamara,2021,RB,25-27,13.0,17.0,excluded_sub_threshold,4.0,0,0
00-0033909,Pat Elflein,2021,OL,28-30,9.0,17.0,no_claim,,0,0
00-0033910,Dan Feeney,2021,OL,28-30,10.0,17.0,no_claim,,0,0
00-0033923,Kareem Hunt,2021,RB,25-27,8.0,17.0,TTD,9.0,0,1
00-0033925,D'Onta Foreman,2021,RB,25-27,9.0,17.0,no_claim,,0,0
00-0033936,C.J. Beathard,2021,QB,28-30,2.0,17.0,no_claim,,0,0
00-0033946,David Sharpe,2021,OL,25-27,3.0,17.0,no_claim,,0,0
00-0033948,Jamaal Williams,2021,RB,25-27,13.0,17.0,excluded_sub_threshold,4.0,0,0
00-0033949,Joshua Dobbs,2021,QB,25-27,,,no_claim,,0,0
00-0033950,Wayne Gallman,2021,RB,25-27,6.0,17.0,no_claim,,0,0
00-0033951,Marlon Mack,2021,RB,25-27,5.0,17.0,no_claim,,0,0
00-0033995,Michael Dunn,2021,OL,28-30,4.0,17.0,TTD,13.0,0,1
00-0034058,Jon Toth,2021,OL,28-30,1.0,17.0,no_claim,,0,0
00-0034097,Najee Toran,2021,OL,25-27,,,no_claim,,0,0
00-0034109,Phillip Lindsay,2021,RB,28-30,14.0,17.0,excluded_sub_threshold,3.0,0,0
00-0034112,Austin Schlottmann,2021,OL,25-27,3.0,17.0,no_claim,,0,0
00-0034114,Coleman Shelton,2021,OL,25-27,8.0,17.0,no_claim,,0,0
00-0034115,Jeff Wilson,2021,RB,25-27,6.0,17.0,no_claim,,0,0
00-0034140,Matt Gono,2021,OL,25-27,,,no_claim,,0,0
00-0034142,J.C. Hassenauer,2021,OL,25-27,8.0,17.0,PTD,9.0,1,0
00-0034158,Brian O'Neill,2021,OL,25-27,17.0,17.0,no_claim,,0,0
00-0034164,Trenton Cannon,2021,RB,28-30,2.0,17.0,PTD,15.0,1,0
00-0034165,Colby Gossett,2021,OL,25-27,6.0,17.0,no_claim,,0,0
00-0034171,Jason Cabinda,2021,RB,25-27,7.0,17.0,PTD,10.0,1,0
00-0034177,Tim Boyle,2021,QB,25-27,4.0,17.0,no_claim,,0,0
00-0034184,Gus Edwards,2021,RB,25-27,,,no_claim,,0,0
00-0034208,Mike Boone,2021,RB,25-27,2.0,17.0,no_claim,,0,0
00-0034229,Dakoda Shepley,2021,OL,25-27,0.0,17.0,no_claim,,0,0
00-0034253,Dontrell Hilliard,2021,RB,25-27,7.0,17.0,no_claim,,0,0
00-0034261,Austin Corbett,2021,OL,25-27,21.0,17.0,no_claim,,0,0
00-0034280,Greg Senat,2021,OL,25-27,,,no_claim,,0,0
00-0034281,Bradley Bozeman,2021,OL,25-27,16.0,17.0,no_claim,,0,0
00-0034301,Darrel Williams,2021,RB,25-27,17.0,17.0,no_claim,,0,0
00-0034342,Quenton Nelson,2021,OL,25-27,13.0,17.0,excluded_sub_threshold,4.0,0,0
00-0034343,Josh Rosen,2021,QB,25-27,3.0,17.0,no_claim,,0,0
00-0034345,Frank Ragnow,2021,OL,25-27,4.0,17.0,no_claim,,0,0
00-0034346,Will Hernandez,2021,OL,25-27,17.0,17.0,no_claim,,0,0
00-0034347,James Daniels,2021,OL,<=24,17.0,17.0,no_claim,,0,0
00-0034349,Kerryon Johnson,2021,RB,25-27,,,no_claim,,0,0
00-0034352,Connor Williams,2021,OL,25-27,18.0,17.0,no_claim,,0,0
00-0034367,Nyheim Hines,2021,RB,25-27,17.0,17.0,no_claim,,0,0
00-0034369,Kyle Lauletta,2021,QB,25-27,,,no_claim,,0,0
00-0034379,Rick Leonard,2021,OL,25-27,0.0,17.0,no_claim,,0,0
00-0034380,Will Richardson,2021,OL,25-27,5.0,17.0,no_claim,,0,0
00-0034390,Tyrell Crosby,2021,OL,25-27,,,no_claim,,0,0
00-0034392,Scott Quessenberry,2021,OL,25-27,3.0,17.0,no_claim,,0,0
00-0034399,Wyatt Teller,2021,OL,25-27,17.0,17.0,no_claim,,0,0
00-0034401,Mike White,2021,QB,25-27,4.0,17.0,no_claim,,0,0
00-0034405,Sam Jones,2021,OL,25-27,,,no_claim,,0,0
00-0034414,Boston Scott,2021,RB,25-27,9.0,17.0,no_claim,,0,0
00-0034417,Matt Pryor,2021,OL,25-27,14.0,17.0,no_claim,,0,0
00-0034423,Danny Etling,2021,QB,28-30,,,no_claim,,0,0
00-0034429,Jordan Mailata,2021,OL,25-27,15.0,17.0,excluded_sub_threshold,2.0,0,0
00-0034433,Nick Bawden,2021,RB,25-27,1.0,17.0,no_claim,,0,0
00-0034436,Will Clapp,2021,OL,25-27,9.0,17.0,no_claim,,0,0
00-0034438,Logan Woodside,2021,QB,25-27,4.0,17.0,no_claim,,0,0
00-0034440,Justin Jackson,2021,RB,25-27,13.0,17.0,excluded_sub_threshold,4.0,0,0
00-0034445,Nick Gates,2021,OL,25-27,2.0,17.0,no_claim,,0,0
00-0034449,Buddy Howell,2021,RB,25-27,1.0,17.0,PTD,16.0,1,0
00-0034457,Josh Adams,2021,RB,25-27,,,no_claim,,0,0
00-0034495,Evan Brown,2021,OL,25-27,13.0,17.0,no_claim,,0,0
00-0034505,Ike Boettger,2021,OL,25-27,13.0,17.0,no_claim,,0,0
00-0034522,KC McDermott,2021,OL,25-27,3.0,17.0,no_claim,,0,0
00-0034571,Trenton Scott,2021,OL,28-30,8.0,17.0,no_claim,,0,0
00-0034577,Kyle Allen,2021,QB,25-27,2.0,17.0,no_claim,,0,0
00-0034578,Reggie Bonnafon,2021,RB,25-27,1.0,17.0,no_claim,,0,0
00-0034597,Ryan Nall,2021,RB,25-27,2.0,17.0,no_claim,,0,0
00-0034614,Godwin Igwebuike,2021,RB,25-27,8.0,17.0,no_claim,,0,0
00-0034625,Anthony Coyle,2021,OL,25-27,,,no_claim,,0,0
00-0034628,Jaryd Jones-Smith,2021,OL,25-27,1.0,17.0,no_claim,,0,0
00-0034664,Elijah Nkansah,2021,OL,25-27,,,no_claim,,0,0
00-0034668,Aaron Stinnie,2021,OL,28-30,8.0,17.0,no_claim,,0,0
00-0034678,Alex Cappa,2021,OL,25-27,19.0,17.0,no_claim,,0,0
00-0034681,Chase Edmonds,2021,RB,25-27,12.0,17.0,excluded_sub_threshold,5.0,0,0
00-0034687,Korey Cunningham,2021,OL,25-27,9.0,17.0,no_claim,,0,0
00-0034729,Jamarco Jones,2021,OL,25-27,6.0,17.0,PTD,11.0,1,0
00-0034750,Rashaad Penny,2021,RB,25-27,10.0,17.0,PTD,7.0,1,0
00-0034752,Orlando Brown,2021,OL,25-27,,,no_claim,,0,0
00-0034759,Kolton Miller,2021,OL,25-27,18.0,17.0,no_claim,,0,0
00-0034762,Billy Price,2021,OL,25-27,15.0,17.0,excluded_sub_threshold,2.0,0,0
00-0034763,Brandon Parker,2021,OL,25-27,15.0,17.0,no_claim,,0,0
00-0034768,Chukwuma Okorafor,2021,OL,25-27,17.0,17.0,no_claim,,0,0
00-0034771,Mason Rudolph,2021,QB,25-27,2.0,17.0,no_claim,,0,0
00-0034785,Mason Cole,2021,OL,25-27,8.0,17.0,no_claim,,0,0
00-0034791,Nick Chubb,2021,RB,25-27,14.0,17.0,excluded_sub_threshold,3.0,0,0
00-0034796,Lamar Jackson,2021,QB,25-27,12.0,17.0,excluded_sub_threshold,5.0,0,0
00-0034799,Kalen Ballage,2021,RB,25-27,8.0,17.0,no_claim,,0,0
00-0034803,Joe Noteboom,2021,OL,25-27,9.0,17.0,TTD,8.0,0,1
00-0034804,Brian Allen,2021,OL,25-27,20.0,17.0,no_claim,,0,0
00-0034809,Jamil Demby,2021,OL,25-27,,,no_claim,,0,0
00-0034816,Ronald Jones,2021,RB,25-27,15.0,17.0,excluded_sub_threshold,2.0,0,0
00-0034817,Geron Christian,2021,OL,25-27,12.0,17.0,no_claim,,0,0
00-0034833,Isaiah Wynn,2021,OL,25-27,16.0,17.0,no_claim,,0,0
00-0034836,Braden Smith,2021,OL,25-27,11.0,17.0,TTD,6.0,0,1
00-0034838,Royce Freeman,2021,RB,25-27,11.0,17.0,no_claim,,0,0
00-0034844,Saquon Barkley,2021,RB,25-27,13.0,17.0,excluded_sub_threshold,4.0,0,0
00-0034845,Sony Michel,2021,RB,25-27,17.0,17.0,no_claim,,0,0
00-0034847,Mike McGlinchey,2021,OL,25-27,8.0,17.0,no_claim,,0,0
00-0034855,Baker Mayfield,2021,QB,25-27,14.0,17.0,excluded_sub_threshold,3.0,0,0
00-0034857,Josh Allen,2021,QB,25-27,17.0,17.0,no_claim,,0,0
00-0034869,Sam Darnold,2021,QB,25-27,12.0,17.0,no_claim,,0,0
00-0034899,John Wolford,2021,QB,25-27,2.0,17.0,no_claim,,0,0
00-0034929,Quinn Bailey,2021,OL,25-27,2.0,17.0,no_claim,,0,0
00-0034937,John Leglue,2021,OL,25-27,7.0,17.0,no_claim,,0,0
00-0034945,Corbin Kaufusi,2021,OL,28-30,,,no_claim,,0,0
00-0034951,Fred Johnson,2021,OL,25-27,5.0,17.0,no_claim,,0,0
00-0034955,Brett Rypien,2021,QB,25-27,1.0,17.0,no_claim,,0,0
00-0034957,Calvin Anderson,2021,OL,25-27,5.0,17.0,no_claim,,0,0
00-0034972,Alexander Mattison,2021,RB,<=24,16.0,17.0,no_claim,,0,0
00-0034975,Justice Hill,2021,RB,<=24,,,no_claim,,0,0
00-0034978,Ben Powers,2021,OL,25-27,13.0,17.0,excluded_sub_threshold,4.0,0,0
00-0034989,Justin Skule,2021,OL,25-27,,,no_claim,,0,0
00-0034991,Drew Forbes,2021,OL,25-27,,,no_claim,,0,0
00-0034994,Oli Udoh,2021,OL,25-27,,,no_claim,,0,0
00-0034995,Dexter Williams,2021,RB,25-27,,,no_claim,,0,0
00-0035003,Jackson Barton,2021,OL,25-27,2.0,17.0,no_claim,,0,0
00-0035036,Ross Reynolds,2021,OL,25-27,,,no_claim,,0,0
00-0035040,David Blough,2021,QB,25-27,1.0,17.0,no_claim,,0,0
00-0035061,Alex Bars,2021,OL,25-27,12.0,17.0,no_claim,,0,0
00-0035062,Sam Mustipher,2021,OL,25-27,17.0,17.0,no_claim,,0,0
00-0035084,Yosuah Nijman,2021,OL,25-27,,,no_claim,,0,0
00-0035099,Khari Blasingame,2021,RB,25-27,3.0,17.0,PTD,14.0,1,0
00-0035112,Patrick Mekari,2021,OL,25-27,13.0,17.0,excluded_sub_threshold,4.0,0,0
00-0035117,Lester Cotton,2021,OL,25-27,1.0,17.0,no_claim,,0,0
00-0035125,Alec Ingold,2021,RB,25-27,7.0,17.0,TTD,10.0,0,1
00-0035127,Andre James,2021,OL,25-27,18.0,17.0,no_claim,,0,0
00-0035141,Phil Haynes,2021,OL,25-27,3.0,17.0,no_claim,,0,0
00-0035146,Trace McSorley,2021,QB,25-27,,,no_claim,,0,0
00-0035149,Nick Allegretti,2021,OL,25-27,10.0,17.0,no_claim,,0,0
00-0035163,Kyle Shurmur,2021,QB,25-27,,,no_claim,,0,0
00-0035187,Austin Walter,2021,RB,25-27,4.0,17.0,no_claim,,0,0
00-0035217,Benny Snell,2021,RB,<=24,13.0,17.0,no_claim,,0,0
00-0035218,Sutton Smith,2021,RB,25-27,,,no_claim,,0,0
00-0035228,Kyler Murray,2021,QB,25-27,14.0,17.0,no_claim,,0,0
00-0035232,Dwayne Haskins,2021,QB,25-27,,,no_claim,,0,0
00-0035233,Andre Dillard,2021,OL,25-27,8.0,17.0,no_claim,,0,0
00-0035234,Tytus Howard,2021,OL,25-27,15.0,17.0,no_claim,,0,0
00-0035235,Kaleb McGary,2021,OL,25-27,16.0,17.0,no_claim,,0,0
00-0035237,Jawaan Taylor,2021,OL,<=24,17.0,17.0,no_claim,,0,0
00-0035238,Cody Ford,2021,OL,25-27,12.0,17.0,no_claim,,0,0
00-0035242,Erik McCoy,2021,OL,25-27,12.0,17.0,excluded_sub_threshold,5.0,0,0
00-0035243,Miles Sanders,2021,RB,25-27,12.0,17.0,excluded_sub_threshold,5.0,0,0
00-0035245,Max Scharping,2021,OL,25-27,16.0,17.0,no_claim,,0,0
00-0035250,Devin Singletary,2021,RB,<=24,17.0,17.0,no_claim,,0,0
00-0035251,Will Grier,2021,QB,25-27,,,no_claim,,0,0
00-0035252,Yodny Cajuste,2021,OL,25-27,3.0,17.0,no_claim,,0,0
00-0035258,Hjalte Froholdt,2021,OL,25-27,0.0,17.0,no_claim,,0,0
00-0035261,Tony Pollard,2021,RB,25-27,15.0,17.0,no_claim,,0,0
00-0035263,Wes Martin,2021,OL,25-27,5.0,17.0,no_claim,,0,0
00-0035264,Jarrett Stidham,2021,QB,25-27,,,no_claim,,0,0
00-0035266,Michael Jordan,2021,OL,<=24,11.0,17.0,PTD,6.0,1,0
00-0035268,Ryquell Armstead,2021,RB,25-27,2.0,17.0,no_claim,,0,0
00-0035273,Qadree Ollison,2021,RB,25-27,6.0,17.0,no_claim,,0,0
00-0035274,Ross Pierschbacher,2021,OL,25-27,,,no_claim,,0,0
00-0035282,Easton Stick,2021,QB,25-27,,,no_claim,,0,0
00-0035289,Gardner Minshew,2021,QB,25-27,3.0,17.0,no_claim,,0,0
00-0035291,Trayveon Williams,2021,RB,<=24,2.0,17.0,no_claim,,0,0
00-0035295,Isaiah Prince,2021,OL,25-27,19.0,17.0,no_claim,,0,0
00-0035300,Dennis Daley,2021,OL,25-27,12.0,17.0,no_claim,,0,0
00-0035304,Cullen Gillaspia,2021,RB,25-27,,,no_claim,,0,0
00-0035311,Myles Gaskin,2021,RB,25-27,17.0,17.0,no_claim,,0,0
00-0035317,Joshua Miles,2021,OL,25-27,5.0,17.0,PTD,12.0,1,0
00-0035328,Matt Nelson,2021,OL,25-27,13.0,17.0,excluded_sub_threshold,4.0,0,0
00-0035342,Patrick Laird,2021,RB,25-27,3.0,17.0,no_claim,,0,0
00-0035355,Blake Hance,2021,OL,25-27,14.0,17.0,no_claim,,0,0
00-0035382,Ryan Bates,2021,OL,25-27,17.0,17.0,no_claim,,0,0
00-0035383,Nate Herbig,2021,OL,<=24,10.0,17.0,no_claim,,0,0
00-0035384,Iosua Opeta,2021,OL,25-27,,,no_claim,,0,0
00-0035394,Jake Dolegala,2021,QB,25-27,,,no_claim,,0,0
00-0035403,Ethan Greenidge,2021,OL,<=24,,,no_claim,,0,0
00-0035416,Mitch Hyatt,2021,OL,25-27,,,no_claim,,0,0
00-0035418,Brandon Knight,2021,OL,25-27,1.0,17.0,no_claim,,0,0
00-0035515,Cody Conway,2021,OL,25-27,,,no_claim,,0,0
00-0035526,Elgton Jenkins,2021,OL,25-27,8.0,17.0,TTD,9.0,0,1
00-0035537,Ty Johnson,2021,RB,<=24,15.0,17.0,no_claim,,0,0
00-0035551,Tony Brooks-James,2021,RB,25-27,,,no_claim,,0,0
00-0035567,Craig Reynolds,2021,RB,25-27,5.0,17.0,no_claim,,0,0
00-0035588,Garrett Bradbury,2021,OL,25-27,13.0,17.0,no_claim,,0,0
00-0035594,Travis Homer,2021,RB,<=24,12.0,17.0,excluded_sub_threshold,5.0,0,0
00-0035613,Matt Kaskey,2021,OL,25-27,,,no_claim,,0,0
00-0035628,D'Ernest Johnson,2021,RB,25-27,12.0,17.0,no_claim,,0,0
00-0035629,Jonah Williams,2021,OL,<=24,20.0,17.0,no_claim,,0,0
00-0035630,Chris Lindstrom,2021,OL,25-27,17.0,17.0,no_claim,,0,0
00-0035649,Nate Davis,2021,OL,25-27,15.0,17.0,excluded_sub_threshold,2.0,0,0
00-0035657,Damien Harris,2021,RB,25-27,15.0,17.0,no_claim,,0,0
00-0035664,Darrell Henderson,2021,RB,25-27,12.0,17.0,no_claim,,0,0
00-0035666,Bobby Evans,2021,OL,25-27,5.0,17.0,no_claim,,0,0
00-0035668,David Edwards,2021,OL,25-27,21.0,17.0,no_claim,,0,0
00-0035679,Connor McGovern,2021,OL,<=24,31.0,17.0,no_claim,,0,0
00-0035685,David Montgomery,2021,RB,25-27,13.0,17.0,excluded_sub_threshold,4.0,0,0
00-0035686,Michael Deiter,2021,OL,25-27,8.0,17.0,TTD,9.0,0,1
00-0035688,Trey Pipkins,2021,OL,25-27,8.0,17.0,no_claim,,0,0
00-0035694,Greg Little,2021,OL,<=24,,,no_claim,,0,0
00-0035698,Chuma Edoga,2021,OL,25-27,4.0,17.0,TTD,13.0,0,1
00-0035700,Josh Jacobs,2021,RB,<=24,15.0,17.0,excluded_sub_threshold,2.0,0,0
00-0035702,Dalton Risner,2021,OL,25-27,15.0,17.0,no_claim,,0,0
00-0035704,Drew Lock,2021,QB,25-27,6.0,17.0,no_claim,,0,0
00-0035710,Daniel Jones,2021,QB,25-27,11.0,17.0,TTD,6.0,0,1
00-0035715,Derrick Gore,2021,RB,25-27,8.0,17.0,no_claim,,0,0
00-0035726,Jakob Johnson,2021,RB,25-27,3.0,17.0,no_claim,,0,0
00-0035728,Christian Wade,2021,RB,31+,,,no_claim,,0,0
00-0035735,Jordan Ta'amu,2021,QB,<=24,,,no_claim,,0,0
00-0035743,Brett Toth,2021,OL,25-27,4.0,17.0,no_claim,,0,0
00-0035764,Calvin Throckmorton,2021,OL,25-27,17.0,17.0,no_claim,,0,0
00-0035806,JaMycal Hasty,2021,RB,25-27,10.0,17.0,TTD,7.0,0,1
00-0035831,James Robinson,2021,RB,<=24,14.0,17.0,no_claim,,0,0
00-0035832,Tre'Vour Wallace-Simms,2021,OL,<=24,1.0,17.0,no_claim,,0,0
00-0035835,Nathan Cottrell,2021,RB,25-27,1.0,17.0,no_claim,,0,0
00-0035839,Jonathan Hubbard,2021,OL,25-27,,,no_claim,,0,0
00-0035846,Donell Stanley,2021,OL,25-27,,,no_claim,,0,0
00-0035860,Tony Jones,2021,RB,<=24,10.0,17.0,no_claim,,0,0
00-0035870,Kyle Murphy,2021,OL,<=24,1.0,17.0,no_claim,,0,0
00-0035881,Yasir Durant,2021,OL,<=24,6.0,17.0,no_claim,,0,0
00-0035908,Gabe Nabers,2021,RB,<=24,5.0,17.0,no_claim,,0,0
00-0035912,LeVante Bellamy,2021,RB,25-27,,,no_claim,,0,0
00-0035924,Jonathan Ward,2021,RB,<=24,6.0,17.0,PTD,11.0,1,0
00-0035939,Bryce Perkins,2021,QB,25-27,,,no_claim,,0,0
00-0035956,Giovanni Ricci,2021,RB,25-27,2.0,17.0,PTD,15.0,1,0
00-0035957,Rodney Smith,2021,RB,25-27,1.0,17.0,no_claim,,0,0
00-0035958,Sam Tecklenburg,2021,OL,25-27,3.0,17.0,no_claim,,0,0
00-0035973,Patrick Taylor,2021,RB,<=24,4.0,17.0,no_claim,,0,0
00-0035986,Tommy Champion,2021,OL,25-27,,,no_claim,,0,0
00-0035992,Trystan Colon,2021,OL,<=24,,,no_claim,,0,0
00-0035993,Tyler Huntley,2021,QB,<=24,7.0,17.0,no_claim,,0,0
00-0036000,Adrian Killins,2021,RB,<=24,,,no_claim,,0,0
00-0036020,Salvon Ahmed,2021,RB,<=24,11.0,17.0,no_claim,,0,0
00-0036033,Sewo Olonilua,2021,RB,<=24,,,no_claim,,0,0
00-0036036,Terence Steele,2021,OL,25-27,16.0,17.0,no_claim,,0,0
00-0036052,Reid Sinnett,2021,QB,25-27,,,no_claim,,0,0
00-0036069,Scottie Phillips,2021,RB,<=24,2.0,17.0,PTD,15.0,1,0
00-0036078,Xavier Jones,2021,RB,25-27,,,no_claim,,0,0
00-0036092,Brian Lewerke,2021,QB,25-27,,,no_claim,,0,0
00-0036096,J.J. Taylor,2021,RB,<=24,5.0,17.0,no_claim,,0,0
00-0036105,Nick Leverett,2021,OL,25-27,3.0,17.0,no_claim,,0,0
00-0036131,Solomon Kindley,2021,OL,25-27,3.0,17.0,no_claim,,0,0
00-0036132,Ben Bredeson,2021,OL,<=24,7.0,17.0,TTD,10.0,0,1
00-0036134,Kamaal Seymour,2021,OL,25-27,,,no_claim,,0,0
00-0036139,Rico Dowdle,2021,RB,<=24,,,no_claim,,0,0
00-0036158,J.K. Dobbins,2021,RB,<=24,,,no_claim,,0,0
00-0036163,Justin Herron,2021,OL,25-27,14.0,17.0,no_claim,,0,0
00-0036170,Mike Panasiuk,2021,OL,<=24,,,no_claim,,0,0
00-0036171,Aaron Brewer,2021,OL,<=24,13.0,17.0,excluded_sub_threshold,4.0,0,0
00-0036175,Brandon Kemp,2021,OL,25-27,,,no_claim,,0,0
00-0036187,Reggie Gilliam,2021,RB,25-27,6.0,17.0,no_claim,,0,0
00-0036195,Charlie Heck,2021,OL,25-27,15.0,17.0,no_claim,,0,0
00-0036197,Jake Fromm,2021,QB,<=24,3.0,17.0,no_claim,,0,0
00-0036198,Mike Onwenu,2021,OL,<=24,17.0,17.0,no_claim,,0,0
00-0036210,Badara Traore,2021,OL,25-27,0.0,17.0,no_claim,,0,0
00-0036212,Tua Tagovailoa,2021,QB,<=24,13.0,17.0,excluded_sub_threshold,4.0,0,0
00-0036214,Tyre Phillips,2021,OL,25-27,9.0,17.0,TTD,8.0,0,1
00-0036215,Danny Pinter,2021,OL,25-27,11.0,17.0,no_claim,,0,0
00-0036223,Jonathan Taylor,2021,RB,<=24,17.0,17.0,no_claim,,0,0
00-0036226,Jacob Eason,2021,QB,<=24,1.0,17.0,no_claim,,0,0
00-0036230,Prince Tega Wanogho,2021,OL,<=24,2.0,17.0,no_claim,,0,0
00-0036234,Logan Stenberg,2021,OL,25-27,2.0,17.0,no_claim,,0,0
00-0036236,Nick Harris,2021,OL,<=24,1.0,17.0,no_claim,,0,0
00-0036242,Simon Stepaniak,2021,OL,25-27,,,no_claim,,0,0
00-0036245,Malcolm Perry,2021,RB,25-27,,,no_claim,,0,0
00-0036246,Jon Runyan,2021,OL,25-27,,,no_claim,,0,0
00-0036248,Austin Jackson,2021,OL,<=24,16.0,17.0,no_claim,,0,0
00-0036251,Zack Moss,2021,RB,<=24,13.0,17.0,no_claim,,0,0
00-0036256,Colton McKivitz,2021,OL,25-27,3.0,17.0,no_claim,,0,0
00-0036258,Jonah Jackson,2021,OL,25-27,16.0,17.0,no_claim,,0,0
00-0036263,Cameron Clark,2021,OL,<=24,,,no_claim,,0,0
00-0036264,Jordan Love,2021,QB,<=24,6.0,17.0,no_claim,,0,0
00-0036265,AJ Dillon,2021,RB,<=24,17.0,17.0,no_claim,,0,0
00-0036267,Jedrick Wills,2021,OL,<=24,,,no_claim,,0,0
00-0036269,La'Mical Perine,2021,RB,<=24,2.0,17.0,no_claim,,0,0
00-0036272,Ben Bartch,2021,OL,<=24,14.0,17.0,no_claim,,0,0
00-0036273,Jake Hanson,2021,OL,25-27,2.0,17.0,no_claim,,0,0
00-0036275,D'Andre Swift,2021,RB,<=24,13.0,17.0,excluded_sub_threshold,4.0,0,0
00-0036278,Jason Huntley,2021,RB,<=24,1.0,17.0,no_claim,,0,0
00-0036279,Nate Stanley,2021,QB,25-27,,,no_claim,,0,0
00-0036284,Mekhi Becton,2021,OL,<=24,1.0,17.0,no_claim,,0,0
00-0036295,Matt Hennessy,2021,OL,<=24,17.0,17.0,no_claim,,0,0
00-0036297,Darrynton Evans,2021,RB,<=24,1.0,17.0,PTD,16.0,1,0
00-0036310,Hakeem Adeniji,2021,OL,<=24,13.0,17.0,no_claim,,0,0
00-0036318,Lachavious Simmons,2021,OL,25-27,2.0,17.0,no_claim,,0,0
00-0036325,Robert Hunt,2021,OL,25-27,17.0,17.0,no_claim,,0,0
00-0036327,Ezra Cleveland,2021,OL,<=24,17.0,17.0,no_claim,,0,0
00-0036328,Antonio Gibson,2021,RB,<=24,16.0,17.0,no_claim,,0,0
00-0036334,Saahdiq Charles,2021,OL,<=24,8.0,17.0,TTD,9.0,0,1
00-0036336,Anthony McFarland,2021,RB,<=24,2.0,17.0,no_claim,,0,0
00-0036339,Kevin Dotson,2021,OL,25-27,9.0,17.0,TTD,8.0,0,1
00-0036342,Keith Ismael,2021,OL,<=24,9.0,17.0,no_claim,,0,0
00-0036347,Blake Brandel,2021,OL,25-27,11.0,17.0,no_claim,,0,0
00-0036355,Justin Herbert,2021,QB,<=24,17.0,17.0,no_claim,,0,0
00-0036360,Clyde Edwards-Helaire,2021,RB,<=24,10.0,17.0,TTD,7.0,0,1
00-0036363,Josh Jones,2021,OL,25-27,17.0,17.0,no_claim,,0,0
00-0036364,Lynn Bowden,2021,RB,<=24,,,no_claim,,0,0
00-0036367,Lucas Niang,2021,OL,<=24,11.0,17.0,PTD,6.0,1,0
00-0036369,John Simpson,2021,OL,25-27,18.0,17.0,no_claim,,0,0
00-0036370,Joshua Kelley,2021,RB,<=24,8.0,17.0,no_claim,,0,0
00-0036376,Tyler Biadasz,2021,OL,<=24,18.0,17.0,no_claim,,0,0
00-0036383,Eno Benjamin,2021,RB,<=24,7.0,17.0,TTD,10.0,0,1
00-0036386,Andrew Thomas,2021,OL,<=24,13.0,17.0,no_claim,,0,0
00-0036389,Jalen Hurts,2021,QB,<=24,15.0,17.0,no_claim,,0,0
00-0036391,Lloyd Cushenberry,2021,OL,<=24,,,no_claim,,0,0
00-0036392,Matt Peart,2021,OL,25-27,11.0,17.0,no_claim,,0,0
00-0036396,Jack Driscoll,2021,OL,25-27,9.0,17.0,no_claim,,0,0
00-0036397,Shane Lemieux,2021,OL,25-27,1.0,17.0,PTD,16.0,1,0
00-0036399,Netane Muti,2021,OL,<=24,8.0,17.0,no_claim,,0,0
00-0036406,Tristan Wirfs,2021,OL,<=24,18.0,17.0,no_claim,,0,0
00-0036408,Cesar Ruiz,2021,OL,<=24,17.0,17.0,no_claim,,0,0
00-0036414,Cam Akers,2021,RB,<=24,1.0,17.0,no_claim,,0,0
00-0036417,Damien Lewis,2021,OL,25-27,13.0,17.0,excluded_sub_threshold,4.0,0,0
00-0036425,DeeJay Dallas,2021,RB,<=24,11.0,17.0,no_claim,,0,0
00-0036435,Raymond Calais,2021,RB,<=24,,,no_claim,,0,0
00-0036437,Tremayne Anchrum,2021,OL,<=24,,,no_claim,,0,0
00-0036442,Joe Burrow,2021,QB,25-27,16.0,17.0,no_claim,,0,0
00-0036445,Isaiah Wilson,2021,OL,<=24,,,no_claim,,0,0
00-0036450,Ke'Shawn Vaughn,2021,RB,25-27,6.0,17.0,no_claim,,0,0
00-0036457,Ty'Son Williams,2021,RB,25-27,7.0,17.0,no_claim,,0,0
00-0036483,Will Fries,2021,OL,<=24,2.0,17.0,no_claim,,0,0
00-0036493,Deon Jackson,2021,RB,<=24,3.0,17.0,no_claim,,0,0
00-0036512,Parker Ferguson,2021,OL,<=24,,,no_claim,,0,0
00-0036518,Teton Saltes,2021,OL,<=24,,,no_claim,,0,0
00-0036521,Garrett Groshek,2021,RB,25-27,,,no_claim,,0,0
00-0036549,Kenji Bahar,2021,QB,<=24,,,no_claim,,0,0
00-0036551,Aaron Banks,2021,OL,<=24,1.0,17.0,no_claim,,0,0
00-0036555,Chuba Hubbard,2021,RB,<=24,16.0,17.0,no_claim,,0,0
00-0036557,Jaylon Moore,2021,OL,<=24,5.0,17.0,no_claim,,0,0
00-0036560,Tommy Doyle,2021,OL,<=24,8.0,17.0,no_claim,,0,0
00-0036566,Deonte Brown,2021,OL,<=24,2.0,17.0,no_claim,,0,0
00-0036567,Elijah Mitchell,2021,RB,<=24,11.0,17.0,TTD,6.0,0,1
00-0036569,Gary Brightwell,2021,RB,<=24,2.0,17.0,TTD,15.0,0,1
00-0036575,Larnel Coleman,2021,OL,<=24,,,no_claim,,0,0
00-0036577,Jack Anderson,2021,OL,<=24,2.0,17.0,PTD,15.0,1,0
00-0036596,Robert Jones,2021,OL,<=24,3.0,17.0,no_claim,,0,0
00-0036603,Alaric Jackson,2021,OL,<=24,2.0,17.0,no_claim,,0,0
00-0036616,Christian Darrisaw,2021,OL,<=24,11.0,17.0,TTD,6.0,0,1
00-0036618,Samuel Cosmi,2021,OL,<=24,9.0,17.0,TTD,8.0,0,1
00-0036619,Dillon Radunz,2021,OL,<=24,6.0,17.0,no_claim,,0,0
00-0036622,Josh Myers,2021,OL,<=24,7.0,17.0,TTD,10.0,0,1
00-0036623,Creed Humphrey,2021,OL,<=24,20.0,17.0,no_claim,,0,0
00-0036631,Royce Newman,2021,OL,25-27,17.0,17.0,no_claim,,0,0
00-0036636,Brenden Jaimes,2021,OL,<=24,1.0,17.0,no_claim,,0,0
00-0036650,Larry Rountree,2021,RB,<=24,8.0,17.0,no_claim,,0,0
00-0036653,Stone Forsythe,2021,OL,<=24,1.0,17.0,no_claim,,0,0
00-0036654,Demetric Felton,2021,RB,<=24,11.0,17.0,no_claim,,0,0
00-0036660,Trey Smith,2021,OL,<=24,20.0,17.0,no_claim,,0,0
00-0036663,Matt Farniok,2021,OL,<=24,3.0,17.0,no_claim,,0,0
00-0036669,Kylin Hill,2021,RB,<=24,4.0,17.0,no_claim,,0,0
00-0036670,Jermar Jefferson,2021,RB,<=24,4.0,17.0,PTD,13.0,1,0
00-0036679,Shane Buechele,2021,QB,<=24,,,no_claim,,0,0
00-0036685,Tre Harbison,2021,RB,<=24,,,no_claim,,0,0
00-0036698,Mekhi Sargent,2021,RB,<=24,4.0,17.0,no_claim,,0,0
00-0036708,Dareuan Parker,2021,OL,<=24,,,no_claim,,0,0
00-0036727,Adam Prentice,2021,RB,25-27,4.0,17.0,no_claim,,0,0
00-0036736,Kayode Awosika,2021,OL,<=24,1.0,17.0,no_claim,,0,0
00-0036738,Harry Crider,2021,OL,<=24,,,no_claim,,0,0
00-0036747,Drake Jackson,2021,OL,<=24,,,no_claim,,0,0
00-0036749,Tommy Kraemer,2021,OL,<=24,6.0,17.0,no_claim,,0,0
00-0036755,Jaret Patterson,2021,RB,<=24,14.0,17.0,no_claim,,0,0
00-0036759,Sadarius Hutcherson,2021,OL,<=24,,,no_claim,,0,0
00-0036783,Ryan McCollum,2021,OL,<=24,4.0,17.0,no_claim,,0,0
00-0036786,Jon Dietzen,2021,OL,25-27,,,no_claim,,0,0
00-0036795,Jake Curhan,2021,OL,<=24,10.0,17.0,no_claim,,0,0
00-0036797,B.J. Emmons,2021,RB,25-27,,,no_claim,,0,0
00-0036799,Josh Johnson,2021,RB,<=24,,,no_claim,,0,0
00-0036825,Feleipe Franks,2021,QB,<=24,3.0,17.0,no_claim,,0,0
00-0036842,Kene Nwangwu,2021,RB,<=24,6.0,17.0,no_claim,,0,0
00-0036852,D'Ante Smith,2021,OL,<=24,4.0,17.0,PTD,13.0,1,0
00-0036856,Trey Hill,2021,OL,<=24,7.0,17.0,no_claim,,0,0
00-0036857,Chris Evans,2021,RB,<=24,9.0,17.0,PTD,8.0,1,0
00-0036859,Jimmy Morrissey,2021,OL,<=24,4.0,17.0,no_claim,,0,0
00-0036860,Jake Funk,2021,RB,<=24,2.0,17.0,no_claim,,0,0
00-0036865,Jackson Carman,2021,OL,<=24,14.0,17.0,no_claim,,0,0
00-0036866,James Hudson,2021,OL,<=24,6.0,17.0,no_claim,,0,0
00-0036869,Dan Moore Jr.,2021,OL,<=24,17.0,17.0,no_claim,,0,0
00-0036875,Rhamondre Stevenson,2021,RB,<=24,12.0,17.0,excluded_sub_threshold,5.0,0,0
00-0036879,Sam Ehlinger,2021,QB,<=24,3.0,17.0,no_claim,,0,0
00-0036880,Penei Sewell,2021,OL,<=24,16.0,17.0,no_claim,,0,0
00-0036886,Josh Ball,2021,OL,<=24,,,no_claim,,0,0
00-0036892,Alex Leatherwood,2021,OL,<=24,18.0,17.0,no_claim,,0,0
00-0036893,Najee Harris,2021,RB,<=24,17.0,17.0,no_claim,,0,0
00-0036898,Davis Mills,2021,QB,<=24,13.0,17.0,no_claim,,0,0
00-0036905,Larry Borom,2021,OL,<=24,10.0,17.0,TTD,7.0,0,1
00-0036906,Khalil Herbert,2021,RB,<=24,14.0,17.0,no_claim,,0,0
00-0036919,Kenneth Gainwell,2021,RB,<=24,16.0,17.0,no_claim,,0,0
00-0036924,Michael Carter,2021,RB,<=24,14.0,17.0,excluded_sub_threshold,3.0,0,0
00-0036928,Kyle Trask,2021,QB,<=24,,,no_claim,,0,0
00-0036929,Ian Book,2021,QB,<=24,1.0,17.0,no_claim,,0,0
00-0036930,Landon Young,2021,OL,25-27,2.0,17.0,no_claim,,0,0
00-0036945,Justin Fields,2021,QB,<=24,12.0,17.0,excluded_sub_threshold,5.0,0,0
00-0036946,Kellen Mond,2021,QB,<=24,1.0,17.0,no_claim,,0,0
00-0036947,Jalen Mayfield,2021,OL,<=24,16.0,17.0,no_claim,,0,0
00-0036953,Teven Jenkins,2021,OL,<=24,5.0,17.0,no_claim,,0,0
00-0036957,Drew Dalman,2021,OL,<=24,5.0,17.0,no_claim,,0,0
00-0036968,Brady Christensen,2021,OL,25-27,10.0,17.0,no_claim,,0,0
00-0036969,Otis Anderson,2021,RB,<=24,,,no_claim,,0,0
00-0036971,Trevor Lawrence,2021,QB,<=24,17.0,17.0,no_claim,,0,0
00-0036972,Mac Jones,2021,QB,<=24,17.0,17.0,no_claim,,0,0
00-0036973,Travis Etienne,2021,RB,<=24,,,no_claim,,0,0
00-0036975,Walker Little,2021,OL,<=24,7.0,17.0,no_claim,,0,0
00-0036976,Spencer Brown,2021,OL,<=24,15.0,17.0,excluded_sub_threshold,2.0,0,0
00-0036977,Ben Cleveland,2021,OL,<=24,8.0,17.0,no_claim,,0,0
00-0036979,Alijah Vera-Tucker,2021,OL,<=24,16.0,17.0,no_claim,,0,0
00-0036983,Kendrick Green,2021,OL,<=24,15.0,17.0,no_claim,,0,0
00-0036984,Trey Sermon,2021,RB,<=24,5.0,17.0,TTD,12.0,0,1
00-0036985,Robert Hainsey,2021,OL,<=24,4.0,17.0,no_claim,,0,0
00-0036997,Javonte Williams,2021,RB,<=24,17.0,17.0,no_claim,,0,0
00-0037001,Quinn Meinerz,2021,OL,<=24,11.0,17.0,no_claim,,0,0
00-0037002,Landon Dickerson,2021,OL,<=24,15.0,17.0,excluded_sub_threshold,2.0,0,0
00-0037006,Wyatt Davis,2021,OL,<=24,0.0,17.0,PTD,17.0,1,0
00-0037009,Rashawn Slater,2021,OL,<=24,16.0,17.0,no_claim,,0,0
00-0037010,Liam Eichenberg,2021,OL,<=24,17.0,17.0,no_claim,,0,0
00-0037012,Trey Lance,2021,QB,<=24,6.0,17.0,PTD,11.0,1,0
00-0037013,Zach Wilson,2021,QB,<=24,13.0,17.0,excluded_sub_threshold,4.0,0,0
00-0019596,Tom Brady,2022,QB,31+,17.0,17.0,no_claim,,0,0
00-0022531,Jason Peters,2022,OL,31+,13.0,17.0,excluded_sub_threshold,4.0,0,0
00-0023459,Aaron Rodgers,2022,QB,31+,17.0,17.0,no_claim,,0,0
00-0023500,Frank Gore,2022,RB,31+,,,no_claim,,0,0
00-0024270,Andrew Whitworth,2022,OL,31+,,,no_claim,,0,0
00-0026143,Matt Ryan,2022,QB,31+,12.0,17.0,excluded_sub_threshold,5.0,0,0
00-0026158,Joe Flacco,2022,QB,31+,5.0,17.0,no_claim,,0,0
00-0026166,Duane Brown,2022,OL,31+,12.0,17.0,excluded_sub_threshold,5.0,0,0
00-0026197,Chad Henne,2022,QB,31+,2.0,17.0,no_claim,,0,0
00-0026300,Josh Johnson,2022,QB,31+,1.0,17.0,no_claim,,0,0
00-0026498,Matthew Stafford,2022,QB,31+,9.0,17.0,TTD,8.0,0,1
00-0026544,Chase Daniel,2022,QB,31+,3.0,17.0,no_claim,,0,0
00-0026625,Brian Hoyer,2022,QB,31+,1.0,17.0,no_claim,,0,0
00-0026997,Alex Mack,2022,OL,31+,,,no_claim,,0,0
00-0027648,Rodger Saffold,2022,OL,31+,18.0,17.0,no_claim,,0,0
00-0027688,Colt McCoy,2022,QB,31+,4.0,17.0,PTD,13.0,1,0
00-0027857,Trent Williams,2022,OL,31+,17.0,17.0,no_claim,,0,0
00-0027947,Tyron Smith,2022,OL,31+,6.0,17.0,no_claim,,0,0
00-0027948,Blaine Gabbert,2022,QB,31+,1.0,17.0,no_claim,,0,0
00-0027966,Mark Ingram,2022,RB,31+,10.0,17.0,PTD,7.0,1,0
00-0027973,Andy Dalton,2022,QB,31+,14.0,17.0,no_claim,,0,0
00-0027993,Rodney Hudson,2022,OL,31+,4.0,17.0,PTD,13.0,1,0
00-0028063,Taiwan Jones,2022,RB,31+,,,no_claim,,0,0
00-0028064,Bilal Powell,2022,RB,31+,,,no_claim,,0,0
00-0028076,Marcus Cannon,2022,OL,31+,5.0,17.0,PTD,12.0,1,0
00-0028118,Tyrod Taylor,2022,QB,31+,2.0,17.0,TTD,15.0,0,1
00-0028129,Jason Kelce,2022,OL,31+,20.0,17.0,no_claim,,0,0
00-0028986,Case Keenum,2022,QB,31+,2.0,17.0,no_claim,,0,0
00-0029144,Tom Compton,2022,OL,31+,1.0,17.0,no_claim,,0,0
00-0029146,J.R. Sweezy,2022,OL,31+,,,no_claim,,0,0
00-0029164,Mike Remmers,2022,OL,31+,2.0,17.0,no_claim,,0,0
00-0029239,Brandon Bolden,2022,RB,31+,8.0,17.0,PTD,9.0,1,0
00-0029263,Russell Wilson,2022,QB,31+,15.0,17.0,excluded_sub_threshold,2.0,0,0
00-0029316,Kelvin Beachum,2022,OL,31+,17.0,17.0,no_claim,,0,0
00-0029413,Ben Jones,2022,OL,31+,12.0,17.0,excluded_sub_threshold,5.0,0,0
00-0029419,Dennis Kelly,2022,OL,31+,4.0,17.0,no_claim,,0,0
00-0029567,Nick Foles,2022,QB,31+,2.0,17.0,PTD,15.0,1,0
00-0029592,Kevin Zeitler,2022,OL,31+,16.0,17.0,no_claim,,0,0
00-0029604,Kirk Cousins,2022,QB,31+,17.0,17.0,no_claim,,0,0
00-0029672,Riley Reiff,2022,OL,31+,12.0,17.0,no_claim,,0,0
00-0029679,Brandon Brooks,2022,OL,31+,,,no_claim,,0,0
00-0029685,Greg Van Roten,2022,OL,31+,9.0,17.0,no_claim,,0,0
00-0029701,Ryan Tannehill,2022,QB,31+,12.0,17.0,excluded_sub_threshold,5.0,0,0
00-0029709,Ty Nsekhe,2022,OL,31+,10.0,17.0,no_claim,,0,0
00-0029892,Kyle Juszczyk,2022,RB,31+,13.0,17.0,excluded_sub_threshold,4.0,0,0
00-0029895,Ryan Jensen,2022,OL,31+,1.0,17.0,no_claim,,0,0
00-0029963,Chris Hubbard,2022,OL,31+,,,no_claim,,0,0
00-0030046,Jordan Mills,2022,OL,31+,,,no_claim,,0,0
00-0030067,Terron Armstead,2022,OL,31+,14.0,17.0,excluded_sub_threshold,3.0,0,0
00-0030074,David Bakhtiari,2022,OL,31+,11.0,17.0,PTD,6.0,1,0
00-0030083,Oday Aboushi,2022,OL,31+,6.0,17.0,no_claim,,0,0
00-0030097,David Quessenberry,2022,OL,31+,10.0,17.0,no_claim,,0,0
00-0030288,Rex Burkhead,2022,RB,31+,15.0,17.0,no_claim,,0,0
00-0030456,Giovani Bernard,2022,RB,31+,2.0,17.0,no_claim,,0,0
00-0030465,Kenjon Barner,2022,RB,31+,,,no_claim,,0,0
00-0030513,Latavius Murray,2022,RB,31+,13.0,17.0,no_claim,,0,0
00-0030561,Lane Johnson,2022,OL,31+,18.0,17.0,no_claim,,0,0
00-0030565,Geno Smith,2022,QB,31+,17.0,17.0,no_claim,,0,0
00-0030578,Cordarrelle Patterson,2022,RB,31+,13.0,17.0,no_claim,,0,0
00-0030584,Eric Fisher,2022,OL,31+,,,no_claim,,0,0
00-0030585,Justin Pugh,2022,OL,31+,5.0,17.0,TTD,12.0,0,1
00-0030694,James Hurst,2022,OL,31+,16.0,17.0,no_claim,,0,0
00-0030706,Josh Andrews,2022,OL,31+,6.0,17.0,no_claim,,0,0
00-0030725,Cornelius Lucas,2022,OL,31+,15.0,17.0,excluded_sub_threshold,2.0,0,0
00-0030792,Justin McCray,2022,OL,31+,7.0,17.0,PTD,10.0,1,0
00-0030827,Tyler Shatley,2022,OL,31+,16.0,17.0,no_claim,,0,0
00-0030829,Josh Wells,2022,OL,31+,11.0,17.0,no_claim,,0,0
00-0030869,Tyler Larsen,2022,OL,31+,8.0,17.0,no_claim,,0,0
00-0030874,Damien Williams,2022,RB,31+,1.0,17.0,PTD,16.0,1,0
00-0030968,Keith Smith,2022,RB,31+,2.0,17.0,no_claim,,0,0
00-0031017,Dakota Dozier,2022,OL,31+,,,no_claim,,0,0
00-0031019,Corey Linsley,2022,OL,31+,15.0,17.0,excluded_sub_threshold,2.0,0,0
00-0031022,Laurent Duvernay-Tardif,2022,OL,31+,2.0,17.0,no_claim,,0,0
00-0031039,James Ferentz,2022,OL,31+,8.0,17.0,no_claim,,0,0
00-0031062,James White,2022,RB,31+,,,no_claim,,0,0
00-0031067,Cameron Fleming,2022,OL,28-30,15.0,17.0,excluded_sub_threshold,2.0,0,0
00-0031095,Charles Leno Jr.,2022,OL,31+,,,no_claim,,0,0
00-0031122,Andrew Norwell,2022,OL,31+,16.0,17.0,no_claim,,0,0
00-0031142,Matt Feiler,2022,OL,31+,18.0,17.0,no_claim,,0,0
00-0031237,Teddy Bridgewater,2022,QB,28-30,5.0,17.0,no_claim,,0,0
00-0031279,Jake Matthews,2022,OL,31+,17.0,17.0,no_claim,,0,0
00-0031280,Derek Carr,2022,QB,31+,15.0,17.0,no_claim,,0,0
00-0031282,Justin Britt,2022,OL,31+,1.0,17.0,PTD,16.0,1,0
00-0031330,Morgan Moses,2022,OL,31+,18.0,17.0,no_claim,,0,0
00-0031345,Jimmy Garoppolo,2022,QB,31+,11.0,17.0,PTD,6.0,1,0
00-0031353,Michael Schofield,2022,OL,31+,10.0,17.0,no_claim,,0,0
00-0031362,Trai Turner,2022,OL,28-30,13.0,17.0,excluded_sub_threshold,4.0,0,0
00-0031367,Gabe Jackson,2022,OL,31+,16.0,17.0,no_claim,,0,0
00-0031369,Brandon Linder,2022,OL,31+,,,no_claim,,0,0
00-0031376,Jerick McKinnon,2022,RB,31+,17.0,17.0,no_claim,,0,0
00-0031402,Zack Martin,2022,OL,31+,19.0,17.0,no_claim,,0,0
00-0031417,Ja'Wuan James,2022,OL,31+,1.0,17.0,no_claim,,0,0
00-0031426,Joel Bitonio,2022,OL,31+,17.0,17.0,no_claim,,0,0
00-0031433,Billy Turner,2022,OL,31+,8.0,17.0,TTD,9.0,0,1
00-0031442,Taylor Lewan,2022,OL,31+,2.0,17.0,PTD,15.0,1,0
00-0031503,Jameis Winston,2022,QB,28-30,3.0,17.0,TTD,14.0,0,1
00-0031534,La'el Collins,2022,OL,28-30,15.0,17.0,no_claim,,0,0
00-0031561,Hroniss Grasu,2022,OL,31+,1.0,17.0,no_claim,,0,0
00-0031575,Jamil Douglas,2022,OL,31+,,,no_claim,,0,0
00-0031580,Shaquille Mason,2022,OL,28-30,,,no_claim,,0,0
00-0031581,Mark Glowinski,2022,OL,31+,18.0,17.0,no_claim,,0,0
00-0031595,Michael Burton,2022,RB,31+,6.0,17.0,no_claim,,0,0
00-0031622,Bobby Hart,2022,OL,28-30,16.0,17.0,no_claim,,0,0
00-0031632,Denzelle Good,2022,OL,31+,,,no_claim,,0,0
00-0031687,Raheem Mostert,2022,RB,31+,16.0,17.0,no_claim,,0,0
00-0031734,Chris Reed,2022,OL,31+,2.0,17.0,no_claim,,0,0
00-0031800,Taylor Heinicke,2022,QB,28-30,9.0,17.0,no_claim,,0,0
00-0031806,Malcolm Brown,2022,RB,28-30,7.0,17.0,PTD,10.0,1,0
00-0031852,David Andrews,2022,OL,31+,14.0,17.0,excluded_sub_threshold,3.0,0,0
00-0031893,Jesse Davis,2022,OL,31+,0.0,17.0,no_claim,,0,0
00-0031921,Kendall Lamm,2022,OL,31+,1.0,17.0,TTD,16.0,0,1
00-0031936,Mitch Morse,2022,OL,31+,15.0,17.0,excluded_sub_threshold,2.0,0,0
00-0031958,Austin Reiter,2022,OL,31+,,,no_claim,,0,0
00-0032053,Brandon Scherff,2022,OL,31+,19.0,17.0,no_claim,,0,0
00-0032058,Tevin Coleman,2022,RB,28-30,2.0,17.0,no_claim,,0,0
00-0032063,Mike Davis,2022,RB,28-30,5.0,17.0,no_claim,,0,0
00-0032071,Trent Brown,2022,OL,28-30,,,no_claim,,0,0
00-0032104,Ameer Abdullah,2022,RB,28-30,13.0,17.0,no_claim,,0,0
00-0032132,Max Garcia,2022,OL,31+,11.0,17.0,TTD,6.0,0,1
00-0032145,Cameron Erving,2022,OL,31+,10.0,17.0,no_claim,,0,0
00-0032149,John Miller,2022,OL,28-30,0.0,17.0,no_claim,,0,0
00-0032151,Jon Feliciano,2022,OL,31+,17.0,17.0,no_claim,,0,0
00-0032156,Trevor Siemian,2022,QB,31+,2.0,17.0,PTD,15.0,1,0
00-0032187,David Johnson,2022,RB,31+,4.0,17.0,no_claim,,0,0
00-0032192,Daniel Munyer,2022,OL,31+,0.0,17.0,no_claim,,0,0
00-0032203,Andrus Peat,2022,OL,28-30,11.0,17.0,TTD,6.0,0,1
00-0032204,Chaz Green,2022,OL,31+,,,no_claim,,0,0
00-0032217,Donovan Smith,2022,OL,28-30,14.0,17.0,excluded_sub_threshold,3.0,0,0
00-0032222,D.J. Humphries,2022,OL,28-30,8.0,17.0,TTD,9.0,0,1
00-0032233,Cedric Ogbuehi,2022,OL,31+,7.0,17.0,PTD,10.0,1,0
00-0032234,Laken Tomlinson,2022,OL,31+,17.0,17.0,no_claim,,0,0
00-0032242,Rob Havenstein,2022,OL,31+,17.0,17.0,no_claim,,0,0
00-0032255,A.J. Cann,2022,OL,31+,16.0,17.0,no_claim,,0,0
00-0032268,Marcus Mariota,2022,QB,28-30,13.0,17.0,no_claim,,0,0
00-0032380,Laremy Tunsil,2022,OL,28-30,17.0,17.0,no_claim,,0,0
00-0032381,Taylor Decker,2022,OL,28-30,17.0,17.0,no_claim,,0,0
00-0032383,Ryan Kelly,2022,OL,28-30,17.0,17.0,no_claim,,0,0
00-0032384,Germain Ifedi,2022,OL,28-30,4.0,17.0,no_claim,,0,0
00-0032391,Joe Thuney,2022,OL,28-30,18.0,17.0,no_claim,,0,0
00-0032395,Graham Glasgow,2022,OL,31+,15.0,17.0,no_claim,,0,0
00-0032405,Willie Beavers,2022,OL,28-30,,,no_claim,,0,0
00-0032419,Joe Haeg,2022,OL,28-30,1.0,17.0,PTD,16.0,1,0
00-0032420,Brandon Shell,2022,OL,31+,13.0,17.0,no_claim,,0,0
00-0032432,Wes Schweitzer,2022,OL,28-30,7.0,17.0,PTD,10.0,1,0
00-0032434,Brandon Allen,2022,QB,28-30,1.0,17.0,no_claim,,0,0
00-0032436,Jeff Driskel,2022,QB,28-30,7.0,17.0,no_claim,,0,0
00-0032445,Ted Karras,2022,OL,28-30,19.0,17.0,no_claim,,0,0
00-0032450,Dwayne Washington,2022,RB,28-30,3.0,17.0,PTD,14.0,1,0
00-0032455,Austin Blythe,2022,OL,31+,18.0,17.0,no_claim,,0,0
00-0032466,George Fant,2022,OL,31+,8.0,17.0,TTD,9.0,0,1
00-0032575,Matt Skura,2022,OL,28-30,8.0,17.0,no_claim,,0,0
00-0032602,J.D. McKissic,2022,RB,28-30,8.0,17.0,PTD,9.0,1,0
00-0032701,Jake Brendel,2022,OL,28-30,20.0,17.0,no_claim,,0,0
00-0032764,Derrick Henry,2022,RB,28-30,16.0,17.0,no_claim,,0,0
00-0032766,Jason Spriggs,2022,OL,28-30,,,no_claim,,0,0
00-0032768,Cody Whitehair,2022,OL,31+,12.0,17.0,excluded_sub_threshold,5.0,0,0
00-0032780,Jordan Howard,2022,RB,28-30,1.0,17.0,no_claim,,0,0
00-0032785,Halapoulivaati Vaitai,2022,OL,28-30,,,no_claim,,0,0
00-0032792,Nate Sudfeld,2022,QB,28-30,2.0,17.0,no_claim,,0,0
00-0032897,Derek Watt,2022,RB,28-30,10.0,17.0,no_claim,,0,0
00-0032918,C.J. Ham,2022,RB,28-30,9.0,17.0,no_claim,,0,0
00-0032950,Carson Wentz,2022,QB,28-30,8.0,17.0,PTD,9.0,1,0
00-0032954,Isaac Seumalo,2022,OL,28-30,20.0,17.0,no_claim,,0,0
00-0032956,Andy Janovich,2022,RB,28-30,,,no_claim,,0,0
00-0032965,Ronnie Stanley,2022,OL,28-30,12.0,17.0,excluded_sub_threshold,5.0,0,0
00-0032969,Nick Martin,2022,OL,28-30,3.0,17.0,no_claim,,0,0
00-0032975,Jonathan Williams,2022,RB,28-30,7.0,17.0,PTD,10.0,1,0
00-0033011,Connor McGovern,2022,OL,28-30,34.0,17.0,no_claim,,0,0
00-0033045,Ezekiel Elliott,2022,RB,28-30,15.0,17.0,excluded_sub_threshold,2.0,0,0
00-0033057,Jack Conklin,2022,OL,28-30,14.0,17.0,excluded_sub_threshold,3.0,0,0
00-0033065,Le'Raven Clark,2022,OL,28-30,5.0,17.0,no_claim,,0,0
00-0033077,Dak Prescott,2022,QB,28-30,12.0,17.0,excluded_sub_threshold,5.0,0,0
00-0033082,Lucas Patrick,2022,OL,28-30,7.0,17.0,no_claim,,0,0
00-0033085,Jerald Hawkins,2022,OL,28-30,,,no_claim,,0,0
00-0033097,Shon Coleman,2022,OL,31+,,,no_claim,,0,0
00-0033106,Jared Goff,2022,QB,28-30,17.0,17.0,no_claim,,0,0
00-0033118,Kenyan Drake,2022,RB,28-30,12.0,17.0,no_claim,,0,0
00-0033119,Jacoby Brissett,2022,QB,28-30,14.0,17.0,no_claim,,0,0
00-0033221,Daniel Brunskill,2022,OL,28-30,17.0,17.0,no_claim,,0,0
00-0033275,Phillip Walker,2022,QB,28-30,6.0,17.0,PTD,11.0,1,0
00-0033280,Christian McCaffrey,2022,RB,25-27,17.0,17.0,no_claim,,0,0
00-0033284,Taylor Moton,2022,OL,28-30,17.0,17.0,no_claim,,0,0
00-0033290,Jermaine Eluemunor,2022,OL,28-30,17.0,17.0,no_claim,,0,0
00-0033293,Aaron Jones,2022,RB,28-30,17.0,17.0,no_claim,,0,0
00-0033300,Conor McDermott,2022,OL,28-30,8.0,17.0,no_claim,,0,0
00-0033308,Matt Breida,2022,RB,28-30,17.0,17.0,no_claim,,0,0
00-0033319,Nick Mullens,2022,QB,28-30,4.0,17.0,no_claim,,0,0
00-0033326,Aviante Collins,2022,OL,28-30,2.0,17.0,no_claim,,0,0
00-0033359,Adam Pankey,2022,OL,28-30,,,no_claim,,0,0
00-0033376,Patrick Ricard,2022,RB,28-30,12.0,17.0,no_claim,,0,0
00-0033414,Eric Smith,2022,OL,25-27,,,no_claim,,0,0
00-0033490,Ben Braden,2022,OL,28-30,,,no_claim,,0,0
00-0033511,Sean Harlow,2022,OL,28-30,6.0,17.0,no_claim,,0,0
00-0033526,Samaje Perine,2022,RB,25-27,16.0,17.0,no_claim,,0,0
00-0033529,Chase Roullier,2022,OL,28-30,2.0,17.0,no_claim,,0,0
00-0033537,Deshaun Watson,2022,QB,25-27,6.0,17.0,no_claim,,0,0
00-0033538,Garett Bolles,2022,OL,31+,5.0,17.0,no_claim,,0,0
00-0033542,Forrest Lamp,2022,OL,28-30,,,no_claim,,0,0
00-0033553,James Conner,2022,RB,28-30,13.0,17.0,excluded_sub_threshold,4.0,0,0
00-0033592,Kyle Fuller,2022,OL,28-30,3.0,17.0,no_claim,,0,0
00-0033594,Chris Carson,2022,RB,28-30,,,no_claim,,0,0
00-0033631,Rashaad Coward,2022,OL,28-30,3.0,17.0,PTD,14.0,1,0
00-0033662,Cooper Rush,2022,QB,28-30,8.0,17.0,no_claim,,0,0
00-0033676,Elijah Wilkinson,2022,OL,28-30,9.0,17.0,TTD,8.0,0,1
00-0033699,Austin Ekeler,2022,RB,28-30,17.0,17.0,no_claim,,0,0
00-0033725,Corey Clement,2022,RB,28-30,4.0,17.0,no_claim,,0,0
00-0033740,Jordan Roos,2022,OL,28-30,3.0,17.0,no_claim,,0,0
00-0033752,Storm Norton,2022,OL,28-30,8.0,17.0,no_claim,,0,0
00-0033788,Will Holden,2022,OL,28-30,,,no_claim,,0,0
00-0033793,Corey Levin,2022,OL,28-30,9.0,17.0,no_claim,,0,0
00-0033831,Andrew Wylie,2022,OL,28-30,20.0,17.0,no_claim,,0,0
00-0033838,Trey Edmunds,2022,RB,28-30,,,no_claim,,0,0
00-0033854,Dare Ogunbowale,2022,RB,28-30,11.0,17.0,no_claim,,0,0
00-0033856,Leonard Fournette,2022,RB,28-30,16.0,17.0,no_claim,,0,0
00-0033863,Dan Skipper,2022,OL,28-30,15.0,17.0,no_claim,,0,0
00-0033869,Mitchell Trubisky,2022,QB,28-30,7.0,17.0,no_claim,,0,0
00-0033873,Patrick Mahomes,2022,QB,25-27,17.0,17.0,no_claim,,0,0
00-0033888,Ryan Ramczyk,2022,OL,28-30,16.0,17.0,no_claim,,0,0
00-0033889,Cam Robinson,2022,OL,25-27,14.0,17.0,excluded_sub_threshold,3.0,0,0
00-0033893,Dalvin Cook,2022,RB,28-30,17.0,17.0,no_claim,,0,0
00-0033897,Joe Mixon,2022,RB,25-27,14.0,17.0,excluded_sub_threshold,3.0,0,0
00-0033901,Ethan Pocic,2022,OL,28-30,13.0,17.0,no_claim,,0,0
00-0033904,Dion Dawkins,2022,OL,28-30,17.0,17.0,no_claim,,0,0
00-0033906,Alvin Kamara,2022,RB,28-30,15.0,17.0,no_claim,,0,0
00-0033909,Pat Elflein,2022,OL,28-30,6.0,17.0,no_claim,,0,0
00-0033910,Dan Feeney,2022,OL,28-30,4.0,17.0,no_claim,,0,0
00-0033923,Kareem Hunt,2022,RB,28-30,17.0,17.0,no_claim,,0,0
00-0033925,D'Onta Foreman,2022,RB,25-27,16.0,17.0,no_claim,,0,0
00-0033936,C.J. Beathard,2022,QB,28-30,4.0,17.0,no_claim,,0,0
00-0033948,Jamaal Williams,2022,RB,28-30,17.0,17.0,no_claim,,0,0
00-0033949,Joshua Dobbs,2022,QB,28-30,2.0,17.0,no_claim,,0,0
00-0033951,Marlon Mack,2022,RB,25-27,5.0,17.0,no_claim,,0,0
00-0033955,Jeremy McNichols,2022,RB,25-27,,,no_claim,,0,0
00-0033958,Nathan Peterman,2022,QB,28-30,3.0,17.0,no_claim,,0,0
00-0033995,Michael Dunn,2022,OL,28-30,7.0,17.0,TTD,10.0,0,1
00-0034058,Jon Toth,2022,OL,28-30,,,no_claim,,0,0
00-0034102,Timon Parris,2022,OL,25-27,,,no_claim,,0,0
00-0034109,Phillip Lindsay,2022,RB,28-30,3.0,17.0,no_claim,,0,0
00-0034112,Austin Schlottmann,2022,OL,25-27,6.0,17.0,no_claim,,0,0
00-0034114,Coleman Shelton,2022,OL,28-30,13.0,17.0,excluded_sub_threshold,4.0,0,0
00-0034115,Jeff Wilson,2022,RB,25-27,16.0,17.0,no_claim,,0,0
00-0034131,Kurt Benkert,2022,QB,28-30,,,no_claim,,0,0
00-0034140,Matt Gono,2022,OL,25-27,,,no_claim,,0,0
00-0034142,J.C. Hassenauer,2022,OL,25-27,3.0,17.0,no_claim,,0,0
00-0034158,Brian O'Neill,2022,OL,25-27,16.0,17.0,no_claim,,0,0
00-0034164,Trenton Cannon,2022,RB,28-30,,,no_claim,,0,0
00-0034165,Colby Gossett,2022,OL,28-30,8.0,17.0,no_claim,,0,0
00-0034171,Jason Cabinda,2022,RB,25-27,4.0,17.0,PTD,13.0,1,0
00-0034177,Tim Boyle,2022,QB,28-30,1.0,17.0,no_claim,,0,0
00-0034184,Gus Edwards,2022,RB,28-30,9.0,17.0,TTD,8.0,0,1
00-0034208,Mike Boone,2022,RB,28-30,8.0,17.0,no_claim,,0,0
00-0034229,Dakoda Shepley,2022,OL,28-30,2.0,17.0,no_claim,,0,0
00-0034250,Christian DiLauro,2022,OL,28-30,0.0,17.0,no_claim,,0,0
00-0034253,Dontrell Hilliard,2022,RB,28-30,11.0,17.0,PTD,6.0,1,0
00-0034261,Austin Corbett,2022,OL,25-27,17.0,17.0,no_claim,,0,0
00-0034280,Greg Senat,2022,OL,28-30,,,no_claim,,0,0
00-0034281,Bradley Bozeman,2022,OL,28-30,11.0,17.0,no_claim,,0,0
00-0034289,Ryan Hunter,2022,OL,28-30,,,no_claim,,0,0
00-0034301,Darrel Williams,2022,RB,28-30,5.0,17.0,PTD,12.0,1,0
00-0034311,Johnny Stanton,2022,RB,28-30,,,no_claim,,0,0
00-0034342,Quenton Nelson,2022,OL,25-27,17.0,17.0,no_claim,,0,0
00-0034345,Frank Ragnow,2022,OL,25-27,16.0,17.0,no_claim,,0,0
00-0034346,Will Hernandez,2022,OL,25-27,13.0,17.0,no_claim,,0,0
00-0034347,James Daniels,2022,OL,25-27,17.0,17.0,no_claim,,0,0
00-0034352,Connor Williams,2022,OL,25-27,18.0,17.0,no_claim,,0,0
00-0034367,Nyheim Hines,2022,RB,25-27,16.0,17.0,no_claim,,0,0
00-0034379,Rick Leonard,2022,OL,25-27,,,no_claim,,0,0
00-0034380,Will Richardson,2022,OL,25-27,,,no_claim,,0,0
00-0034392,Scott Quessenberry,2022,OL,28-30,16.0,17.0,no_claim,,0,0
00-0034399,Wyatt Teller,2022,OL,28-30,15.0,17.0,excluded_sub_threshold,2.0,0,0
00-0034400,Jordan Wilkins,2022,RB,28-30,4.0,17.0,no_claim,,0,0
00-0034401,Mike White,2022,QB,28-30,4.0,17.0,PTD,13.0,1,0
00-0034414,Boston Scott,2022,RB,28-30,13.0,17.0,excluded_sub_threshold,4.0,0,0
00-0034417,Matt Pryor,2022,OL,28-30,12.0,17.0,no_claim,,0,0
00-0034429,Jordan Mailata,2022,OL,25-27,19.0,17.0,no_claim,,0,0
00-0034433,Nick Bawden,2022,RB,25-27,,,no_claim,,0,0
00-0034436,Will Clapp,2022,OL,25-27,9.0,17.0,no_claim,,0,0
00-0034438,Logan Woodside,2022,QB,28-30,,,no_claim,,0,0
00-0034440,Justin Jackson,2022,RB,25-27,12.0,17.0,no_claim,,0,0
00-0034445,Nick Gates,2022,OL,25-27,12.0,17.0,no_claim,,0,0
00-0034495,Evan Brown,2022,OL,25-27,13.0,17.0,excluded_sub_threshold,4.0,0,0
00-0034505,Ike Boettger,2022,OL,28-30,1.0,17.0,no_claim,,0,0
00-0034571,Trenton Scott,2022,OL,28-30,8.0,17.0,no_claim,,0,0
00-0034577,Kyle Allen,2022,QB,25-27,2.0,17.0,no_claim,,0,0
00-0034578,Reggie Bonnafon,2022,RB,25-27,1.0,17.0,no_claim,,0,0
00-0034597,Ryan Nall,2022,RB,25-27,,,no_claim,,0,0
00-0034614,Godwin Igwebuike,2022,RB,28-30,1.0,17.0,no_claim,,0,0
00-0034628,Jaryd Jones-Smith,2022,OL,25-27,,,no_claim,,0,0
00-0034664,Elijah Nkansah,2022,OL,28-30,,,no_claim,,0,0
00-0034668,Aaron Stinnie,2022,OL,28-30,,,no_claim,,0,0
00-0034678,Alex Cappa,2022,OL,28-30,16.0,17.0,no_claim,,0,0
00-0034681,Chase Edmonds,2022,RB,25-27,13.0,17.0,no_claim,,0,0
00-0034729,Jamarco Jones,2022,OL,25-27,,,no_claim,,0,0
00-0034750,Rashaad Penny,2022,RB,25-27,5.0,17.0,no_claim,,0,0
00-0034752,Orlando Brown,2022,OL,25-27,,,no_claim,,0,0
00-0034759,Kolton Miller,2022,OL,25-27,16.0,17.0,no_claim,,0,0
00-0034762,Billy Price,2022,OL,28-30,11.0,17.0,no_claim,,0,0
00-0034763,Brandon Parker,2022,OL,25-27,,,no_claim,,0,0
00-0034768,Chukwuma Okorafor,2022,OL,25-27,17.0,17.0,no_claim,,0,0
00-0034771,Mason Rudolph,2022,QB,28-30,,,no_claim,,0,0
00-0034785,Mason Cole,2022,OL,25-27,17.0,17.0,no_claim,,0,0
00-0034791,Nick Chubb,2022,RB,25-27,17.0,17.0,no_claim,,0,0
00-0034796,Lamar Jackson,2022,QB,25-27,12.0,17.0,excluded_sub_threshold,5.0,0,0
00-0034803,Joe Noteboom,2022,OL,28-30,6.0,17.0,no_claim,,0,0
00-0034804,Brian Allen,2022,OL,25-27,7.0,17.0,PTD,10.0,1,0
00-0034816,Ronald Jones,2022,RB,25-27,5.0,17.0,no_claim,,0,0
00-0034817,Geron Christian,2022,OL,25-27,2.0,17.0,no_claim,,0,0
00-0034833,Isaiah Wynn,2022,OL,25-27,9.0,17.0,PTD,8.0,1,0
00-0034836,Braden Smith,2022,OL,25-27,16.0,17.0,no_claim,,0,0
00-0034838,Royce Freeman,2022,RB,25-27,4.0,17.0,no_claim,,0,0
00-0034844,Saquon Barkley,2022,RB,25-27,16.0,17.0,no_claim,,0,0
00-0034845,Sony Michel,2022,RB,28-30,10.0,17.0,no_claim,,0,0
00-0034847,Mike McGlinchey,2022,OL,28-30,20.0,17.0,no_claim,,0,0
00-0034855,Baker Mayfield,2022,QB,28-30,12.0,17.0,excluded_sub_threshold,5.0,0,0
00-0034857,Josh Allen,2022,QB,25-27,16.0,17.0,no_claim,,0,0
00-0034869,Sam Darnold,2022,QB,25-27,6.0,17.0,no_claim,,0,0
00-0034899,John Wolford,2022,QB,25-27,2.0,17.0,PTD,15.0,1,0
00-0034929,Quinn Bailey,2022,OL,25-27,4.0,17.0,no_claim,,0,0
00-0034955,Brett Rypien,2022,QB,25-27,4.0,17.0,no_claim,,0,0
00-0034957,Calvin Anderson,2022,OL,25-27,10.0,17.0,PTD,7.0,1,0
00-0034972,Alexander Mattison,2022,RB,25-27,17.0,17.0,no_claim,,0,0
00-0034975,Justice Hill,2022,RB,25-27,13.0,17.0,excluded_sub_threshold,4.0,0,0
00-0034976,Dru Samia,2022,OL,25-27,,,no_claim,,0,0
00-0034978,Ben Powers,2022,OL,25-27,18.0,17.0,no_claim,,0,0
00-0034991,Drew Forbes,2022,OL,25-27,4.0,17.0,no_claim,,0,0
00-0034994,Oli Udoh,2022,OL,25-27,,,no_claim,,0,0
00-0034995,Dexter Williams,2022,RB,25-27,,,no_claim,,0,0
00-0035003,Jackson Barton,2022,OL,28-30,1.0,17.0,no_claim,,0,0
00-0035040,David Blough,2022,QB,28-30,2.0,17.0,no_claim,,0,0
00-0035051,Willie Wright,2022,OL,25-27,,,no_claim,,0,0
00-0035061,Alex Bars,2022,OL,25-27,14.0,17.0,excluded_sub_threshold,3.0,0,0
00-0035062,Sam Mustipher,2022,OL,25-27,17.0,17.0,no_claim,,0,0
00-0035084,Yosuah Nijman,2022,OL,25-27,,,no_claim,,0,0
00-0035099,Khari Blasingame,2022,RB,25-27,1.0,17.0,no_claim,,0,0
00-0035100,Jake Browning,2022,QB,25-27,,,no_claim,,0,0
00-0035112,Patrick Mekari,2022,OL,25-27,15.0,17.0,excluded_sub_threshold,2.0,0,0
00-0035117,Lester Cotton,2022,OL,25-27,3.0,17.0,no_claim,,0,0
00-0035125,Alec Ingold,2022,RB,25-27,12.0,17.0,no_claim,,0,0
00-0035127,Andre James,2022,OL,25-27,15.0,17.0,excluded_sub_threshold,2.0,0,0
00-0035141,Phil Haynes,2022,OL,25-27,14.0,17.0,no_claim,,0,0
00-0035146,Trace McSorley,2022,QB,28-30,5.0,17.0,no_claim,,0,0
00-0035149,Nick Allegretti,2022,OL,25-27,14.0,17.0,no_claim,,0,0
00-0035161,John Lovett,2022,QB,25-27,,,no_claim,,0,0
00-0035184,Devine Ozigbo,2022,RB,25-27,3.0,17.0,no_claim,,0,0
00-0035217,Benny Snell,2022,RB,25-27,3.0,17.0,no_claim,,0,0
00-0035228,Kyler Murray,2022,QB,25-27,11.0,17.0,no_claim,,0,0
00-0035233,Andre Dillard,2022,OL,25-27,7.0,17.0,no_claim,,0,0
00-0035234,Tytus Howard,2022,OL,25-27,17.0,17.0,no_claim,,0,0
00-0035235,Kaleb McGary,2022,OL,28-30,17.0,17.0,no_claim,,0,0
00-0035237,Jawaan Taylor,2022,OL,25-27,19.0,17.0,no_claim,,0,0
00-0035238,Cody Ford,2022,OL,25-27,8.0,17.0,TTD,9.0,0,1
00-0035242,Erik McCoy,2022,OL,25-27,13.0,17.0,excluded_sub_threshold,4.0,0,0
00-0035243,Miles Sanders,2022,RB,25-27,17.0,17.0,no_claim,,0,0
00-0035245,Max Scharping,2022,OL,25-27,6.0,17.0,no_claim,,0,0
00-0035250,Devin Singletary,2022,RB,25-27,16.0,17.0,no_claim,,0,0
00-0035251,Will Grier,2022,QB,28-30,,,no_claim,,0,0
00-0035252,Yodny Cajuste,2022,OL,25-27,7.0,17.0,PTD,10.0,1,0
00-0035258,Hjalte Froholdt,2022,OL,25-27,13.0,17.0,no_claim,,0,0
00-0035261,Tony Pollard,2022,RB,25-27,16.0,17.0,no_claim,,0,0
00-0035263,Wes Martin,2022,OL,25-27,1.0,17.0,no_claim,,0,0
00-0035264,Jarrett Stidham,2022,QB,25-27,3.0,17.0,no_claim,,0,0
00-0035266,Michael Jordan,2022,OL,25-27,2.0,17.0,no_claim,,0,0
00-0035268,Ryquell Armstead,2022,RB,25-27,,,no_claim,,0,0
00-0035274,Ross Pierschbacher,2022,OL,28-30,0.0,17.0,no_claim,,0,0
00-0035282,Easton Stick,2022,QB,25-27,,,no_claim,,0,0
00-0035289,Gardner Minshew,2022,QB,25-27,5.0,17.0,no_claim,,0,0
00-0035291,Trayveon Williams,2022,RB,25-27,4.0,17.0,no_claim,,0,0
00-0035295,Isaiah Prince,2022,OL,25-27,,,no_claim,,0,0
00-0035300,Dennis Daley,2022,OL,25-27,17.0,17.0,no_claim,,0,0
00-0035304,Cullen Gillaspia,2022,RB,28-30,,,no_claim,,0,0
00-0035311,Myles Gaskin,2022,RB,25-27,2.0,17.0,no_claim,,0,0
00-0035317,Joshua Miles,2022,OL,25-27,,,no_claim,,0,0
00-0035328,Matt Nelson,2022,OL,25-27,9.0,17.0,PTD,8.0,1,0
00-0035336,Shaq Calhoun,2022,OL,25-27,,,no_claim,,0,0
00-0035355,Blake Hance,2022,OL,25-27,5.0,17.0,no_claim,,0,0
00-0035382,Ryan Bates,2022,OL,25-27,17.0,17.0,no_claim,,0,0
00-0035383,Nate Herbig,2022,OL,25-27,11.0,17.0,PTD,6.0,1,0
00-0035403,Ethan Greenidge,2022,OL,25-27,,,no_claim,,0,0
00-0035431,Koda Martin,2022,OL,28-30,,,no_claim,,0,0
00-0035442,Elijah Holyfield,2022,RB,25-27,,,no_claim,,0,0
00-0035448,Damarea Crockett,2022,RB,25-27,,,no_claim,,0,0
00-0035504,Wyatt Miller,2022,OL,25-27,,,no_claim,,0,0
00-0035526,Elgton Jenkins,2022,OL,25-27,15.0,17.0,no_claim,,0,0
00-0035536,Lamont Gaillard,2022,OL,25-27,,,no_claim,,0,0
00-0035537,Ty Johnson,2022,RB,25-27,10.0,17.0,no_claim,,0,0
00-0035567,Craig Reynolds,2022,RB,25-27,6.0,17.0,no_claim,,0,0
00-0035588,Garrett Bradbury,2022,OL,28-30,13.0,17.0,excluded_sub_threshold,4.0,0,0
00-0035594,Travis Homer,2022,RB,25-27,8.0,17.0,PTD,9.0,1,0
00-0035623,Chandler Brewer,2022,OL,25-27,4.0,17.0,no_claim,,0,0
00-0035628,D'Ernest Johnson,2022,RB,25-27,3.0,17.0,no_claim,,0,0
00-0035629,Jonah Williams,2022,OL,25-27,17.0,17.0,no_claim,,0,0
00-0035630,Chris Lindstrom,2022,OL,25-27,17.0,17.0,no_claim,,0,0
00-0035641,Casey Tucker,2022,OL,25-27,,,no_claim,,0,0
00-0035649,Nate Davis,2022,OL,25-27,12.0,17.0,excluded_sub_threshold,5.0,0,0
00-0035657,Damien Harris,2022,RB,25-27,11.0,17.0,PTD,6.0,1,0
00-0035664,Darrell Henderson,2022,RB,25-27,10.0,17.0,no_claim,,0,0
00-0035668,David Edwards,2022,OL,25-27,4.0,17.0,TTD,13.0,0,1
00-0035679,Connor McGovern,2022,OL,25-27,34.0,17.0,no_claim,,0,0
00-0035685,David Montgomery,2022,RB,25-27,16.0,17.0,no_claim,,0,0
00-0035686,Michael Deiter,2022,OL,25-27,0.0,17.0,no_claim,,0,0
00-0035688,Trey Pipkins,2022,OL,25-27,15.0,17.0,excluded_sub_threshold,2.0,0,0
00-0035694,Greg Little,2022,OL,25-27,12.0,17.0,no_claim,,0,0
00-0035698,Chuma Edoga,2022,OL,25-27,1.0,17.0,TTD,16.0,0,1
00-0035700,Josh Jacobs,2022,RB,25-27,17.0,17.0,no_claim,,0,0
00-0035702,Dalton Risner,2022,OL,28-30,15.0,17.0,no_claim,,0,0
00-0035704,Drew Lock,2022,QB,25-27,,,no_claim,,0,0
00-0035710,Daniel Jones,2022,QB,25-27,16.0,17.0,no_claim,,0,0
00-0035726,Jakob Johnson,2022,RB,28-30,6.0,17.0,no_claim,,0,0
00-0035743,Brett Toth,2022,OL,25-27,,,no_claim,,0,0
00-0035760,Jacques Patrick,2022,RB,25-27,,,no_claim,,0,0
00-0035764,Calvin Throckmorton,2022,OL,25-27,10.0,17.0,TTD,7.0,0,1
00-0035806,JaMycal Hasty,2022,RB,25-27,14.0,17.0,no_claim,,0,0
00-0035807,Josh Hokit,2022,RB,25-27,,,no_claim,,0,0
00-0035831,James Robinson,2022,RB,25-27,11.0,17.0,no_claim,,0,0
00-0035835,Nathan Cottrell,2022,RB,25-27,,,no_claim,,0,0
00-0035839,Jonathan Hubbard,2022,OL,25-27,,,no_claim,,0,0
00-0035853,Carter O'Donnell,2022,OL,<=24,,,no_claim,,0,0
00-0035860,Tony Jones,2022,RB,25-27,3.0,17.0,no_claim,,0,0
00-0035898,Darius Bradwell,2022,RB,25-27,,,no_claim,,0,0
00-0035908,Gabe Nabers,2022,RB,25-27,,,no_claim,,0,0
00-0035924,Jonathan Ward,2022,RB,25-27,2.0,17.0,no_claim,,0,0
00-0035939,Bryce Perkins,2022,QB,25-27,5.0,17.0,no_claim,,0,0
00-0035952,Mike Horton,2022,OL,25-27,,,no_claim,,0,0
00-0035958,Sam Tecklenburg,2022,OL,25-27,,,no_claim,,0,0
00-0035973,Patrick Taylor,2022,RB,25-27,4.0,17.0,no_claim,,0,0
00-0035992,Trystan Colon,2022,OL,25-27,,,no_claim,,0,0
00-0035993,Tyler Huntley,2022,QB,25-27,5.0,17.0,no_claim,,0,0
00-0035997,Julian Good-Jones,2022,OL,25-27,,,no_claim,,0,0
00-0036020,Salvon Ahmed,2022,RB,<=24,6.0,17.0,no_claim,,0,0
00-0036027,Darius Anderson,2022,RB,25-27,,,no_claim,,0,0
00-0036036,Terence Steele,2022,OL,25-27,13.0,17.0,no_claim,,0,0
00-0036048,John Molchon,2022,OL,25-27,1.0,17.0,no_claim,,0,0
00-0036052,Reid Sinnett,2022,QB,25-27,,,no_claim,,0,0
00-0036069,Scottie Phillips,2022,RB,25-27,,,no_claim,,0,0
00-0036078,Xavier Jones,2022,RB,25-27,,,no_claim,,0,0
00-0036105,Nick Leverett,2022,OL,25-27,11.0,17.0,PTD,6.0,1,0
00-0036123,Brandon Walton,2022,OL,25-27,6.0,17.0,no_claim,,0,0
00-0036131,Solomon Kindley,2022,OL,25-27,,,no_claim,,0,0
00-0036132,Ben Bredeson,2022,OL,25-27,13.0,17.0,excluded_sub_threshold,4.0,0,0
00-0036139,Rico Dowdle,2022,RB,25-27,,,no_claim,,0,0
00-0036158,J.K. Dobbins,2022,RB,<=24,8.0,17.0,TTD,9.0,0,1
00-0036163,Justin Herron,2022,OL,25-27,1.0,17.0,no_claim,,0,0
00-0036171,Aaron Brewer,2022,OL,25-27,17.0,17.0,no_claim,,0,0
00-0036175,Brandon Kemp,2022,OL,25-27,,,no_claim,,0,0
00-0036187,Reggie Gilliam,2022,RB,25-27,4.0,17.0,PTD,13.0,1,0
00-0036188,Antonio Williams,2022,RB,25-27,,,no_claim,,0,0
00-0036195,Charlie Heck,2022,OL,25-27,14.0,17.0,no_claim,,0,0
00-0036198,Mike Onwenu,2022,OL,25-27,17.0,17.0,no_claim,,0,0
00-0036202,Dieter Eiselen,2022,OL,25-27,3.0,17.0,no_claim,,0,0
00-0036212,Tua Tagovailoa,2022,QB,25-27,13.0,17.0,excluded_sub_threshold,4.0,0,0
00-0036214,Tyre Phillips,2022,OL,25-27,11.0,17.0,no_claim,,0,0
00-0036215,Danny Pinter,2022,OL,25-27,14.0,17.0,no_claim,,0,0
00-0036223,Jonathan Taylor,2022,RB,<=24,11.0,17.0,TTD,6.0,0,1
00-0036226,Jacob Eason,2022,QB,25-27,1.0,17.0,no_claim,,0,0
00-0036230,Prince Tega Wanogho,2022,OL,25-27,5.0,17.0,no_claim,,0,0
00-0036234,Logan Stenberg,2022,OL,25-27,4.0,17.0,no_claim,,0,0
00-0036236,Nick Harris,2022,OL,<=24,,,no_claim,,0,0
00-0036245,Malcolm Perry,2022,RB,25-27,,,no_claim,,0,0
00-0036246,Jon Runyan,2022,OL,25-27,,,no_claim,,0,0
00-0036248,Austin Jackson,2022,OL,<=24,2.0,17.0,TTD,15.0,0,1
00-0036251,Zack Moss,2022,RB,25-27,13.0,17.0,no_claim,,0,0
00-0036256,Colton McKivitz,2022,OL,25-27,7.0,17.0,TTD,10.0,0,1
00-0036258,Jonah Jackson,2022,OL,25-27,13.0,17.0,excluded_sub_threshold,4.0,0,0
00-0036264,Jordan Love,2022,QB,<=24,4.0,17.0,no_claim,,0,0
00-0036265,AJ Dillon,2022,RB,25-27,17.0,17.0,no_claim,,0,0
00-0036267,Jedrick Wills,2022,OL,<=24,,,no_claim,,0,0
00-0036272,Ben Bartch,2022,OL,25-27,5.0,17.0,no_claim,,0,0
00-0036273,Jake Hanson,2022,OL,25-27,3.0,17.0,PTD,14.0,1,0
00-0036275,D'Andre Swift,2022,RB,<=24,14.0,17.0,excluded_sub_threshold,3.0,0,0
00-0036279,Nate Stanley,2022,QB,25-27,,,no_claim,,0,0
00-0036284,Mekhi Becton,2022,OL,<=24,,,no_claim,,0,0
00-0036295,Matt Hennessy,2022,OL,25-27,3.0,17.0,no_claim,,0,0
00-0036297,Darrynton Evans,2022,RB,25-27,3.0,17.0,no_claim,,0,0
00-0036301,James Morgan,2022,QB,25-27,,,no_claim,,0,0
00-0036310,Hakeem Adeniji,2022,OL,25-27,16.0,17.0,no_claim,,0,0
00-0036325,Robert Hunt,2022,OL,25-27,18.0,17.0,no_claim,,0,0
00-0036327,Ezra Cleveland,2022,OL,25-27,18.0,17.0,no_claim,,0,0
00-0036328,Antonio Gibson,2022,RB,25-27,15.0,17.0,excluded_sub_threshold,2.0,0,0
00-0036334,Saahdiq Charles,2022,OL,<=24,6.0,17.0,TTD,11.0,0,1
00-0036339,Kevin Dotson,2022,OL,25-27,17.0,17.0,no_claim,,0,0
00-0036347,Blake Brandel,2022,OL,25-27,7.0,17.0,no_claim,,0,0
00-0036355,Justin Herbert,2022,QB,25-27,17.0,17.0,no_claim,,0,0
00-0036360,Clyde Edwards-Helaire,2022,RB,<=24,10.0,17.0,no_claim,,0,0
00-0036363,Josh Jones,2022,OL,25-27,13.0,17.0,no_claim,,0,0
00-0036367,Lucas Niang,2022,OL,25-27,4.0,17.0,no_claim,,0,0
00-0036370,Joshua Kelley,2022,RB,25-27,12.0,17.0,excluded_sub_threshold,5.0,0,0
00-0036376,Tyler Biadasz,2022,OL,25-27,18.0,17.0,no_claim,,0,0
00-0036383,Eno Benjamin,2022,RB,<=24,12.0,17.0,no_claim,,0,0
00-0036384,Ben DiNucci,2022,QB,25-27,,,no_claim,,0,0
00-0036386,Andrew Thomas,2022,OL,<=24,18.0,17.0,no_claim,,0,0
00-0036389,Jalen Hurts,2022,QB,25-27,15.0,17.0,excluded_sub_threshold,2.0,0,0
00-0036391,Lloyd Cushenberry,2022,OL,25-27,,,no_claim,,0,0
00-0036392,Matt Peart,2022,OL,25-27,5.0,17.0,no_claim,,0,0
00-0036396,Jack Driscoll,2022,OL,25-27,11.0,17.0,no_claim,,0,0
00-0036397,Shane Lemieux,2022,OL,25-27,1.0,17.0,PTD,16.0,1,0
00-0036399,Netane Muti,2022,OL,<=24,1.0,17.0,no_claim,,0,0
00-0036406,Tristan Wirfs,2022,OL,<=24,14.0,17.0,excluded_sub_threshold,3.0,0,0
00-0036408,Cesar Ruiz,2022,OL,<=24,14.0,17.0,no_claim,,0,0
00-0036414,Cam Akers,2022,RB,<=24,15.0,17.0,excluded_sub_threshold,2.0,0,0
00-0036417,Damien Lewis,2022,OL,25-27,17.0,17.0,no_claim,,0,0
00-0036425,DeeJay Dallas,2022,RB,<=24,11.0,17.0,no_claim,,0,0
00-0036435,Raymond Calais,2022,RB,25-27,,,no_claim,,0,0
00-0036437,Tremayne Anchrum,2022,OL,25-27,1.0,17.0,no_claim,,0,0
00-0036442,Joe Burrow,2022,QB,25-27,16.0,17.0,no_claim,,0,0
00-0036450,Ke'Shawn Vaughn,2022,RB,25-27,5.0,17.0,no_claim,,0,0
00-0036457,Ty'Son Williams,2022,RB,25-27,1.0,17.0,no_claim,,0,0
00-0036483,Will Fries,2022,OL,25-27,11.0,17.0,no_claim,,0,0
00-0036493,Deon Jackson,2022,RB,<=24,12.0,17.0,excluded_sub_threshold,5.0,0,0
00-0036523,Trey Ragas,2022,RB,25-27,,,no_claim,,0,0
00-0036535,Will Sherman,2022,OL,<=24,,,no_claim,,0,0
00-0036551,Aaron Banks,2022,OL,25-27,19.0,17.0,no_claim,,0,0
00-0036555,Chuba Hubbard,2022,RB,<=24,12.0,17.0,excluded_sub_threshold,5.0,0,0
00-0036557,Jaylon Moore,2022,OL,25-27,11.0,17.0,no_claim,,0,0
00-0036560,Tommy Doyle,2022,OL,25-27,1.0,17.0,no_claim,,0,0
00-0036567,Elijah Mitchell,2022,RB,25-27,5.0,17.0,TTD,12.0,0,1
00-0036569,Gary Brightwell,2022,RB,25-27,8.0,17.0,no_claim,,0,0
00-0036575,Larnel Coleman,2022,OL,25-27,1.0,17.0,no_claim,,0,0
00-0036577,Jack Anderson,2022,OL,<=24,6.0,17.0,no_claim,,0,0
00-0036582,Nate McCrary,2022,RB,<=24,,,no_claim,,0,0
00-0036584,Foster Sarell,2022,OL,25-27,7.0,17.0,no_claim,,0,0
00-0036596,Robert Jones,2022,OL,<=24,12.0,17.0,no_claim,,0,0
00-0036603,Alaric Jackson,2022,OL,25-27,7.0,17.0,TTD,10.0,0,1
00-0036616,Christian Darrisaw,2022,OL,<=24,15.0,17.0,excluded_sub_threshold,2.0,0,0
00-0036618,Samuel Cosmi,2022,OL,<=24,11.0,17.0,TTD,6.0,0,1
00-0036619,Dillon Radunz,2022,OL,25-27,10.0,17.0,no_claim,,0,0
00-0036622,Josh Myers,2022,OL,25-27,17.0,17.0,no_claim,,0,0
00-0036623,Creed Humphrey,2022,OL,<=24,20.0,17.0,no_claim,,0,0
00-0036631,Royce Newman,2022,OL,25-27,9.0,17.0,no_claim,,0,0
00-0036636,Brenden Jaimes,2022,OL,<=24,3.0,17.0,no_claim,,0,0
00-0036650,Larry Rountree,2022,RB,<=24,2.0,17.0,no_claim,,0,0
00-0036653,Stone Forsythe,2022,OL,25-27,5.0,17.0,no_claim,,0,0
00-0036654,Demetric Felton,2022,RB,25-27,4.0,17.0,no_claim,,0,0
00-0036655,Cole Van Lanen,2022,OL,25-27,6.0,17.0,no_claim,,0,0
00-0036660,Trey Smith,2022,OL,<=24,19.0,17.0,no_claim,,0,0
00-0036663,Matt Farniok,2022,OL,25-27,7.0,17.0,no_claim,,0,0
00-0036669,Kylin Hill,2022,RB,25-27,1.0,17.0,no_claim,,0,0
00-0036670,Jermar Jefferson,2022,RB,<=24,,,no_claim,,0,0
00-0036679,Shane Buechele,2022,QB,25-27,,,no_claim,,0,0
00-0036691,Tory Carter,2022,RB,<=24,,,no_claim,,0,0
00-0036727,Adam Prentice,2022,RB,25-27,5.0,17.0,no_claim,,0,0
00-0036736,Kayode Awosika,2022,OL,<=24,4.0,17.0,PTD,13.0,1,0
00-0036749,Tommy Kraemer,2022,OL,25-27,,,no_claim,,0,0
00-0036755,Jaret Patterson,2022,RB,<=24,1.0,17.0,no_claim,,0,0
00-0036785,Coy Cronk,2022,OL,25-27,2.0,17.0,no_claim,,0,0
00-0036795,Jake Curhan,2022,OL,25-27,4.0,17.0,no_claim,,0,0
00-0036829,Caleb Huntley,2022,RB,<=24,12.0,17.0,no_claim,,0,0
00-0036833,Ryan Neuzil,2022,OL,25-27,1.0,17.0,no_claim,,0,0
00-0036842,Kene Nwangwu,2022,RB,25-27,3.0,17.0,no_claim,,0,0
00-0036852,D'Ante Smith,2022,OL,25-27,4.0,17.0,no_claim,,0,0
00-0036856,Trey Hill,2022,OL,<=24,1.0,17.0,no_claim,,0,0
00-0036857,Chris Evans,2022,RB,25-27,4.0,17.0,no_claim,,0,0
00-0036859,Jimmy Morrissey,2022,OL,25-27,3.0,17.0,PTD,14.0,1,0
00-0036860,Jake Funk,2022,RB,25-27,,,no_claim,,0,0
00-0036865,Jackson Carman,2022,OL,<=24,4.0,17.0,no_claim,,0,0
00-0036866,James Hudson,2022,OL,<=24,15.0,17.0,no_claim,,0,0
00-0036869,Dan Moore Jr.,2022,OL,<=24,17.0,17.0,no_claim,,0,0
00-0036875,Rhamondre Stevenson,2022,RB,25-27,17.0,17.0,no_claim,,0,0
00-0036879,Sam Ehlinger,2022,QB,<=24,4.0,17.0,no_claim,,0,0
00-0036880,Penei Sewell,2022,OL,<=24,17.0,17.0,no_claim,,0,0
00-0036886,Josh Ball,2022,OL,25-27,5.0,17.0,no_claim,,0,0
00-0036892,Alex Leatherwood,2022,OL,<=24,4.0,17.0,no_claim,,0,0
00-0036893,Najee Harris,2022,RB,25-27,17.0,17.0,no_claim,,0,0
00-0036898,Davis Mills,2022,QB,<=24,15.0,17.0,no_claim,,0,0
00-0036905,Larry Borom,2022,OL,<=24,11.0,17.0,TTD,6.0,0,1
00-0036906,Khalil Herbert,2022,RB,25-27,13.0,17.0,no_claim,,0,0
00-0036919,Kenneth Gainwell,2022,RB,<=24,17.0,17.0,no_claim,,0,0
00-0036924,Michael Carter,2022,RB,<=24,16.0,17.0,no_claim,,0,0
00-0036928,Kyle Trask,2022,QB,25-27,1.0,17.0,no_claim,,0,0
00-0036929,Ian Book,2022,QB,25-27,,,no_claim,,0,0
00-0036930,Landon Young,2022,OL,25-27,11.0,17.0,no_claim,,0,0
00-0036945,Justin Fields,2022,QB,<=24,15.0,17.0,excluded_sub_threshold,2.0,0,0
00-0036946,Kellen Mond,2022,QB,<=24,,,no_claim,,0,0
00-0036947,Jalen Mayfield,2022,OL,<=24,,,no_claim,,0,0
00-0036950,Avery Williams,2022,RB,25-27,14.0,17.0,no_claim,,0,0
00-0036953,Teven Jenkins,2022,OL,25-27,13.0,17.0,excluded_sub_threshold,4.0,0,0
00-0036957,Drew Dalman,2022,OL,<=24,17.0,17.0,no_claim,,0,0
00-0036968,Brady Christensen,2022,OL,25-27,17.0,17.0,no_claim,,0,0
00-0036971,Trevor Lawrence,2022,QB,<=24,17.0,17.0,no_claim,,0,0
00-0036972,Mac Jones,2022,QB,<=24,14.0,17.0,excluded_sub_threshold,3.0,0,0
00-0036973,Travis Etienne,2022,RB,<=24,17.0,17.0,no_claim,,0,0
00-0036975,Walker Little,2022,OL,<=24,13.0,17.0,no_claim,,0,0
00-0036976,Spencer Brown,2022,OL,25-27,16.0,17.0,no_claim,,0,0
00-0036977,Ben Cleveland,2022,OL,25-27,3.0,17.0,TTD,14.0,0,1
00-0036979,Alijah Vera-Tucker,2022,OL,<=24,7.0,17.0,no_claim,,0,0
00-0036983,Kendrick Green,2022,OL,<=24,,,no_claim,,0,0
00-0036984,Trey Sermon,2022,RB,<=24,1.0,17.0,no_claim,,0,0
00-0036985,Robert Hainsey,2022,OL,25-27,17.0,17.0,no_claim,,0,0
00-0036997,Javonte Williams,2022,RB,<=24,4.0,17.0,no_claim,,0,0
00-0037001,Quinn Meinerz,2022,OL,<=24,13.0,17.0,excluded_sub_threshold,4.0,0,0
00-0037002,Landon Dickerson,2022,OL,<=24,20.0,17.0,no_claim,,0,0
00-0037006,Wyatt Davis,2022,OL,<=24,3.0,17.0,no_claim,,0,0
00-0037009,Rashawn Slater,2022,OL,<=24,3.0,17.0,no_claim,,0,0
00-0037010,Liam Eichenberg,2022,OL,25-27,10.0,17.0,TTD,7.0,0,1
00-0037012,Trey Lance,2022,QB,<=24,2.0,17.0,no_claim,,0,0
00-0037013,Zach Wilson,2022,QB,<=24,9.0,17.0,TTD,8.0,0,1
00-0037040,Roy Mbaeteka,2022,OL,<=24,,,no_claim,,0,0
00-0037076,Sean Rhyan,2022,OL,<=24,0.0,17.0,no_claim,,0,0
00-0037077,Sam Howell,2022,QB,<=24,1.0,17.0,no_claim,,0,0
00-0037081,Braxton Jones,2022,OL,<=24,17.0,17.0,no_claim,,0,0
00-0037085,Tyler Badie,2022,RB,<=24,1.0,17.0,no_claim,,0,0
00-0037087,Trestan Ebner,2022,RB,<=24,7.0,17.0,no_claim,,0,0
00-0037088,Doug Kramer,2022,OL,25-27,,,no_claim,,0,0
00-0037089,Ja'Tyre Carter,2022,OL,<=24,1.0,17.0,no_claim,,0,0
00-0037092,Chris Paul,2022,OL,<=24,1.0,17.0,no_claim,,0,0
00-0037111,Master Teague,2022,RB,<=24,,,no_claim,,0,0
00-0037122,Caleb Jones,2022,OL,<=24,,,no_claim,,0,0
00-0037131,Kennedy Brooks,2022,RB,<=24,,,no_claim,,0,0
00-0037138,Josh Sills,2022,OL,25-27,0.0,17.0,no_claim,,0,0
00-0037139,Carson Strong,2022,QB,<=24,,,no_claim,,0,0
00-0037140,Jarrid Williams,2022,OL,25-27,,,no_claim,,0,0
00-0037157,Zonovan Knight,2022,RB,<=24,7.0,17.0,no_claim,,0,0
00-0037175,Anthony Brown,2022,QB,25-27,2.0,17.0,no_claim,,0,0
00-0037194,Darian Kinnard,2022,OL,<=24,0.0,17.0,no_claim,,0,0
00-0037196,Rasheed Walker,2022,OL,<=24,0.0,17.0,no_claim,,0,0
00-0037197,Isiah Pacheco,2022,RB,<=24,17.0,17.0,no_claim,,0,0
00-0037201,D'Eriq King,2022,QB,25-27,,,no_claim,,0,0
00-0037204,Kody Russey,2022,OL,25-27,,,no_claim,,0,0
00-0037228,Jaylen Warren,2022,RB,<=24,16.0,17.0,no_claim,,0,0
00-0037229,Ikem Ekwonu,2022,OL,<=24,17.0,17.0,no_claim,,0,0
00-0037234,John Lovett,2022,RB,<=24,,,no_claim,,0,0
00-0037241,Trevor Penning,2022,OL,<=24,6.0,17.0,no_claim,,0,0
00-0037243,Tyler Smith,2022,OL,<=24,19.0,17.0,no_claim,,0,0
00-0037248,James Cook,2022,RB,<=24,16.0,17.0,no_claim,,0,0
00-0037255,Dylan Parham,2022,OL,<=24,17.0,17.0,no_claim,,0,0
00-0037256,Rachaad White,2022,RB,<=24,16.0,17.0,no_claim,,0,0
00-0037258,Dameon Pierce,2022,RB,<=24,13.0,17.0,excluded_sub_threshold,4.0,0,0
00-0037263,Tyler Allgeier,2022,RB,<=24,16.0,17.0,no_claim,,0,0
00-0037265,Snoop Conner,2022,RB,<=24,5.0,17.0,no_claim,,0,0
00-0037266,Matt Waletzko,2022,OL,<=24,1.0,17.0,PTD,16.0,1,0
00-0037267,Jerome Ford,2022,RB,<=24,2.0,17.0,no_claim,,0,0
00-0037276,Ty Chandler,2022,RB,25-27,1.0,17.0,no_claim,,0,0
00-0037278,Luke Wattenberg,2022,OL,25-27,4.0,17.0,no_claim,,0,0
00-0037279,Marcus McKethan,2022,OL,<=24,,,no_claim,,0,0
00-0037286,Kevin Harris,2022,RB,<=24,5.0,17.0,no_claim,,0,0
00-0037287,Vederian Lowe,2022,OL,<=24,1.0,17.0,no_claim,,0,0
00-0037295,Jamaree Salyer,2022,OL,<=24,15.0,17.0,no_claim,,0,0
00-0037297,Cade Mays,2022,OL,<=24,7.0,17.0,no_claim,,0,0
00-0037299,Keaontay Ingram,2022,RB,<=24,10.0,17.0,no_claim,,0,0
00-0037302,Austin Deculus,2022,OL,<=24,0.0,17.0,PTD,17.0,1,0
00-0037305,Luke Tenuta,2022,OL,<=24,1.0,17.0,no_claim,,0,0
00-0037308,Lecitus Smith,2022,OL,25-27,5.0,17.0,no_claim,,0,0
00-0037322,Thayer Munford Jr.,2022,OL,<=24,17.0,17.0,no_claim,,0,0
00-0037326,Dawson Deaton,2022,OL,<=24,,,no_claim,,0,0
00-0037327,Skylar Thompson,2022,QB,25-27,7.0,17.0,no_claim,,0,0
00-0037329,Brittain Brown,2022,RB,25-27,,,no_claim,,0,0
00-0037331,Zander Horvath,2022,RB,<=24,8.0,17.0,no_claim,,0,0
00-0037336,Brock Hoffman,2022,OL,<=24,0.0,17.0,no_claim,,0,0
00-0037396,Wesley French,2022,OL,25-27,,,no_claim,,0,0
00-0037413,Ben Brown,2022,OL,25-27,,,no_claim,,0,0
00-0037421,Desmond Noel,2022,OL,25-27,,,no_claim,,0,0
00-0037429,Raheem Blackshear,2022,RB,25-27,10.0,17.0,no_claim,,0,0
00-0037437,Greg Bell,2022,RB,25-27,,,no_claim,,0,0
00-0037456,Troy Hairston,2022,RB,<=24,7.0,17.0,no_claim,,0,0
00-0037477,Andrew Trainer,2022,OL,25-27,,,no_claim,,0,0
00-0037478,Isaac Weaver,2022,OL,25-27,,,no_claim,,0,0
00-0037507,Chase Garbers,2022,QB,<=24,,,no_claim,,0,0
00-0037509,Sincere McCormick,2022,RB,<=24,,,no_claim,,0,0
00-0037525,Jordan Mason,2022,RB,<=24,8.0,17.0,no_claim,,0,0
00-0037537,Lewis Kidd,2022,OL,25-27,9.0,17.0,no_claim,,0,0
00-0037557,Ronnie Rivers,2022,RB,<=24,2.0,17.0,no_claim,,0,0
00-0037563,Malik Davis,2022,RB,<=24,6.0,17.0,no_claim,,0,0
00-0037594,Julius Chestnut,2022,RB,<=24,3.0,17.0,no_claim,,0,0
00-0037601,Xavier Newman-Johnson,2022,OL,<=24,1.0,17.0,no_claim,,0,0
00-0037612,Evan Neal,2022,OL,<=24,15.0,17.0,excluded_sub_threshold,2.0,0,0
00-0037613,Kenyon Green,2022,OL,<=24,15.0,17.0,excluded_sub_threshold,2.0,0,0
00-0037617,Hassan Haskins,2022,RB,<=24,7.0,17.0,no_claim,,0,0
00-0037618,Zach Thomas,2022,OL,25-27,1.0,17.0,no_claim,,0,0
00-0037619,Chasen Hines,2022,OL,<=24,,,no_claim,,0,0
00-0037620,Andrew Stueber,2022,OL,<=24,,,no_claim,,0,0
00-0037650,Jarrett Guarantano,2022,QB,25-27,,,no_claim,,0,0
00-0037658,Liam Ryan,2022,OL,25-27,,,no_claim,,0,0
00-0037746,Brian Robinson,2022,RB,<=24,12.0,17.0,excluded_sub_threshold,5.0,0,0
00-0037748,Marquis Hayes,2022,OL,<=24,,,no_claim,,0,0
00-0037754,Nicholas Petit-Frere,2022,OL,<=24,16.0,17.0,no_claim,,0,0
00-0037757,Bernhard Raimann,2022,OL,25-27,13.0,17.0,excluded_sub_threshold,4.0,0,0
00-0037807,Joshua Ezeudu,2022,OL,<=24,9.0,17.0,TTD,8.0,0,1
00-0037812,Abraham Lucas,2022,OL,<=24,17.0,17.0,no_claim,,0,0
00-0037814,Luke Fortner,2022,OL,25-27,19.0,17.0,no_claim,,0,0
00-0037817,Zach Tom,2022,OL,<=24,9.0,17.0,no_claim,,0,0
00-0037818,Zion Johnson,2022,OL,<=24,18.0,17.0,no_claim,,0,0
00-0037821,Charles Cross,2022,OL,<=24,18.0,17.0,no_claim,,0,0
00-0037825,Tyler Linderbaum,2022,OL,<=24,18.0,17.0,no_claim,,0,0
00-0037827,Tyrion Davis-Price,2022,RB,<=24,5.0,17.0,PTD,12.0,1,0
00-0037829,Spencer Burford,2022,OL,<=24,19.0,17.0,no_claim,,0,0
00-0037831,Nick Zakelj,2022,OL,<=24,2.0,17.0,no_claim,,0,0
00-0037834,Brock Purdy,2022,QB,<=24,9.0,17.0,no_claim,,0,0
00-0037835,Luke Goedeke,2022,OL,<=24,12.0,17.0,excluded_sub_threshold,5.0,0,0
00-0037836,Logan Bruss,2022,OL,<=24,,,no_claim,,0,0
00-0037840,Kyren Williams,2022,RB,<=24,8.0,17.0,no_claim,,0,0
00-0037845,A.J. Arcuri,2022,OL,25-27,,,no_claim,,0,0
00-0038040,Zamir White,2022,RB,<=24,11.0,17.0,no_claim,,0,0
00-0038045,Isaiah Spiller,2022,RB,<=24,5.0,17.0,no_claim,,0,0
00-0038073,Alex Akingbulu,2022,OL,25-27,,,no_claim,,0,0
00-0038095,Cordell Volson,2022,OL,25-27,19.0,17.0,no_claim,,0,0
00-0038098,Pierre Strong,2022,RB,<=24,4.0,17.0,no_claim,,0,0
00-0038102,Kenny Pickett,2022,QB,25-27,13.0,17.0,excluded_sub_threshold,4.0,0,0
00-0038103,Cole Strange,2022,OL,25-27,17.0,17.0,no_claim,,0,0
00-0038108,Bailey Zappe,2022,QB,<=24,4.0,17.0,no_claim,,0,0
00-0038112,Cam Jurgens,2022,OL,<=24,10.0,17.0,no_claim,,0,0
00-0038114,Max Mitchell,2022,OL,<=24,6.0,17.0,TTD,11.0,0,1
00-0038118,Daniel Faalele,2022,OL,<=24,6.0,17.0,no_claim,,0,0
00-0038120,Breece Hall,2022,RB,<=24,7.0,17.0,no_claim,,0,0
00-0038122,Desmond Ridder,2022,QB,<=24,4.0,17.0,no_claim,,0,0
00-0038128,Malik Willis,2022,QB,<=24,7.0,17.0,no_claim,,0,0
00-0038131,Ed Ingram,2022,OL,<=24,18.0,17.0,no_claim,,0,0
00-0038132,Matt Corral,2022,QB,<=24,,,no_claim,,0,0
00-0038134,Kenneth Walker,2022,RB,<=24,15.0,17.0,no_claim,,0,0
00-0022531,Jason Peters,2023,OL,31+,8.0,17.0,pending_immature,9.0,0,0
00-0023459,Aaron Rodgers,2023,QB,31+,1.0,17.0,pending_immature,16.0,0,0
00-0026158,Joe Flacco,2023,QB,31+,5.0,17.0,no_claim,,0,0
00-0026166,Duane Brown,2023,OL,31+,4.0,17.0,pending_immature,13.0,0,0
00-0026300,Josh Johnson,2023,QB,31+,,,no_claim,,0,0
00-0026498,Matthew Stafford,2023,QB,31+,15.0,17.0,excluded_sub_threshold,2.0,0,0
00-0026625,Brian Hoyer,2023,QB,31+,2.0,17.0,no_claim,,0,0
00-0027688,Colt McCoy,2023,QB,31+,,,no_claim,,0,0
00-0027857,Trent Williams,2023,OL,31+,18.0,17.0,no_claim,,0,0
00-0027947,Tyron Smith,2023,OL,31+,14.0,17.0,excluded_sub_threshold,3.0,0,0
00-0027948,Blaine Gabbert,2023,QB,31+,2.0,17.0,no_claim,,0,0
00-0027973,Andy Dalton,2023,QB,31+,2.0,17.0,no_claim,,0,0
00-0028063,Taiwan Jones,2023,RB,31+,,,no_claim,,0,0
00-0028118,Tyrod Taylor,2023,QB,31+,10.0,17.0,pending_immature,7.0,0,0
00-0028129,Jason Kelce,2023,OL,31+,18.0,17.0,no_claim,,0,0
00-0028986,Case Keenum,2023,QB,31+,2.0,17.0,no_claim,,0,0
00-0029239,Brandon Bolden,2023,RB,31+,3.0,17.0,no_claim,,0,0
00-0029263,Russell Wilson,2023,QB,31+,15.0,17.0,no_claim,,0,0
00-0029316,Kelvin Beachum,2023,OL,31+,6.0,17.0,pending_immature,11.0,0,0
00-0029419,Dennis Kelly,2023,OL,31+,0.0,17.0,no_claim,,0,0
00-0029592,Kevin Zeitler,2023,OL,31+,17.0,17.0,no_claim,,0,0
00-0029604,Kirk Cousins,2023,QB,31+,8.0,17.0,no_claim,,0,0
00-0029672,Riley Reiff,2023,OL,31+,1.0,17.0,pending_immature,16.0,0,0
00-0029685,Greg Van Roten,2023,OL,31+,17.0,17.0,no_claim,,0,0
00-0029701,Ryan Tannehill,2023,QB,31+,9.0,17.0,pending_immature,8.0,0,0
00-0029892,Kyle Juszczyk,2023,RB,31+,10.0,17.0,no_claim,,0,0
00-0029895,Ryan Jensen,2023,OL,31+,,,no_claim,,0,0
00-0029963,Chris Hubbard,2023,OL,31+,,,no_claim,,0,0
00-0030067,Terron Armstead,2023,OL,31+,11.0,17.0,pending_immature,6.0,0,0
00-0030074,David Bakhtiari,2023,OL,31+,1.0,17.0,pending_immature,16.0,0,0
00-0030097,David Quessenberry,2023,OL,31+,6.0,17.0,no_claim,,0,0
00-0030513,Latavius Murray,2023,RB,31+,15.0,17.0,no_claim,,0,0
00-0030533,Matt Barkley,2023,QB,31+,1.0,17.0,no_claim,,0,0
00-0030561,Lane Johnson,2023,OL,31+,17.0,17.0,no_claim,,0,0
00-0030565,Geno Smith,2023,QB,31+,15.0,17.0,no_claim,,0,0
00-0030578,Cordarrelle Patterson,2023,RB,31+,12.0,17.0,no_claim,,0,0
00-0030585,Justin Pugh,2023,OL,31+,12.0,17.0,no_claim,,0,0
00-0030649,Jonotthan Harrison,2023,OL,31+,2.0,17.0,no_claim,,0,0
00-0030694,James Hurst,2023,OL,31+,15.0,17.0,excluded_sub_threshold,2.0,0,0
00-0030725,Cornelius Lucas,2023,OL,31+,9.0,17.0,no_claim,,0,0
00-0030792,Justin McCray,2023,OL,31+,3.0,17.0,pending_immature,14.0,0,0
00-0030827,Tyler Shatley,2023,OL,31+,12.0,17.0,no_claim,,0,0
00-0030869,Tyler Larsen,2023,OL,31+,7.0,17.0,pending_immature,10.0,0,0
00-0030874,Damien Williams,2023,RB,31+,3.0,17.0,no_claim,,0,0
00-0030968,Keith Smith,2023,RB,31+,3.0,17.0,pending_immature,14.0,0,0
00-0031019,Corey Linsley,2023,OL,31+,3.0,17.0,pending_immature,14.0,0,0
00-0031039,James Ferentz,2023,OL,31+,1.0,17.0,no_claim,,0,0
00-0031067,Cameron Fleming,2023,OL,31+,6.0,17.0,no_claim,,0,0
00-0031095,Charles Leno Jr.,2023,OL,31+,,,no_claim,,0,0
00-0031142,Matt Feiler,2023,OL,31+,6.0,17.0,pending_immature,11.0,0,0
00-0031237,Teddy Bridgewater,2023,QB,31+,1.0,17.0,no_claim,,0,0
00-0031279,Jake Matthews,2023,OL,31+,17.0,17.0,no_claim,,0,0
00-0031280,Derek Carr,2023,QB,31+,17.0,17.0,no_claim,,0,0
00-0031288,A.J. McCarron,2023,QB,31+,2.0,17.0,no_claim,,0,0
00-0031330,Morgan Moses,2023,OL,31+,16.0,17.0,no_claim,,0,0
00-0031345,Jimmy Garoppolo,2023,QB,31+,7.0,17.0,pending_immature,10.0,0,0
00-0031353,Michael Schofield,2023,OL,31+,0.0,17.0,no_claim,,0,0
00-0031362,Trai Turner,2023,OL,31+,,,no_claim,,0,0
00-0031367,Gabe Jackson,2023,OL,31+,4.0,17.0,no_claim,,0,0
00-0031376,Jerick McKinnon,2023,RB,31+,12.0,17.0,excluded_sub_threshold,5.0,0,0
00-0031402,Zack Martin,2023,OL,31+,16.0,17.0,no_claim,,0,0
00-0031426,Joel Bitonio,2023,OL,31+,16.0,17.0,no_claim,,0,0
00-0031433,Billy Turner,2023,OL,31+,8.0,17.0,pending_immature,9.0,0,0
00-0031503,Jameis Winston,2023,QB,28-30,6.0,17.0,no_claim,,0,0
00-0031561,Hroniss Grasu,2023,OL,31+,1.0,17.0,no_claim,,0,0
00-0031580,Shaquille Mason,2023,OL,31+,19.0,17.0,no_claim,,0,0
00-0031581,Mark Glowinski,2023,OL,31+,13.0,17.0,no_claim,,0,0
00-0031595,Michael Burton,2023,RB,31+,8.0,17.0,no_claim,,0,0
00-0031687,Raheem Mostert,2023,RB,31+,15.0,17.0,no_claim,,0,0
00-0031734,Chris Reed,2023,OL,31+,1.0,17.0,no_claim,,0,0
00-0031800,Taylor Heinicke,2023,QB,31+,5.0,17.0,no_claim,,0,0
00-0031852,David Andrews,2023,OL,31+,17.0,17.0,no_claim,,0,0
00-0031921,Kendall Lamm,2023,OL,31+,13.0,17.0,no_claim,,0,0
00-0031936,Mitch Morse,2023,OL,31+,19.0,17.0,no_claim,,0,0
00-0032053,Brandon Scherff,2023,OL,31+,17.0,17.0,no_claim,,0,0
00-0032071,Trent Brown,2023,OL,31+,,,no_claim,,0,0
00-0032104,Ameer Abdullah,2023,RB,31+,16.0,17.0,no_claim,,0,0
00-0032132,Max Garcia,2023,OL,31+,12.0,17.0,no_claim,,0,0
00-0032145,Cameron Erving,2023,OL,31+,3.0,17.0,no_claim,,0,0
00-0032151,Jon Feliciano,2023,OL,31+,13.0,17.0,no_claim,,0,0
00-0032156,Trevor Siemian,2023,QB,31+,5.0,17.0,no_claim,,0,0
00-0032203,Andrus Peat,2023,OL,28-30,14.0,17.0,no_claim,,0,0
00-0032217,Donovan Smith,2023,OL,31+,16.0,17.0,no_claim,,0,0
00-0032222,D.J. Humphries,2023,OL,28-30,15.0,17.0,excluded_sub_threshold,2.0,0,0
00-0032233,Cedric Ogbuehi,2023,OL,31+,,,no_claim,,0,0
00-0032234,Laken Tomlinson,2023,OL,31+,17.0,17.0,no_claim,,0,0
00-0032242,Rob Havenstein,2023,OL,31+,15.0,17.0,no_claim,,0,0
00-0032268,Marcus Mariota,2023,QB,28-30,2.0,17.0,no_claim,,0,0
00-0032380,Laremy Tunsil,2023,OL,28-30,16.0,17.0,no_claim,,0,0
00-0032381,Taylor Decker,2023,OL,31+,18.0,17.0,no_claim,,0,0
00-0032383,Ryan Kelly,2023,OL,31+,14.0,17.0,excluded_sub_threshold,3.0,0,0
00-0032391,Joe Thuney,2023,OL,31+,19.0,17.0,no_claim,,0,0
00-0032395,Graham Glasgow,2023,OL,31+,19.0,17.0,no_claim,,0,0
00-0032420,Brandon Shell,2023,OL,31+,,,no_claim,,0,0
00-0032432,Wes Schweitzer,2023,OL,28-30,3.0,17.0,pending_immature,14.0,0,0
00-0032434,Brandon Allen,2023,QB,31+,,,no_claim,,0,0
00-0032436,Jeff Driskel,2023,QB,31+,1.0,17.0,no_claim,,0,0
00-0032445,Ted Karras,2023,OL,31+,17.0,17.0,no_claim,,0,0
00-0032450,Dwayne Washington,2023,RB,28-30,,,no_claim,,0,0
00-0032466,George Fant,2023,OL,31+,17.0,17.0,no_claim,,0,0
00-0032701,Jake Brendel,2023,OL,31+,20.0,17.0,no_claim,,0,0
00-0032764,Derrick Henry,2023,RB,28-30,17.0,17.0,no_claim,,0,0
00-0032768,Cody Whitehair,2023,OL,31+,14.0,17.0,no_claim,,0,0
00-0032785,Halapoulivaati Vaitai,2023,OL,31+,3.0,17.0,pending_immature,14.0,0,0
00-0032792,Nate Sudfeld,2023,QB,28-30,,,no_claim,,0,0
00-0032918,C.J. Ham,2023,RB,31+,6.0,17.0,no_claim,,0,0
00-0032950,Carson Wentz,2023,QB,31+,1.0,17.0,no_claim,,0,0
00-0032954,Isaac Seumalo,2023,OL,28-30,18.0,17.0,no_claim,,0,0
00-0032965,Ronnie Stanley,2023,OL,28-30,15.0,17.0,excluded_sub_threshold,2.0,0,0
00-0033011,Connor McGovern,2023,OL,31+,26.0,17.0,no_claim,,0,0
00-0033045,Ezekiel Elliott,2023,RB,28-30,17.0,17.0,no_claim,,0,0
00-0033057,Jack Conklin,2023,OL,28-30,1.0,17.0,no_claim,,0,0
00-0033077,Dak Prescott,2023,QB,31+,17.0,17.0,no_claim,,0,0
00-0033082,Lucas Patrick,2023,OL,31+,16.0,17.0,no_claim,,0,0
00-0033106,Jared Goff,2023,QB,28-30,17.0,17.0,no_claim,,0,0
00-0033118,Kenyan Drake,2023,RB,28-30,2.0,17.0,no_claim,,0,0
00-0033119,Jacoby Brissett,2023,QB,31+,2.0,17.0,no_claim,,0,0
00-0033221,Daniel Brunskill,2023,OL,28-30,14.0,17.0,excluded_sub_threshold,3.0,0,0
00-0033275,Phillip Walker,2023,QB,28-30,5.0,17.0,no_claim,,0,0
00-0033280,Christian McCaffrey,2023,RB,28-30,16.0,17.0,no_claim,,0,0
00-0033284,Taylor Moton,2023,OL,28-30,17.0,17.0,no_claim,,0,0
00-0033290,Jermaine Eluemunor,2023,OL,28-30,17.0,17.0,no_claim,,0,0
00-0033293,Aaron Jones,2023,RB,28-30,11.0,17.0,pending_immature,6.0,0,0
00-0033296,Alex Armah,2023,RB,28-30,3.0,17.0,pending_immature,14.0,0,0
00-0033300,Conor McDermott,2023,OL,31+,6.0,17.0,no_claim,,0,0
00-0033308,Matt Breida,2023,RB,28-30,15.0,17.0,no_claim,,0,0
00-0033319,Nick Mullens,2023,QB,28-30,5.0,17.0,no_claim,,0,0
00-0033357,Taysom Hill,2023,QB,31+,16.0,17.0,no_claim,,0,0
00-0033359,Adam Pankey,2023,OL,28-30,,,no_claim,,0,0
00-0033376,Patrick Ricard,2023,RB,28-30,6.0,17.0,no_claim,,0,0
00-0033505,Cameron Tom,2023,OL,28-30,0.0,17.0,no_claim,,0,0
00-0033511,Sean Harlow,2023,OL,28-30,2.0,17.0,no_claim,,0,0
00-0033526,Samaje Perine,2023,RB,28-30,17.0,17.0,no_claim,,0,0
00-0033537,Deshaun Watson,2023,QB,28-30,6.0,17.0,pending_immature,11.0,0,0
00-0033538,Garett Bolles,2023,OL,31+,17.0,17.0,no_claim,,0,0
00-0033553,James Conner,2023,RB,28-30,13.0,17.0,no_claim,,0,0
00-0033567,Brian Hill,2023,RB,28-30,,,no_claim,,0,0
00-0033569,Roderick Johnson,2023,OL,28-30,,,no_claim,,0,0
00-0033592,Kyle Fuller,2023,OL,28-30,,,no_claim,,0,0
00-0033631,Rashaad Coward,2023,OL,28-30,,,no_claim,,0,0
00-0033662,Cooper Rush,2023,QB,28-30,7.0,17.0,no_claim,,0,0
00-0033676,Elijah Wilkinson,2023,OL,28-30,10.0,17.0,pending_immature,7.0,0,0
00-0033699,Austin Ekeler,2023,RB,28-30,14.0,17.0,excluded_sub_threshold,3.0,0,0
00-0033752,Storm Norton,2023,OL,28-30,6.0,17.0,no_claim,,0,0
00-0033793,Corey Levin,2023,OL,28-30,3.0,17.0,no_claim,,0,0
00-0033831,Andrew Wylie,2023,OL,28-30,15.0,17.0,no_claim,,0,0
00-0033854,Dare Ogunbowale,2023,RB,28-30,6.0,17.0,no_claim,,0,0
00-0033863,Dan Skipper,2023,OL,28-30,14.0,17.0,no_claim,,0,0
00-0033869,Mitchell Trubisky,2023,QB,28-30,5.0,17.0,no_claim,,0,0
00-0033873,Patrick Mahomes,2023,QB,28-30,16.0,17.0,no_claim,,0,0
00-0033888,Ryan Ramczyk,2023,OL,28-30,12.0,17.0,excluded_sub_threshold,5.0,0,0
00-0033889,Cam Robinson,2023,OL,28-30,9.0,17.0,no_claim,,0,0
00-0033893,Dalvin Cook,2023,RB,28-30,14.0,17.0,no_claim,,0,0
00-0033897,Joe Mixon,2023,RB,28-30,17.0,17.0,no_claim,,0,0
00-0033901,Ethan Pocic,2023,OL,28-30,16.0,17.0,no_claim,,0,0
00-0033904,Dion Dawkins,2023,OL,28-30,19.0,17.0,no_claim,,0,0
00-0033906,Alvin Kamara,2023,RB,28-30,13.0,17.0,no_claim,,0,0
00-0033909,Pat Elflein,2023,OL,28-30,,,no_claim,,0,0
00-0033910,Dan Feeney,2023,OL,28-30,4.0,17.0,no_claim,,0,0
00-0033923,Kareem Hunt,2023,RB,28-30,15.0,17.0,no_claim,,0,0
00-0033925,D'Onta Foreman,2023,RB,28-30,9.0,17.0,pending_immature,8.0,0,0
00-0033936,C.J. Beathard,2023,QB,28-30,6.0,17.0,no_claim,,0,0
00-0033946,David Sharpe,2023,OL,28-30,1.0,17.0,no_claim,,0,0
00-0033948,Jamaal Williams,2023,RB,28-30,13.0,17.0,excluded_sub_threshold,4.0,0,0
00-0033949,Joshua Dobbs,2023,QB,28-30,13.0,17.0,no_claim,,0,0
00-0033951,Marlon Mack,2023,RB,28-30,,,no_claim,,0,0
00-0033958,Nathan Peterman,2023,QB,28-30,1.0,17.0,no_claim,,0,0
00-0033995,Michael Dunn,2023,OL,28-30,13.0,17.0,no_claim,,0,0
00-0034112,Austin Schlottmann,2023,OL,28-30,6.0,17.0,no_claim,,0,0
00-0034114,Coleman Shelton,2023,OL,28-30,18.0,17.0,no_claim,,0,0
00-0034115,Jeff Wilson,2023,RB,28-30,9.0,17.0,pending_immature,8.0,0,0
00-0034142,J.C. Hassenauer,2023,OL,28-30,,,no_claim,,0,0
00-0034158,Brian O'Neill,2023,OL,28-30,14.0,17.0,excluded_sub_threshold,3.0,0,0
00-0034171,Jason Cabinda,2023,RB,28-30,1.0,17.0,pending_immature,16.0,0,0
00-0034184,Gus Edwards,2023,RB,28-30,17.0,17.0,no_claim,,0,0
00-0034250,Christian DiLauro,2023,OL,28-30,,,no_claim,,0,0
00-0034261,Austin Corbett,2023,OL,28-30,4.0,17.0,pending_immature,13.0,0,0
00-0034280,Greg Senat,2023,OL,28-30,,,no_claim,,0,0
00-0034281,Bradley Bozeman,2023,OL,28-30,17.0,17.0,no_claim,,0,0
00-0034301,Darrel Williams,2023,RB,28-30,,,no_claim,,0,0
00-0034342,Quenton Nelson,2023,OL,28-30,17.0,17.0,no_claim,,0,0
00-0034345,Frank Ragnow,2023,OL,28-30,18.0,17.0,no_claim,,0,0
00-0034346,Will Hernandez,2023,OL,28-30,17.0,17.0,no_claim,,0,0
00-0034347,James Daniels,2023,OL,25-27,16.0,17.0,no_claim,,0,0
00-0034352,Connor Williams,2023,OL,25-27,9.0,17.0,pending_immature,8.0,0,0
00-0034367,Nyheim Hines,2023,RB,25-27,,,no_claim,,0,0
00-0034392,Scott Quessenberry,2023,OL,28-30,,,no_claim,,0,0
00-0034399,Wyatt Teller,2023,OL,28-30,17.0,17.0,no_claim,,0,0
00-0034400,Jordan Wilkins,2023,RB,28-30,,,no_claim,,0,0
00-0034401,Mike White,2023,QB,28-30,6.0,17.0,no_claim,,0,0
00-0034414,Boston Scott,2023,RB,28-30,10.0,17.0,pending_immature,7.0,0,0
00-0034417,Matt Pryor,2023,OL,28-30,6.0,17.0,no_claim,,0,0
00-0034429,Jordan Mailata,2023,OL,25-27,18.0,17.0,no_claim,,0,0
00-0034433,Nick Bawden,2023,RB,28-30,5.0,17.0,no_claim,,0,0
00-0034436,Will Clapp,2023,OL,28-30,14.0,17.0,no_claim,,0,0
00-0034438,Logan Woodside,2023,QB,28-30,1.0,17.0,no_claim,,0,0
00-0034440,Justin Jackson,2023,RB,28-30,,,no_claim,,0,0
00-0034445,Nick Gates,2023,OL,28-30,12.0,17.0,no_claim,,0,0
00-0034495,Evan Brown,2023,OL,25-27,16.0,17.0,no_claim,,0,0
00-0034571,Trenton Scott,2023,OL,28-30,6.0,17.0,no_claim,,0,0
00-0034577,Kyle Allen,2023,QB,28-30,6.0,17.0,no_claim,,0,0
00-0034614,Godwin Igwebuike,2023,RB,28-30,,,no_claim,,0,0
00-0034668,Aaron Stinnie,2023,OL,28-30,14.0,17.0,no_claim,,0,0
00-0034678,Alex Cappa,2023,OL,28-30,17.0,17.0,no_claim,,0,0
00-0034681,Chase Edmonds,2023,RB,28-30,13.0,17.0,no_claim,,0,0
00-0034750,Rashaad Penny,2023,RB,28-30,3.0,17.0,pending_immature,14.0,0,0
00-0034752,Orlando Brown,2023,OL,28-30,,,no_claim,,0,0
00-0034759,Kolton Miller,2023,OL,28-30,13.0,17.0,excluded_sub_threshold,4.0,0,0
00-0034763,Brandon Parker,2023,OL,28-30,3.0,17.0,no_claim,,0,0
00-0034768,Chukwuma Okorafor,2023,OL,25-27,14.0,17.0,no_claim,,0,0
00-0034771,Mason Rudolph,2023,QB,28-30,4.0,17.0,no_claim,,0,0
00-0034785,Mason Cole,2023,OL,28-30,18.0,17.0,no_claim,,0,0
00-0034791,Nick Chubb,2023,RB,28-30,2.0,17.0,no_claim,,0,0
00-0034796,Lamar Jackson,2023,QB,25-27,16.0,17.0,no_claim,,0,0
00-0034803,Joe Noteboom,2023,OL,28-30,,,no_claim,,0,0
00-0034804,Brian Allen,2023,OL,28-30,3.0,17.0,no_claim,,0,0
00-0034808,John Kelly,2023,RB,25-27,,,no_claim,,0,0
00-0034816,Ronald Jones,2023,RB,25-27,,,no_claim,,0,0
00-0034817,Geron Christian,2023,OL,25-27,11.0,17.0,no_claim,,0,0
00-0034833,Isaiah Wynn,2023,OL,28-30,7.0,17.0,no_claim,,0,0
00-0034836,Braden Smith,2023,OL,28-30,10.0,17.0,pending_immature,7.0,0,0
00-0034838,Royce Freeman,2023,RB,28-30,9.0,17.0,no_claim,,0,0
00-0034844,Saquon Barkley,2023,RB,25-27,14.0,17.0,excluded_sub_threshold,3.0,0,0
00-0034845,Sony Michel,2023,RB,28-30,,,no_claim,,0,0
00-0034847,Mike McGlinchey,2023,OL,28-30,16.0,17.0,no_claim,,0,0
00-0034855,Baker Mayfield,2023,QB,28-30,17.0,17.0,no_claim,,0,0
00-0034857,Josh Allen,2023,QB,28-30,17.0,17.0,no_claim,,0,0
00-0034869,Sam Darnold,2023,QB,25-27,10.0,17.0,no_claim,,0,0
00-0034899,John Wolford,2023,QB,28-30,,,no_claim,,0,0
00-0034929,Quinn Bailey,2023,OL,28-30,15.0,17.0,no_claim,,0,0
00-0034951,Fred Johnson,2023,OL,25-27,3.0,17.0,no_claim,,0,0
00-0034955,Brett Rypien,2023,QB,28-30,2.0,17.0,no_claim,,0,0
00-0034957,Calvin Anderson,2023,OL,28-30,2.0,17.0,pending_immature,15.0,0,0
00-0034959,Andrew Beck,2023,RB,28-30,12.0,17.0,excluded_sub_threshold,5.0,0,0
00-0034972,Alexander Mattison,2023,RB,25-27,16.0,17.0,no_claim,,0,0
00-0034975,Justice Hill,2023,RB,25-27,16.0,17.0,no_claim,,0,0
00-0034978,Ben Powers,2023,OL,25-27,17.0,17.0,no_claim,,0,0
00-0034989,Justin Skule,2023,OL,25-27,8.0,17.0,no_claim,,0,0
00-0034991,Drew Forbes,2023,OL,25-27,,,no_claim,,0,0
00-0034994,Oli Udoh,2023,OL,25-27,,,no_claim,,0,0
00-0035003,Jackson Barton,2023,OL,28-30,0.0,17.0,no_claim,,0,0
00-0035061,Alex Bars,2023,OL,28-30,,,no_claim,,0,0
00-0035062,Sam Mustipher,2023,OL,28-30,7.0,17.0,no_claim,,0,0
00-0035084,Yosuah Nijman,2023,OL,28-30,15.0,17.0,no_claim,,0,0
00-0035099,Khari Blasingame,2023,RB,28-30,7.0,17.0,pending_immature,10.0,0,0
00-0035100,Jake Browning,2023,QB,28-30,9.0,17.0,no_claim,,0,0
00-0035112,Patrick Mekari,2023,OL,25-27,18.0,17.0,no_claim,,0,0
00-0035117,Lester Cotton,2023,OL,28-30,11.0,17.0,no_claim,,0,0
00-0035125,Alec Ingold,2023,RB,28-30,10.0,17.0,no_claim,,0,0
00-0035127,Andre James,2023,OL,25-27,16.0,17.0,no_claim,,0,0
00-0035141,Phil Haynes,2023,OL,28-30,8.0,17.0,pending_immature,9.0,0,0
00-0035146,Trace McSorley,2023,QB,28-30,,,no_claim,,0,0
00-0035148,Darwin Thompson,2023,RB,25-27,,,no_claim,,0,0
00-0035149,Nick Allegretti,2023,OL,28-30,10.0,17.0,no_claim,,0,0
00-0035184,Devine Ozigbo,2023,RB,25-27,1.0,17.0,no_claim,,0,0
00-0035187,Austin Walter,2023,RB,28-30,,,no_claim,,0,0
00-0035217,Benny Snell,2023,RB,25-27,,,no_claim,,0,0
00-0035228,Kyler Murray,2023,QB,25-27,8.0,17.0,pending_immature,9.0,0,0
00-0035233,Andre Dillard,2023,OL,28-30,12.0,17.0,excluded_sub_threshold,5.0,0,0
00-0035234,Tytus Howard,2023,OL,28-30,7.0,17.0,no_claim,,0,0
00-0035235,Kaleb McGary,2023,OL,28-30,14.0,17.0,excluded_sub_threshold,3.0,0,0
00-0035237,Jawaan Taylor,2023,OL,25-27,21.0,17.0,no_claim,,0,0
00-0035238,Cody Ford,2023,OL,25-27,12.0,17.0,no_claim,,0,0
00-0035242,Erik McCoy,2023,OL,25-27,17.0,17.0,no_claim,,0,0
00-0035243,Miles Sanders,2023,RB,25-27,16.0,17.0,no_claim,,0,0
00-0035245,Max Scharping,2023,OL,28-30,2.0,17.0,no_claim,,0,0
00-0035250,Devin Singletary,2023,RB,25-27,17.0,17.0,no_claim,,0,0
00-0035251,Will Grier,2023,QB,28-30,,,no_claim,,0,0
00-0035252,Yodny Cajuste,2023,OL,28-30,,,no_claim,,0,0
00-0035258,Hjalte Froholdt,2023,OL,28-30,17.0,17.0,no_claim,,0,0
00-0035261,Tony Pollard,2023,RB,25-27,17.0,17.0,no_claim,,0,0
00-0035263,Wes Martin,2023,OL,28-30,,,no_claim,,0,0
00-0035264,Jarrett Stidham,2023,QB,28-30,2.0,17.0,no_claim,,0,0
00-0035274,Ross Pierschbacher,2023,OL,28-30,,,no_claim,,0,0
00-0035282,Easton Stick,2023,QB,28-30,5.0,17.0,no_claim,,0,0
00-0035289,Gardner Minshew,2023,QB,28-30,16.0,17.0,no_claim,,0,0
00-0035291,Trayveon Williams,2023,RB,25-27,14.0,17.0,no_claim,,0,0
00-0035295,Isaiah Prince,2023,OL,25-27,0.0,17.0,no_claim,,0,0
00-0035300,Dennis Daley,2023,OL,28-30,3.0,17.0,no_claim,,0,0
00-0035328,Matt Nelson,2023,OL,28-30,3.0,17.0,pending_immature,14.0,0,0
00-0035342,Patrick Laird,2023,RB,28-30,,,no_claim,,0,0
00-0035344,Aaron Monteiro,2023,OL,25-27,,,no_claim,,0,0
00-0035355,Blake Hance,2023,OL,28-30,11.0,17.0,no_claim,,0,0
00-0035382,Ryan Bates,2023,OL,25-27,6.0,17.0,no_claim,,0,0
00-0035383,Nate Herbig,2023,OL,25-27,3.0,17.0,no_claim,,0,0
00-0035384,Iosua Opeta,2023,OL,28-30,,,no_claim,,0,0
00-0035403,Ethan Greenidge,2023,OL,25-27,,,no_claim,,0,0
00-0035407,Derrick Kelly,2023,OL,28-30,,,no_claim,,0,0
00-0035468,Zack Bailey,2023,OL,28-30,,,no_claim,,0,0
00-0035526,Elgton Jenkins,2023,OL,28-30,17.0,17.0,no_claim,,0,0
00-0035537,Ty Johnson,2023,RB,25-27,7.0,17.0,no_claim,,0,0
00-0035558,Garrett McGhin,2023,OL,28-30,,,no_claim,,0,0
00-0035567,Craig Reynolds,2023,RB,28-30,6.0,17.0,no_claim,,0,0
00-0035588,Garrett Bradbury,2023,OL,28-30,14.0,17.0,excluded_sub_threshold,3.0,0,0
00-0035594,Travis Homer,2023,RB,25-27,1.0,17.0,pending_immature,16.0,0,0
00-0035613,Matt Kaskey,2023,OL,25-27,,,no_claim,,0,0
00-0035628,D'Ernest Johnson,2023,RB,28-30,15.0,17.0,no_claim,,0,0
00-0035629,Jonah Williams,2023,OL,25-27,17.0,17.0,no_claim,,0,0
00-0035630,Chris Lindstrom,2023,OL,25-27,16.0,17.0,no_claim,,0,0
00-0035649,Nate Davis,2023,OL,25-27,11.0,17.0,pending_immature,6.0,0,0
00-0035657,Damien Harris,2023,RB,25-27,6.0,17.0,no_claim,,0,0
00-0035664,Darrell Henderson,2023,RB,25-27,4.0,17.0,no_claim,,0,0
00-0035666,Bobby Evans,2023,OL,25-27,,,no_claim,,0,0
00-0035668,David Edwards,2023,OL,25-27,17.0,17.0,no_claim,,0,0
00-0035679,Connor McGovern,2023,OL,25-27,26.0,17.0,no_claim,,0,0
00-0035685,David Montgomery,2023,RB,25-27,14.0,17.0,excluded_sub_threshold,3.0,0,0
00-0035686,Michael Deiter,2023,OL,25-27,14.0,17.0,no_claim,,0,0
00-0035688,Trey Pipkins,2023,OL,25-27,17.0,17.0,no_claim,,0,0
00-0035698,Chuma Edoga,2023,OL,25-27,13.0,17.0,no_claim,,0,0
00-0035700,Josh Jacobs,2023,RB,25-27,13.0,17.0,excluded_sub_threshold,4.0,0,0
00-0035702,Dalton Risner,2023,OL,28-30,12.0,17.0,no_claim,,0,0
00-0035704,Drew Lock,2023,QB,25-27,4.0,17.0,no_claim,,0,0
00-0035710,Daniel Jones,2023,QB,25-27,6.0,17.0,pending_immature,11.0,0,0
00-0035715,Derrick Gore,2023,RB,28-30,2.0,17.0,no_claim,,0,0
00-0035726,Jakob Johnson,2023,RB,28-30,1.0,17.0,pending_immature,16.0,0,0
00-0035735,Jordan Ta'amu,2023,QB,25-27,,,no_claim,,0,0
00-0035764,Calvin Throckmorton,2023,OL,28-30,10.0,17.0,no_claim,,0,0
00-0035806,JaMycal Hasty,2023,RB,25-27,1.0,17.0,no_claim,,0,0
00-0035829,Austen Pleasants,2023,OL,25-27,1.0,17.0,no_claim,,0,0
00-0035853,Carter O'Donnell,2023,OL,25-27,5.0,17.0,no_claim,,0,0
00-0035924,Jonathan Ward,2023,RB,25-27,1.0,17.0,no_claim,,0,0
00-0035930,Cohl Cabral,2023,OL,25-27,,,no_claim,,0,0
00-0035958,Sam Tecklenburg,2023,OL,25-27,,,no_claim,,0,0
00-0035973,Patrick Taylor,2023,RB,25-27,10.0,17.0,no_claim,,0,0
00-0035975,Jake Bargas,2023,RB,25-27,,,no_claim,,0,0
00-0035992,Trystan Colon,2023,OL,25-27,,,no_claim,,0,0
00-0035993,Tyler Huntley,2023,QB,25-27,5.0,17.0,no_claim,,0,0
00-0035997,Julian Good-Jones,2023,OL,25-27,1.0,17.0,no_claim,,0,0
00-0036020,Salvon Ahmed,2023,RB,25-27,7.0,17.0,pending_immature,10.0,0,0
00-0036036,Terence Steele,2023,OL,25-27,18.0,17.0,no_claim,,0,0
00-0036105,Nick Leverett,2023,OL,25-27,0.0,17.0,no_claim,,0,0
00-0036123,Brandon Walton,2023,OL,25-27,0.0,17.0,no_claim,,0,0
00-0036132,Ben Bredeson,2023,OL,25-27,16.0,17.0,no_claim,,0,0
00-0036139,Rico Dowdle,2023,RB,25-27,16.0,17.0,no_claim,,0,0
00-0036158,J.K. Dobbins,2023,RB,25-27,1.0,17.0,no_claim,,0,0
00-0036163,Justin Herron,2023,OL,28-30,5.0,17.0,pending_immature,12.0,0,0
00-0036171,Aaron Brewer,2023,OL,25-27,17.0,17.0,no_claim,,0,0
00-0036187,Reggie Gilliam,2023,RB,25-27,1.0,17.0,no_claim,,0,0
00-0036195,Charlie Heck,2023,OL,25-27,5.0,17.0,no_claim,,0,0
00-0036197,Jake Fromm,2023,QB,25-27,,,no_claim,,0,0
00-0036198,Mike Onwenu,2023,OL,25-27,15.0,17.0,no_claim,,0,0
00-0036202,Dieter Eiselen,2023,OL,28-30,3.0,17.0,no_claim,,0,0
00-0036212,Tua Tagovailoa,2023,QB,25-27,17.0,17.0,no_claim,,0,0
00-0036214,Tyre Phillips,2023,OL,25-27,10.0,17.0,no_claim,,0,0
00-0036215,Danny Pinter,2023,OL,28-30,,,no_claim,,0,0
00-0036223,Jonathan Taylor,2023,RB,25-27,10.0,17.0,pending_immature,7.0,0,0
00-0036226,Jacob Eason,2023,QB,25-27,,,no_claim,,0,0
00-0036230,Prince Tega Wanogho,2023,OL,25-27,2.0,17.0,no_claim,,0,0
00-0036236,Nick Harris,2023,OL,25-27,18.0,17.0,no_claim,,0,0
00-0036246,Jon Runyan,2023,OL,25-27,,,no_claim,,0,0
00-0036248,Austin Jackson,2023,OL,25-27,17.0,17.0,no_claim,,0,0
00-0036251,Zack Moss,2023,RB,25-27,14.0,17.0,excluded_sub_threshold,3.0,0,0
00-0036256,Colton McKivitz,2023,OL,28-30,20.0,17.0,no_claim,,0,0
00-0036258,Jonah Jackson,2023,OL,25-27,14.0,17.0,excluded_sub_threshold,3.0,0,0
00-0036264,Jordan Love,2023,QB,25-27,17.0,17.0,no_claim,,0,0
00-0036265,AJ Dillon,2023,RB,25-27,15.0,17.0,excluded_sub_threshold,2.0,0,0
00-0036267,Jedrick Wills,2023,OL,25-27,,,no_claim,,0,0
00-0036269,La'Mical Perine,2023,RB,25-27,2.0,17.0,no_claim,,0,0
00-0036272,Ben Bartch,2023,OL,25-27,8.0,17.0,no_claim,,0,0
00-0036273,Jake Hanson,2023,OL,25-27,5.0,17.0,pending_immature,12.0,0,0
00-0036275,D'Andre Swift,2023,RB,25-27,16.0,17.0,no_claim,,0,0
00-0036278,Jason Huntley,2023,RB,25-27,,,no_claim,,0,0
00-0036284,Mekhi Becton,2023,OL,25-27,16.0,17.0,no_claim,,0,0
00-0036295,Matt Hennessy,2023,OL,25-27,,,no_claim,,0,0
00-0036310,Hakeem Adeniji,2023,OL,25-27,0.0,17.0,no_claim,,0,0
00-0036312,Jake Luton,2023,QB,28-30,,,no_claim,,0,0
00-0036325,Robert Hunt,2023,OL,28-30,11.0,17.0,pending_immature,6.0,0,0
00-0036327,Ezra Cleveland,2023,OL,25-27,13.0,17.0,excluded_sub_threshold,4.0,0,0
00-0036328,Antonio Gibson,2023,RB,25-27,16.0,17.0,no_claim,,0,0
00-0036334,Saahdiq Charles,2023,OL,25-27,11.0,17.0,pending_immature,6.0,0,0
00-0036339,Kevin Dotson,2023,OL,25-27,15.0,17.0,no_claim,,0,0
00-0036342,Keith Ismael,2023,OL,25-27,0.0,17.0,no_claim,,0,0
00-0036347,Blake Brandel,2023,OL,25-27,3.0,17.0,no_claim,,0,0
00-0036354,Kyle Hinton,2023,OL,25-27,4.0,17.0,no_claim,,0,0
00-0036355,Justin Herbert,2023,QB,25-27,13.0,17.0,no_claim,,0,0
00-0036360,Clyde Edwards-Helaire,2023,RB,25-27,15.0,17.0,excluded_sub_threshold,2.0,0,0
00-0036363,Josh Jones,2023,OL,25-27,6.0,17.0,pending_immature,11.0,0,0
00-0036367,Lucas Niang,2023,OL,25-27,2.0,17.0,no_claim,,0,0
00-0036369,John Simpson,2023,OL,25-27,19.0,17.0,no_claim,,0,0
00-0036370,Joshua Kelley,2023,RB,25-27,17.0,17.0,no_claim,,0,0
00-0036376,Tyler Biadasz,2023,OL,25-27,17.0,17.0,no_claim,,0,0
00-0036383,Eno Benjamin,2023,RB,25-27,,,no_claim,,0,0
00-0036386,Andrew Thomas,2023,OL,25-27,10.0,17.0,pending_immature,7.0,0,0
00-0036389,Jalen Hurts,2023,QB,25-27,17.0,17.0,no_claim,,0,0
00-0036391,Lloyd Cushenberry,2023,OL,25-27,,,no_claim,,0,0
00-0036392,Matt Peart,2023,OL,25-27,7.0,17.0,pending_immature,10.0,0,0
00-0036396,Jack Driscoll,2023,OL,25-27,8.0,17.0,no_claim,,0,0
00-0036397,Shane Lemieux,2023,OL,25-27,2.0,17.0,pending_immature,15.0,0,0
00-0036406,Tristan Wirfs,2023,OL,25-27,19.0,17.0,no_claim,,0,0
00-0036408,Cesar Ruiz,2023,OL,25-27,16.0,17.0,no_claim,,0,0
00-0036414,Cam Akers,2023,RB,25-27,7.0,17.0,no_claim,,0,0
00-0036417,Damien Lewis,2023,OL,25-27,16.0,17.0,no_claim,,0,0
00-0036425,DeeJay Dallas,2023,RB,25-27,10.0,17.0,no_claim,,0,0
00-0036437,Tremayne Anchrum,2023,OL,25-27,5.0,17.0,no_claim,,0,0
00-0036442,Joe Burrow,2023,QB,25-27,10.0,17.0,pending_immature,7.0,0,0
00-0036448,Isaac Alarcon,2023,OL,25-27,,,no_claim,,0,0
00-0036483,Will Fries,2023,OL,25-27,17.0,17.0,no_claim,,0,0
00-0036551,Aaron Banks,2023,OL,25-27,17.0,17.0,no_claim,,0,0
00-0036555,Chuba Hubbard,2023,RB,25-27,17.0,17.0,no_claim,,0,0
00-0036557,Jaylon Moore,2023,OL,25-27,15.0,17.0,excluded_sub_threshold,2.0,0,0
00-0036560,Tommy Doyle,2023,OL,25-27,,,no_claim,,0,0
00-0036566,Deonte Brown,2023,OL,25-27,,,no_claim,,0,0
00-0036567,Elijah Mitchell,2023,RB,25-27,11.0,17.0,pending_immature,6.0,0,0
00-0036569,Gary Brightwell,2023,RB,25-27,3.0,17.0,pending_immature,14.0,0,0
00-0036577,Jack Anderson,2023,OL,25-27,0.0,17.0,pending_immature,17.0,0,0
00-0036578,Gerrid Doaks,2023,RB,25-27,,,no_claim,,0,0
00-0036582,Nate McCrary,2023,RB,25-27,,,no_claim,,0,0
00-0036584,Foster Sarell,2023,OL,25-27,7.0,17.0,no_claim,,0,0
00-0036596,Robert Jones,2023,OL,25-27,8.0,17.0,pending_immature,9.0,0,0
00-0036603,Alaric Jackson,2023,OL,25-27,16.0,17.0,no_claim,,0,0
00-0036604,Jordan Meredith,2023,OL,25-27,8.0,17.0,no_claim,,0,0
00-0036616,Christian Darrisaw,2023,OL,25-27,15.0,17.0,no_claim,,0,0
00-0036618,Samuel Cosmi,2023,OL,25-27,17.0,17.0,no_claim,,0,0
00-0036619,Dillon Radunz,2023,OL,25-27,13.0,17.0,no_claim,,0,0
00-0036622,Josh Myers,2023,OL,25-27,19.0,17.0,no_claim,,0,0
00-0036623,Creed Humphrey,2023,OL,25-27,21.0,17.0,no_claim,,0,0
00-0036631,Royce Newman,2023,OL,25-27,8.0,17.0,no_claim,,0,0
00-0036636,Brenden Jaimes,2023,OL,25-27,4.0,17.0,no_claim,,0,0
00-0036650,Larry Rountree,2023,RB,25-27,,,no_claim,,0,0
00-0036653,Stone Forsythe,2023,OL,25-27,13.0,17.0,no_claim,,0,0
00-0036655,Cole Van Lanen,2023,OL,25-27,2.0,17.0,no_claim,,0,0
00-0036660,Trey Smith,2023,OL,25-27,21.0,17.0,no_claim,,0,0
00-0036727,Adam Prentice,2023,RB,25-27,2.0,17.0,pending_immature,15.0,0,0
00-0036736,Kayode Awosika,2023,OL,25-27,7.0,17.0,no_claim,,0,0
00-0036749,Tommy Kraemer,2023,OL,25-27,2.0,17.0,no_claim,,0,0
00-0036795,Jake Curhan,2023,OL,25-27,7.0,17.0,no_claim,,0,0
00-0036833,Ryan Neuzil,2023,OL,25-27,6.0,17.0,no_claim,,0,0
00-0036839,Kion Smith,2023,OL,25-27,5.0,17.0,no_claim,,0,0
00-0036842,Kene Nwangwu,2023,RB,25-27,3.0,17.0,pending_immature,14.0,0,0
00-0036852,D'Ante Smith,2023,OL,25-27,,,no_claim,,0,0
00-0036856,Trey Hill,2023,OL,<=24,,,no_claim,,0,0
00-0036857,Chris Evans,2023,RB,25-27,1.0,17.0,no_claim,,0,0
00-0036865,Jackson Carman,2023,OL,<=24,1.0,17.0,no_claim,,0,0
00-0036866,James Hudson,2023,OL,25-27,16.0,17.0,no_claim,,0,0
00-0036869,Dan Moore Jr.,2023,OL,25-27,17.0,17.0,no_claim,,0,0
00-0036875,Rhamondre Stevenson,2023,RB,25-27,12.0,17.0,excluded_sub_threshold,5.0,0,0
00-0036879,Sam Ehlinger,2023,QB,25-27,,,no_claim,,0,0
00-0036880,Penei Sewell,2023,OL,<=24,20.0,17.0,no_claim,,0,0
00-0036886,Josh Ball,2023,OL,25-27,,,no_claim,,0,0
00-0036893,Najee Harris,2023,RB,25-27,17.0,17.0,no_claim,,0,0
00-0036898,Davis Mills,2023,QB,25-27,5.0,17.0,no_claim,,0,0
00-0036905,Larry Borom,2023,OL,25-27,9.0,17.0,pending_immature,8.0,0,0
00-0036906,Khalil Herbert,2023,RB,25-27,12.0,17.0,excluded_sub_threshold,5.0,0,0
00-0036919,Kenneth Gainwell,2023,RB,25-27,16.0,17.0,no_claim,,0,0
00-0036924,Michael Carter,2023,RB,25-27,15.0,17.0,no_claim,,0,0
00-0036928,Kyle Trask,2023,QB,25-27,2.0,17.0,no_claim,,0,0
00-0036929,Ian Book,2023,QB,25-27,,,no_claim,,0,0
00-0036930,Landon Young,2023,OL,25-27,11.0,17.0,pending_immature,6.0,0,0
00-0036945,Justin Fields,2023,QB,25-27,13.0,17.0,excluded_sub_threshold,4.0,0,0
00-0036950,Avery Williams,2023,RB,25-27,,,no_claim,,0,0
00-0036953,Teven Jenkins,2023,OL,25-27,12.0,17.0,excluded_sub_threshold,5.0,0,0
00-0036957,Drew Dalman,2023,OL,25-27,14.0,17.0,excluded_sub_threshold,3.0,0,0
00-0036966,Tyrone Wheatley Jr.,2023,OL,25-27,,,no_claim,,0,0
00-0036968,Brady Christensen,2023,OL,25-27,1.0,17.0,no_claim,,0,0
00-0036971,Trevor Lawrence,2023,QB,<=24,16.0,17.0,no_claim,,0,0
00-0036972,Mac Jones,2023,QB,25-27,11.0,17.0,no_claim,,0,0
00-0036973,Travis Etienne,2023,RB,25-27,17.0,17.0,no_claim,,0,0
00-0036975,Walker Little,2023,OL,25-27,12.0,17.0,excluded_sub_threshold,5.0,0,0
00-0036976,Spencer Brown,2023,OL,25-27,19.0,17.0,no_claim,,0,0
00-0036977,Ben Cleveland,2023,OL,25-27,13.0,17.0,no_claim,,0,0
00-0036979,Alijah Vera-Tucker,2023,OL,25-27,5.0,17.0,no_claim,,0,0
00-0036983,Kendrick Green,2023,OL,25-27,3.0,17.0,no_claim,,0,0
00-0036984,Trey Sermon,2023,RB,25-27,8.0,17.0,no_claim,,0,0
00-0036985,Robert Hainsey,2023,OL,25-27,19.0,17.0,no_claim,,0,0
00-0036997,Javonte Williams,2023,RB,<=24,16.0,17.0,no_claim,,0,0
00-0037001,Quinn Meinerz,2023,OL,25-27,17.0,17.0,no_claim,,0,0
00-0037002,Landon Dickerson,2023,OL,25-27,17.0,17.0,no_claim,,0,0
00-0037006,Wyatt Davis,2023,OL,25-27,,,no_claim,,0,0
00-0037009,Rashawn Slater,2023,OL,25-27,17.0,17.0,no_claim,,0,0
00-0037010,Liam Eichenberg,2023,OL,25-27,17.0,17.0,no_claim,,0,0
00-0037012,Trey Lance,2023,QB,<=24,,,no_claim,,0,0
00-0037013,Zach Wilson,2023,QB,25-27,12.0,17.0,excluded_sub_threshold,5.0,0,0
00-0037076,Sean Rhyan,2023,OL,<=24,11.0,17.0,no_claim,,0,0
00-0037077,Sam Howell,2023,QB,<=24,17.0,17.0,no_claim,,0,0
00-0037081,Braxton Jones,2023,OL,25-27,11.0,17.0,no_claim,,0,0
00-0037088,Doug Kramer,2023,OL,25-27,1.0,17.0,no_claim,,0,0
00-0037089,Ja'Tyre Carter,2023,OL,25-27,5.0,17.0,no_claim,,0,0
00-0037092,Chris Paul,2023,OL,25-27,7.0,17.0,no_claim,,0,0
00-0037120,Tyler Goodson,2023,RB,<=24,6.0,17.0,no_claim,,0,0
00-0037122,Caleb Jones,2023,OL,25-27,0.0,17.0,no_claim,,0,0
00-0037138,Josh Sills,2023,OL,25-27,8.0,17.0,no_claim,,0,0
00-0037157,Zonovan Knight,2023,RB,<=24,2.0,17.0,pending_immature,15.0,0,0
00-0037196,Rasheed Walker,2023,OL,<=24,19.0,17.0,no_claim,,0,0
00-0037197,Isiah Pacheco,2023,RB,25-27,14.0,17.0,excluded_sub_threshold,3.0,0,0
00-0037207,Mike Caliendo,2023,OL,25-27,2.0,17.0,no_claim,,0,0
00-0037225,Chris Glaser,2023,OL,<=24,3.0,17.0,no_claim,,0,0
00-0037228,Jaylen Warren,2023,RB,25-27,17.0,17.0,no_claim,,0,0
00-0037229,Ikem Ekwonu,2023,OL,<=24,17.0,17.0,no_claim,,0,0
00-0037241,Trevor Penning,2023,OL,25-27,11.0,17.0,no_claim,,0,0
00-0037243,Tyler Smith,2023,OL,<=24,15.0,17.0,excluded_sub_threshold,2.0,0,0
00-0037248,James Cook,2023,RB,<=24,17.0,17.0,no_claim,,0,0
00-0037255,Dylan Parham,2023,OL,25-27,17.0,17.0,no_claim,,0,0
00-0037256,Rachaad White,2023,RB,25-27,17.0,17.0,no_claim,,0,0
00-0037258,Dameon Pierce,2023,RB,<=24,13.0,17.0,excluded_sub_threshold,4.0,0,0
00-0037263,Tyler Allgeier,2023,RB,<=24,17.0,17.0,no_claim,,0,0
00-0037266,Matt Waletzko,2023,OL,<=24,1.0,17.0,pending_immature,16.0,0,0
00-0037267,Jerome Ford,2023,RB,<=24,17.0,17.0,no_claim,,0,0
00-0037276,Ty Chandler,2023,RB,25-27,13.0,17.0,no_claim,,0,0
00-0037278,Luke Wattenberg,2023,OL,25-27,4.0,17.0,no_claim,,0,0
00-0037279,Marcus McKethan,2023,OL,<=24,9.0,17.0,no_claim,,0,0
00-0037286,Kevin Harris,2023,RB,<=24,4.0,17.0,no_claim,,0,0
00-0037287,Vederian Lowe,2023,OL,25-27,11.0,17.0,no_claim,,0,0
00-0037295,Jamaree Salyer,2023,OL,<=24,17.0,17.0,no_claim,,0,0
00-0037297,Cade Mays,2023,OL,25-27,10.0,17.0,pending_immature,7.0,0,0
00-0037302,Austin Deculus,2023,OL,25-27,2.0,17.0,no_claim,,0,0
00-0037305,Luke Tenuta,2023,OL,<=24,,,no_claim,,0,0
00-0037322,Thayer Munford Jr.,2023,OL,<=24,14.0,17.0,excluded_sub_threshold,3.0,0,0
00-0037326,Dawson Deaton,2023,OL,25-27,,,no_claim,,0,0
00-0037327,Skylar Thompson,2023,QB,25-27,,,no_claim,,0,0
00-0037329,Brittain Brown,2023,RB,25-27,,,no_claim,,0,0
00-0037331,Zander Horvath,2023,RB,25-27,,,no_claim,,0,0
00-0037336,Brock Hoffman,2023,OL,25-27,8.0,17.0,no_claim,,0,0
00-0037396,Wesley French,2023,OL,25-27,8.0,17.0,no_claim,,0,0
00-0037404,Ryan Van Demark,2023,OL,25-27,10.0,17.0,no_claim,,0,0
00-0037410,Jashaun Corbin,2023,RB,<=24,1.0,17.0,no_claim,,0,0
00-0037414,Devin Cochran,2023,OL,25-27,,,no_claim,,0,0
00-0037428,Alec Anderson,2023,OL,<=24,,,no_claim,,0,0
00-0037429,Raheem Blackshear,2023,RB,25-27,8.0,17.0,no_claim,,0,0
00-0037437,Greg Bell,2023,RB,25-27,,,no_claim,,0,0
00-0037456,Troy Hairston,2023,RB,25-27,,,no_claim,,0,0
00-0037477,Andrew Trainer,2023,OL,25-27,,,no_claim,,0,0
00-0037480,Dylan Cook,2023,OL,25-27,,,no_claim,,0,0
00-0037525,Jordan Mason,2023,RB,25-27,9.0,17.0,no_claim,,0,0
00-0037537,Lewis Kidd,2023,OL,25-27,,,no_claim,,0,0
00-0037557,Ronnie Rivers,2023,RB,25-27,7.0,17.0,no_claim,,0,0
00-0037591,Leroy Watson,2023,OL,25-27,5.0,17.0,no_claim,,0,0
00-0037594,Julius Chestnut,2023,RB,<=24,,,no_claim,,0,0
00-0037601,Xavier Newman-Johnson,2023,OL,25-27,6.0,17.0,no_claim,,0,0
00-0037605,Andrew Rupcich,2023,OL,25-27,4.0,17.0,no_claim,,0,0
00-0037612,Evan Neal,2023,OL,<=24,7.0,17.0,pending_immature,10.0,0,0
00-0037613,Kenyon Green,2023,OL,<=24,,,no_claim,,0,0
00-0037617,Hassan Haskins,2023,RB,<=24,,,no_claim,,0,0
00-0037620,Andrew Stueber,2023,OL,25-27,,,no_claim,,0,0
00-0037746,Brian Robinson,2023,RB,25-27,15.0,17.0,excluded_sub_threshold,2.0,0,0
00-0037754,Nicholas Petit-Frere,2023,OL,<=24,3.0,17.0,pending_immature,14.0,0,0
00-0037757,Bernhard Raimann,2023,OL,25-27,15.0,17.0,excluded_sub_threshold,2.0,0,0
00-0037807,Joshua Ezeudu,2023,OL,<=24,6.0,17.0,no_claim,,0,0
00-0037812,Abraham Lucas,2023,OL,25-27,6.0,17.0,pending_immature,11.0,0,0
00-0037814,Luke Fortner,2023,OL,25-27,17.0,17.0,no_claim,,0,0
00-0037817,Zach Tom,2023,OL,25-27,19.0,17.0,no_claim,,0,0
00-0037818,Zion Johnson,2023,OL,<=24,15.0,17.0,excluded_sub_threshold,2.0,0,0
00-0037821,Charles Cross,2023,OL,<=24,14.0,17.0,excluded_sub_threshold,3.0,0,0
00-0037825,Tyler Linderbaum,2023,OL,<=24,17.0,17.0,no_claim,,0,0
00-0037829,Spencer Burford,2023,OL,<=24,16.0,17.0,no_claim,,0,0
00-0037831,Nick Zakelj,2023,OL,25-27,0.0,17.0,pending_immature,17.0,0,0
00-0037834,Brock Purdy,2023,QB,<=24,16.0,17.0,no_claim,,0,0
00-0037835,Luke Goedeke,2023,OL,25-27,19.0,17.0,no_claim,,0,0
00-0037840,Kyren Williams,2023,RB,<=24,12.0,17.0,excluded_sub_threshold,5.0,0,0
00-0038040,Zamir White,2023,RB,<=24,13.0,17.0,no_claim,,0,0
00-0038045,Isaiah Spiller,2023,RB,<=24,9.0,17.0,no_claim,,0,0
00-0038073,Alex Akingbulu,2023,OL,25-27,0.0,17.0,no_claim,,0,0
00-0038095,Cordell Volson,2023,OL,25-27,17.0,17.0,no_claim,,0,0
00-0038098,Pierre Strong,2023,RB,25-27,13.0,17.0,no_claim,,0,0
00-0038102,Kenny Pickett,2023,QB,25-27,12.0,17.0,excluded_sub_threshold,5.0,0,0
00-0038103,Cole Strange,2023,OL,25-27,10.0,17.0,pending_immature,7.0,0,0
00-0038108,Bailey Zappe,2023,QB,25-27,10.0,17.0,no_claim,,0,0
00-0038112,Cam Jurgens,2023,OL,25-27,12.0,17.0,excluded_sub_threshold,5.0,0,0
00-0038114,Max Mitchell,2023,OL,<=24,9.0,17.0,no_claim,,0,0
00-0038118,Daniel Faalele,2023,OL,<=24,13.0,17.0,no_claim,,0,0
00-0038120,Breece Hall,2023,RB,<=24,17.0,17.0,no_claim,,0,0
00-0038122,Desmond Ridder,2023,QB,25-27,15.0,17.0,no_claim,,0,0
00-0038128,Malik Willis,2023,QB,25-27,2.0,17.0,no_claim,,0,0
00-0038131,Ed Ingram,2023,OL,25-27,15.0,17.0,no_claim,,0,0
00-0038132,Matt Corral,2023,QB,25-27,,,no_claim,,0,0
00-0038134,Kenneth Walker,2023,RB,<=24,15.0,17.0,excluded_sub_threshold,2.0,0,0
00-0038150,Nathan Rourke,2023,QB,25-27,,,no_claim,,0,0
00-0038382,Malaesala Aumavae-Laulu,2023,OL,25-27,,,no_claim,,0,0
00-0038383,Andrew Vorhees,2023,OL,25-27,,,no_claim,,0,0
00-0038389,Israel Abanikanda,2023,RB,<=24,6.0,17.0,no_claim,,0,0
00-0038391,Sean Clifford,2023,QB,25-27,2.0,17.0,no_claim,,0,0
00-0038396,Eric Gray,2023,RB,<=24,5.0,17.0,no_claim,,0,0
00-0038397,Evan Hull,2023,RB,<=24,1.0,17.0,no_claim,,0,0
00-0038400,Tanner McKee,2023,QB,<=24,,,no_claim,,0,0
00-0038410,Jake Witt,2023,OL,<=24,,,no_claim,,0,0
00-0038416,Tyson Bagent,2023,QB,<=24,5.0,17.0,no_claim,,0,0
00-0038454,Keaton Mitchell,2023,RB,<=24,7.0,17.0,no_claim,,0,0
00-0038476,Tommy DeVito,2023,QB,25-27,9.0,17.0,no_claim,,0,0
00-0038536,Chandler Zavala,2023,OL,25-27,7.0,17.0,pending_immature,10.0,0,0
00-0038537,J.D. DiRenzo,2023,OL,25-27,3.0,17.0,no_claim,,0,0
00-0038540,Paris Johnson Jr.,2023,OL,<=24,17.0,17.0,no_claim,,0,0
00-0038542,Bijan Robinson,2023,RB,<=24,17.0,17.0,no_claim,,0,0
00-0038548,O'Cyrus Torrence,2023,OL,<=24,19.0,17.0,no_claim,,0,0
00-0038550,Hendon Hooker,2023,QB,25-27,,,no_claim,,0,0
00-0038551,Kendre Miller,2023,RB,<=24,7.0,17.0,pending_immature,10.0,0,0
00-0038555,Tank Bigsby,2023,RB,<=24,13.0,17.0,no_claim,,0,0
00-0038566,Nick Saldiveri,2023,OL,<=24,3.0,17.0,no_claim,,0,0
00-0038569,Sidy Sow,2023,OL,25-27,13.0,17.0,no_claim,,0,0
00-0038571,Jon Gaines,2023,OL,25-27,,,no_claim,,0,0
00-0038579,Aidan O'Connell,2023,QB,25-27,11.0,17.0,no_claim,,0,0
00-0038582,Clayton Tune,2023,QB,25-27,6.0,17.0,no_claim,,0,0
00-0038583,Dorian Thompson-Robinson,2023,QB,<=24,7.0,17.0,pending_immature,10.0,0,0
00-0038586,Atonio Mafi,2023,OL,<=24,12.0,17.0,no_claim,,0,0
00-0038592,Colby Sorsdal,2023,OL,<=24,5.0,17.0,no_claim,,0,0
00-0038593,Olusegun Oluwatimi,2023,OL,25-27,4.0,17.0,no_claim,,0,0
00-0038595,Jordan McFadden,2023,OL,<=24,9.0,17.0,no_claim,,0,0
00-0038597,Chase Brown,2023,RB,<=24,10.0,17.0,pending_immature,7.0,0,0
00-0038598,Jaren Hall,2023,QB,25-27,3.0,17.0,pending_immature,14.0,0,0
00-0038601,Asim Richards,2023,OL,<=24,5.0,17.0,no_claim,,0,0
00-0038607,Jaelyn Duncan,2023,OL,<=24,8.0,17.0,no_claim,,0,0
00-0038609,Luke Wypler,2023,OL,<=24,2.0,17.0,no_claim,,0,0
00-0038611,Chris Rodriguez,2023,RB,<=24,8.0,17.0,pending_immature,9.0,0,0
00-0038615,Jarrett Patterson,2023,OL,<=24,7.0,17.0,no_claim,,0,0
00-0038622,Deuce Vaughn,2023,RB,<=24,6.0,17.0,no_claim,,0,0
00-0038629,Jovaughn Gwyn,2023,OL,25-27,0.0,17.0,no_claim,,0,0
00-0038630,Cooper Hodges,2023,OL,<=24,,,no_claim,,0,0
00-0038633,Nick Broeker,2023,OL,<=24,1.0,17.0,no_claim,,0,0
00-0038636,Kenny McIntosh,2023,RB,<=24,,,no_claim,,0,0
00-0038645,Spencer Anderson,2023,OL,<=24,2.0,17.0,no_claim,,0,0
00-0038649,Alex Forsyth,2023,OL,25-27,,,no_claim,,0,0
00-0038678,Jordan Mims,2023,RB,25-27,1.0,17.0,no_claim,,0,0
00-0038685,Chris Brooks,2023,RB,<=24,3.0,17.0,no_claim,,0,0
00-0038695,DJ Scaife,2023,OL,<=24,,,no_claim,,0,0
00-0038697,James Tunstall,2023,OL,<=24,,,no_claim,,0,0
00-0038699,Alama Uluave,2023,OL,25-27,,,no_claim,,0,0
00-0038705,Emari Demercado,2023,RB,25-27,11.0,17.0,pending_immature,6.0,0,0
00-0038714,Hassan Hall,2023,RB,<=24,,,no_claim,,0,0
00-0038727,Xazavian Valladay,2023,RB,25-27,,,no_claim,,0,0
00-0038729,Kilian Zierer,2023,OL,25-27,,,no_claim,,0,0
00-0038731,TJ Bass,2023,OL,25-27,,,no_claim,,0,0
00-0038738,Hunter Luepke,2023,RB,<=24,6.0,17.0,no_claim,,0,0
00-0038744,Tanner Morgan,2023,QB,25-27,,,no_claim,,0,0
00-0038749,Holton Ahlers,2023,QB,<=24,,,no_claim,,0,0
00-0038775,Nash Jensen,2023,OL,25-27,7.0,17.0,no_claim,,0,0
00-0038776,Ricky Lee,2023,OL,<=24,0.0,17.0,no_claim,,0,0
00-0038794,Jaleel McLaughlin,2023,RB,<=24,17.0,17.0,no_claim,,0,0
00-0038796,Alex Palczewski,2023,OL,25-27,,,no_claim,,0,0
00-0038797,Emanuel Wilson,2023,RB,25-27,5.0,17.0,pending_immature,12.0,0,0
00-0038826,Raiqwon O'Neal,2023,OL,<=24,1.0,17.0,no_claim,,0,0
00-0038852,John Ojukwu,2023,OL,25-27,3.0,17.0,no_claim,,0,0
00-0038876,Joey Fisher,2023,OL,25-27,,,no_claim,,0,0
00-0038880,Ilm Manning,2023,OL,25-27,,,no_claim,,0,0
00-0038896,Jacob Saylors,2023,RB,<=24,,,no_claim,,0,0
00-0038911,Malik Cunningham,2023,QB,25-27,1.0,17.0,no_claim,,0,0
00-0038914,McClendon Curtis,2023,OL,<=24,0.0,17.0,no_claim,,0,0
00-0038923,Dalton Wagner,2023,OL,25-27,,,no_claim,,0,0
00-0038924,Silas Dzansi,2023,OL,25-27,,,no_claim,,0,0
00-0038932,Darnell Wright,2023,OL,<=24,17.0,17.0,no_claim,,0,0
00-0038934,Anton Harrison,2023,OL,<=24,17.0,17.0,no_claim,,0,0
00-0038936,Juice Scruggs,2023,OL,<=24,9.0,17.0,no_claim,,0,0
00-0038947,Grant Miller,2023,OL,25-27,,,no_claim,,0,0
00-0038951,Sean Tucker,2023,RB,<=24,3.0,17.0,no_claim,,0,0
00-0038957,Alfonzo Graham,2023,RB,<=24,,,no_claim,,0,0
00-0038981,Wanya Morris,2023,OL,<=24,8.0,17.0,pending_immature,9.0,0,0
00-0038998,Jake Haener,2023,QB,25-27,,,no_claim,,0,0
00-0039001,Tyler Steen,2023,OL,<=24,4.0,17.0,no_claim,,0,0
00-0039004,Carter Warren,2023,OL,25-27,6.0,17.0,pending_immature,11.0,0,0
00-0039008,Ricky Stromberg,2023,OL,<=24,3.0,17.0,pending_immature,14.0,0,0
00-0039010,Braeden Daniels,2023,OL,<=24,,,no_claim,,0,0
00-0039014,Dawand Jones,2023,OL,<=24,11.0,17.0,pending_immature,6.0,0,0
00-0039019,John Michael Schmitz,2023,OL,25-27,13.0,17.0,excluded_sub_threshold,4.0,0,0
00-0039020,Anthony Bradford,2023,OL,<=24,12.0,17.0,excluded_sub_threshold,5.0,0,0
00-0039021,Roschon Johnson,2023,RB,<=24,15.0,17.0,excluded_sub_threshold,2.0,0,0
00-0039030,Jake Andrews,2023,OL,<=24,2.0,17.0,no_claim,,0,0
00-0039032,Tyjae Spears,2023,RB,<=24,17.0,17.0,no_claim,,0,0
00-0039034,Peter Skoronski,2023,OL,<=24,14.0,17.0,excluded_sub_threshold,3.0,0,0
00-0039040,De'Von Achane,2023,RB,<=24,11.0,17.0,no_claim,,0,0
00-0039048,Matthew Bergeron,2023,OL,<=24,17.0,17.0,no_claim,,0,0
00-0039058,Steve Avila,2023,OL,<=24,18.0,17.0,no_claim,,0,0
00-0039077,Warren McClendon Jr.,2023,OL,<=24,,,no_claim,,0,0
00-0039107,Stetson Bennett,2023,QB,25-27,,,no_claim,,0,0
00-0039109,Broderick Jones,2023,OL,<=24,15.0,17.0,no_claim,,0,0
00-0039136,Zach Evans,2023,RB,<=24,4.0,17.0,no_claim,,0,0
00-0039139,Jahmyr Gibbs,2023,RB,<=24,15.0,17.0,excluded_sub_threshold,2.0,0,0
00-0039145,Joe Tippmann,2023,OL,<=24,14.0,17.0,excluded_sub_threshold,3.0,0,0
00-0039150,Bryce Young,2023,QB,<=24,16.0,17.0,no_claim,,0,0
00-0039152,Will Levis,2023,QB,25-27,9.0,17.0,no_claim,,0,0
00-0039157,Cody Mauch,2023,OL,25-27,19.0,17.0,no_claim,,0,0
00-0039158,Blake Freeland,2023,OL,<=24,14.0,17.0,no_claim,,0,0
00-0039163,C.J. Stroud,2023,QB,<=24,15.0,17.0,excluded_sub_threshold,2.0,0,0
00-0039164,Anthony Richardson,2023,QB,<=24,4.0,17.0,pending_immature,13.0,0,0
00-0039165,Zach Charbonnet,2023,RB,<=24,16.0,17.0,no_claim,,0,0
00-0023459,Aaron Rodgers,2024,QB,31+,17.0,17.0,no_claim,,0,0
00-0026143,Matt Ryan,2024,QB,31+,,,no_claim,,0,0
00-0026158,Joe Flacco,2024,QB,31+,7.0,17.0,no_claim,,0,0
00-0026300,Josh Johnson,2024,QB,31+,4.0,17.0,no_claim,,0,0
00-0026498,Matthew Stafford,2024,QB,31+,16.0,17.0,no_claim,,0,0
00-0027857,Trent Williams,2024,OL,31+,10.0,17.0,pending_immature,7.0,0,0
00-0027947,Tyron Smith,2024,OL,31+,10.0,17.0,pending_immature,7.0,0,0
00-0027973,Andy Dalton,2024,QB,31+,6.0,17.0,pending_immature,11.0,0,0
00-0028118,Tyrod Taylor,2024,QB,31+,2.0,17.0,no_claim,,0,0
00-0028129,Jason Kelce,2024,OL,31+,,,no_claim,,0,0
00-0028986,Case Keenum,2024,QB,31+,,,no_claim,,0,0
00-0029263,Russell Wilson,2024,QB,31+,11.0,17.0,no_claim,,0,0
00-0029316,Kelvin Beachum,2024,OL,31+,15.0,17.0,no_claim,,0,0
00-0029592,Kevin Zeitler,2024,OL,31+,16.0,17.0,no_claim,,0,0
00-0029604,Kirk Cousins,2024,QB,31+,14.0,17.0,no_claim,,0,0
00-0029685,Greg Van Roten,2024,OL,31+,17.0,17.0,no_claim,,0,0
00-0029709,Ty Nsekhe,2024,OL,31+,,,no_claim,,0,0
00-0029892,Kyle Juszczyk,2024,RB,31+,14.0,17.0,no_claim,,0,0
00-0029895,Ryan Jensen,2024,OL,31+,,,no_claim,,0,0
00-0029963,Chris Hubbard,2024,OL,31+,5.0,17.0,no_claim,,0,0
00-0030067,Terron Armstead,2024,OL,31+,15.0,17.0,excluded_sub_threshold,2.0,0,0
00-0030097,David Quessenberry,2024,OL,31+,5.0,17.0,no_claim,,0,0
00-0030561,Lane Johnson,2024,OL,31+,19.0,17.0,no_claim,,0,0
00-0030565,Geno Smith,2024,QB,31+,17.0,17.0,no_claim,,0,0
00-0030578,Cordarrelle Patterson,2024,RB,31+,13.0,17.0,excluded_sub_threshold,4.0,0,0
00-0030694,James Hurst,2024,OL,31+,,,no_claim,,0,0
00-0030725,Cornelius Lucas,2024,OL,31+,11.0,17.0,pending_immature,6.0,0,0
00-0031019,Corey Linsley,2024,OL,31+,,,no_claim,,0,0
00-0031237,Teddy Bridgewater,2024,QB,31+,,,no_claim,,0,0
00-0031279,Jake Matthews,2024,OL,31+,17.0,17.0,no_claim,,0,0
00-0031280,Derek Carr,2024,QB,31+,10.0,17.0,pending_immature,7.0,0,0
00-0031330,Morgan Moses,2024,OL,31+,14.0,17.0,excluded_sub_threshold,3.0,0,0
00-0031345,Jimmy Garoppolo,2024,QB,31+,1.0,17.0,no_claim,,0,0
00-0031402,Zack Martin,2024,OL,31+,10.0,17.0,pending_immature,7.0,0,0
00-0031426,Joel Bitonio,2024,OL,31+,17.0,17.0,no_claim,,0,0
00-0031503,Jameis Winston,2024,QB,31+,11.0,17.0,no_claim,,0,0
00-0031534,La'el Collins,2024,OL,31+,,,no_claim,,0,0
00-0031580,Shaquille Mason,2024,OL,31+,16.0,17.0,no_claim,,0,0
00-0031581,Mark Glowinski,2024,OL,31+,5.0,17.0,no_claim,,0,0
00-0031595,Michael Burton,2024,RB,31+,11.0,17.0,no_claim,,0,0
00-0031687,Raheem Mostert,2024,RB,31+,12.0,17.0,excluded_sub_threshold,5.0,0,0
00-0031734,Chris Reed,2024,OL,31+,0.0,17.0,no_claim,,0,0
00-0031800,Taylor Heinicke,2024,QB,31+,4.0,17.0,no_claim,,0,0
00-0031852,David Andrews,2024,OL,31+,4.0,17.0,no_claim,,0,0
00-0031893,Jesse Davis,2024,OL,31+,,,no_claim,,0,0
00-0031921,Kendall Lamm,2024,OL,31+,9.0,17.0,no_claim,,0,0
00-0031936,Mitch Morse,2024,OL,31+,17.0,17.0,no_claim,,0,0
00-0032053,Brandon Scherff,2024,OL,31+,17.0,17.0,no_claim,,0,0
00-0032071,Trent Brown,2024,OL,31+,3.0,17.0,pending_immature,14.0,0,0
00-0032104,Ameer Abdullah,2024,RB,31+,13.0,17.0,excluded_sub_threshold,4.0,0,0
00-0032151,Jon Feliciano,2024,OL,31+,,,no_claim,,0,0
00-0032203,Andrus Peat,2024,OL,31+,8.0,17.0,no_claim,,0,0
00-0032222,D.J. Humphries,2024,OL,31+,2.0,17.0,pending_immature,15.0,0,0
00-0032234,Laken Tomlinson,2024,OL,31+,17.0,17.0,no_claim,,0,0
00-0032242,Rob Havenstein,2024,OL,31+,13.0,17.0,excluded_sub_threshold,4.0,0,0
00-0032268,Marcus Mariota,2024,QB,31+,3.0,17.0,pending_immature,14.0,0,0
00-0032380,Laremy Tunsil,2024,OL,31+,19.0,17.0,no_claim,,0,0
00-0032381,Taylor Decker,2024,OL,31+,15.0,17.0,excluded_sub_threshold,2.0,0,0
00-0032383,Ryan Kelly,2024,OL,31+,10.0,17.0,no_claim,,0,0
00-0032384,Germain Ifedi,2024,OL,31+,10.0,17.0,no_claim,,0,0
00-0032391,Joe Thuney,2024,OL,31+,20.0,17.0,no_claim,,0,0
00-0032395,Graham Glasgow,2024,OL,31+,17.0,17.0,no_claim,,0,0
00-0032432,Wes Schweitzer,2024,OL,31+,1.0,17.0,pending_immature,16.0,0,0
00-0032434,Brandon Allen,2024,QB,31+,3.0,17.0,no_claim,,0,0
00-0032436,Jeff Driskel,2024,QB,31+,,,no_claim,,0,0
00-0032445,Ted Karras,2024,OL,31+,17.0,17.0,no_claim,,0,0
00-0032466,George Fant,2024,OL,31+,2.0,17.0,pending_immature,15.0,0,0
00-0032528,Justin Murray,2024,OL,31+,,,no_claim,,0,0
00-0032701,Jake Brendel,2024,OL,31+,17.0,17.0,no_claim,,0,0
00-0032764,Derrick Henry,2024,RB,31+,17.0,17.0,no_claim,,0,0
00-0032768,Cody Whitehair,2024,OL,31+,9.0,17.0,pending_immature,8.0,0,0
00-0032792,Nate Sudfeld,2024,QB,31+,,,no_claim,,0,0
00-0032918,C.J. Ham,2024,RB,31+,5.0,17.0,no_claim,,0,0
00-0032950,Carson Wentz,2024,QB,31+,2.0,17.0,no_claim,,0,0
00-0032954,Isaac Seumalo,2024,OL,31+,14.0,17.0,excluded_sub_threshold,3.0,0,0
00-0032965,Ronnie Stanley,2024,OL,31+,19.0,17.0,no_claim,,0,0
00-0033011,Connor McGovern,2024,OL,31+,25.0,17.0,no_claim,,0,0
00-0033057,Jack Conklin,2024,OL,31+,12.0,17.0,excluded_sub_threshold,5.0,0,0
00-0033065,Le'Raven Clark,2024,OL,31+,,,no_claim,,0,0
00-0033077,Dak Prescott,2024,QB,31+,8.0,17.0,pending_immature,9.0,0,0
00-0033082,Lucas Patrick,2024,OL,31+,10.0,17.0,pending_immature,7.0,0,0
00-0033106,Jared Goff,2024,QB,28-30,17.0,17.0,no_claim,,0,0
00-0033119,Jacoby Brissett,2024,QB,31+,7.0,17.0,no_claim,,0,0
00-0033221,Daniel Brunskill,2024,OL,31+,16.0,17.0,no_claim,,0,0
00-0033275,Phillip Walker,2024,QB,28-30,,,no_claim,,0,0
00-0033280,Christian McCaffrey,2024,RB,28-30,4.0,17.0,pending_immature,13.0,0,0
00-0033284,Taylor Moton,2024,OL,31+,14.0,17.0,excluded_sub_threshold,3.0,0,0
00-0033290,Jermaine Eluemunor,2024,OL,28-30,15.0,17.0,excluded_sub_threshold,2.0,0,0
00-0033293,Aaron Jones,2024,RB,28-30,17.0,17.0,no_claim,,0,0
00-0033300,Conor McDermott,2024,OL,31+,,,no_claim,,0,0
00-0033308,Matt Breida,2024,RB,28-30,,,no_claim,,0,0
00-0033319,Nick Mullens,2024,QB,28-30,4.0,17.0,no_claim,,0,0
00-0033326,Aviante Collins,2024,OL,31+,,,no_claim,,0,0
00-0033376,Patrick Ricard,2024,RB,31+,5.0,17.0,no_claim,,0,0
00-0033511,Sean Harlow,2024,OL,28-30,,,no_claim,,0,0
00-0033526,Samaje Perine,2024,RB,28-30,17.0,17.0,no_claim,,0,0
00-0033537,Deshaun Watson,2024,QB,28-30,7.0,17.0,no_claim,,0,0
00-0033538,Garett Bolles,2024,OL,31+,18.0,17.0,no_claim,,0,0
00-0033553,James Conner,2024,RB,28-30,16.0,17.0,no_claim,,0,0
00-0033556,Tarik Cohen,2024,RB,28-30,,,no_claim,,0,0
00-0033662,Cooper Rush,2024,QB,31+,12.0,17.0,no_claim,,0,0
00-0033676,Elijah Wilkinson,2024,OL,28-30,1.0,17.0,no_claim,,0,0
00-0033699,Austin Ekeler,2024,RB,28-30,12.0,17.0,excluded_sub_threshold,5.0,0,0
00-0033752,Storm Norton,2024,OL,31+,5.0,17.0,no_claim,,0,0
00-0033793,Corey Levin,2024,OL,31+,3.0,17.0,no_claim,,0,0
00-0033831,Andrew Wylie,2024,OL,31+,17.0,17.0,no_claim,,0,0
00-0033854,Dare Ogunbowale,2024,RB,31+,15.0,17.0,no_claim,,0,0
00-0033863,Dan Skipper,2024,OL,28-30,17.0,17.0,no_claim,,0,0
00-0033869,Mitchell Trubisky,2024,QB,31+,8.0,17.0,no_claim,,0,0
00-0033873,Patrick Mahomes,2024,QB,28-30,16.0,17.0,no_claim,,0,0
00-0033888,Ryan Ramczyk,2024,OL,31+,,,no_claim,,0,0
00-0033889,Cam Robinson,2024,OL,28-30,18.0,17.0,no_claim,,0,0
00-0033897,Joe Mixon,2024,RB,28-30,14.0,17.0,excluded_sub_threshold,3.0,0,0
00-0033901,Ethan Pocic,2024,OL,28-30,16.0,17.0,no_claim,,0,0
00-0033904,Dion Dawkins,2024,OL,31+,19.0,17.0,no_claim,,0,0
00-0033906,Alvin Kamara,2024,RB,28-30,14.0,17.0,excluded_sub_threshold,3.0,0,0
00-0033910,Dan Feeney,2024,OL,31+,0.0,17.0,no_claim,,0,0
00-0033923,Kareem Hunt,2024,RB,28-30,13.0,17.0,excluded_sub_threshold,4.0,0,0
00-0033925,D'Onta Foreman,2024,RB,28-30,10.0,17.0,no_claim,,0,0
00-0033936,C.J. Beathard,2024,QB,31+,,,no_claim,,0,0
00-0033948,Jamaal Williams,2024,RB,28-30,13.0,17.0,excluded_sub_threshold,4.0,0,0
00-0033949,Joshua Dobbs,2024,QB,28-30,2.0,17.0,no_claim,,0,0
00-0033955,Jeremy McNichols,2024,RB,28-30,14.0,17.0,no_claim,,0,0
00-0033995,Michael Dunn,2024,OL,31+,9.0,17.0,no_claim,,0,0
00-0034112,Austin Schlottmann,2024,OL,28-30,0.0,17.0,no_claim,,0,0
00-0034114,Coleman Shelton,2024,OL,28-30,17.0,17.0,no_claim,,0,0
00-0034115,Jeff Wilson,2024,RB,28-30,7.0,17.0,no_claim,,0,0
00-0034158,Brian O'Neill,2024,OL,28-30,18.0,17.0,no_claim,,0,0
00-0034177,Tim Boyle,2024,QB,28-30,3.0,17.0,no_claim,,0,0
00-0034184,Gus Edwards,2024,RB,28-30,11.0,17.0,pending_immature,6.0,0,0
00-0034208,Mike Boone,2024,RB,28-30,5.0,17.0,no_claim,,0,0
00-0034261,Austin Corbett,2024,OL,28-30,5.0,17.0,pending_immature,12.0,0,0
00-0034281,Bradley Bozeman,2024,OL,28-30,18.0,17.0,no_claim,,0,0
00-0034342,Quenton Nelson,2024,OL,28-30,17.0,17.0,no_claim,,0,0
00-0034345,Frank Ragnow,2024,OL,28-30,17.0,17.0,no_claim,,0,0
00-0034346,Will Hernandez,2024,OL,28-30,5.0,17.0,no_claim,,0,0
00-0034347,James Daniels,2024,OL,25-27,4.0,17.0,no_claim,,0,0
00-0034352,Connor Williams,2024,OL,28-30,9.0,17.0,pending_immature,8.0,0,0
00-0034367,Nyheim Hines,2024,RB,28-30,,,no_claim,,0,0
00-0034399,Wyatt Teller,2024,OL,28-30,13.0,17.0,no_claim,,0,0
00-0034401,Mike White,2024,QB,28-30,1.0,17.0,no_claim,,0,0
00-0034414,Boston Scott,2024,RB,28-30,,,no_claim,,0,0
00-0034417,Matt Pryor,2024,OL,28-30,15.0,17.0,no_claim,,0,0
00-0034429,Jordan Mailata,2024,OL,28-30,16.0,17.0,no_claim,,0,0
00-0034433,Nick Bawden,2024,RB,28-30,,,no_claim,,0,0
00-0034436,Will Clapp,2024,OL,28-30,1.0,17.0,no_claim,,0,0
00-0034445,Nick Gates,2024,OL,28-30,4.0,17.0,no_claim,,0,0
00-0034495,Evan Brown,2024,OL,28-30,17.0,17.0,no_claim,,0,0
00-0034505,Ike Boettger,2024,OL,28-30,,,no_claim,,0,0
00-0034571,Trenton Scott,2024,OL,31+,,,no_claim,,0,0
00-0034577,Kyle Allen,2024,QB,28-30,1.0,17.0,no_claim,,0,0
00-0034628,Jaryd Jones-Smith,2024,OL,28-30,,,no_claim,,0,0
00-0034668,Aaron Stinnie,2024,OL,31+,4.0,17.0,pending_immature,13.0,0,0
00-0034678,Alex Cappa,2024,OL,28-30,17.0,17.0,no_claim,,0,0
00-0034681,Chase Edmonds,2024,RB,28-30,,,no_claim,,0,0
00-0034737,Luis Perez,2024,QB,31+,,,no_claim,,0,0
00-0034750,Rashaad Penny,2024,RB,28-30,,,no_claim,,0,0
00-0034752,Orlando Brown,2024,OL,28-30,,,no_claim,,0,0
00-0034759,Kolton Miller,2024,OL,28-30,17.0,17.0,no_claim,,0,0
00-0034763,Brandon Parker,2024,OL,28-30,,,no_claim,,0,0
00-0034768,Chukwuma Okorafor,2024,OL,28-30,1.0,17.0,no_claim,,0,0
00-0034771,Mason Rudolph,2024,QB,28-30,8.0,17.0,no_claim,,0,0
00-0034791,Nick Chubb,2024,RB,28-30,8.0,17.0,pending_immature,9.0,0,0
00-0034796,Lamar Jackson,2024,QB,28-30,17.0,17.0,no_claim,,0,0
00-0034803,Joe Noteboom,2024,OL,28-30,,,no_claim,,0,0
00-0034804,Brian Allen,2024,OL,28-30,,,no_claim,,0,0
00-0034808,John Kelly,2024,RB,28-30,,,no_claim,,0,0
00-0034817,Geron Christian,2024,OL,28-30,0.0,17.0,no_claim,,0,0
00-0034833,Isaiah Wynn,2024,OL,28-30,3.0,17.0,no_claim,,0,0
00-0034836,Braden Smith,2024,OL,28-30,12.0,17.0,excluded_sub_threshold,5.0,0,0
00-0034844,Saquon Barkley,2024,RB,28-30,16.0,17.0,no_claim,,0,0
00-0034847,Mike McGlinchey,2024,OL,28-30,14.0,17.0,no_claim,,0,0
00-0034855,Baker Mayfield,2024,QB,28-30,17.0,17.0,no_claim,,0,0
00-0034857,Josh Allen,2024,QB,28-30,16.0,17.0,no_claim,,0,0
00-0034869,Sam Darnold,2024,QB,28-30,17.0,17.0,no_claim,,0,0
00-0034929,Quinn Bailey,2024,OL,28-30,,,no_claim,,0,0
00-0034951,Fred Johnson,2024,OL,28-30,15.0,17.0,no_claim,,0,0
00-0034957,Calvin Anderson,2024,OL,28-30,4.0,17.0,no_claim,,0,0
00-0034959,Andrew Beck,2024,RB,28-30,2.0,17.0,no_claim,,0,0
00-0034972,Alexander Mattison,2024,RB,25-27,14.0,17.0,excluded_sub_threshold,3.0,0,0
00-0034975,Justice Hill,2024,RB,25-27,15.0,17.0,excluded_sub_threshold,2.0,0,0
00-0034978,Ben Powers,2024,OL,28-30,18.0,17.0,no_claim,,0,0
00-0034989,Justin Skule,2024,OL,28-30,10.0,17.0,no_claim,,0,0
00-0034994,Oli Udoh,2024,OL,28-30,9.0,17.0,no_claim,,0,0
00-0035003,Jackson Barton,2024,OL,28-30,4.0,17.0,no_claim,,0,0
00-0035062,Sam Mustipher,2024,OL,28-30,7.0,17.0,no_claim,,0,0
00-0035084,Yosuah Nijman,2024,OL,28-30,4.0,17.0,no_claim,,0,0
00-0035099,Khari Blasingame,2024,RB,28-30,,,no_claim,,0,0
00-0035100,Jake Browning,2024,QB,28-30,2.0,17.0,no_claim,,0,0
00-0035112,Patrick Mekari,2024,OL,28-30,19.0,17.0,no_claim,,0,0
00-0035117,Lester Cotton,2024,OL,28-30,5.0,17.0,no_claim,,0,0
00-0035125,Alec Ingold,2024,RB,28-30,9.0,17.0,no_claim,,0,0
00-0035127,Andre James,2024,OL,28-30,11.0,17.0,pending_immature,6.0,0,0
00-0035146,Trace McSorley,2024,QB,28-30,,,no_claim,,0,0
00-0035149,Nick Allegretti,2024,OL,28-30,20.0,17.0,no_claim,,0,0
00-0035228,Kyler Murray,2024,QB,28-30,17.0,17.0,no_claim,,0,0
00-0035233,Andre Dillard,2024,OL,28-30,2.0,17.0,pending_immature,15.0,0,0
00-0035234,Tytus Howard,2024,OL,28-30,18.0,17.0,no_claim,,0,0
00-0035235,Kaleb McGary,2024,OL,28-30,16.0,17.0,no_claim,,0,0
00-0035237,Jawaan Taylor,2024,OL,25-27,19.0,17.0,no_claim,,0,0
00-0035238,Cody Ford,2024,OL,28-30,14.0,17.0,no_claim,,0,0
00-0035242,Erik McCoy,2024,OL,28-30,7.0,17.0,pending_immature,10.0,0,0
00-0035243,Miles Sanders,2024,RB,28-30,11.0,17.0,pending_immature,6.0,0,0
00-0035245,Max Scharping,2024,OL,28-30,1.0,17.0,no_claim,,0,0
00-0035250,Devin Singletary,2024,RB,25-27,15.0,17.0,excluded_sub_threshold,2.0,0,0
00-0035251,Will Grier,2024,QB,28-30,,,no_claim,,0,0
00-0035252,Yodny Cajuste,2024,OL,28-30,,,no_claim,,0,0
00-0035258,Hjalte Froholdt,2024,OL,28-30,17.0,17.0,no_claim,,0,0
00-0035261,Tony Pollard,2024,RB,28-30,16.0,17.0,no_claim,,0,0
00-0035264,Jarrett Stidham,2024,QB,28-30,2.0,17.0,no_claim,,0,0
00-0035282,Easton Stick,2024,QB,28-30,,,no_claim,,0,0
00-0035289,Gardner Minshew,2024,QB,28-30,10.0,17.0,no_claim,,0,0
00-0035291,Trayveon Williams,2024,RB,25-27,,,no_claim,,0,0
00-0035328,Matt Nelson,2024,OL,28-30,,,no_claim,,0,0
00-0035355,Blake Hance,2024,OL,28-30,7.0,17.0,no_claim,,0,0
00-0035382,Ryan Bates,2024,OL,28-30,3.0,17.0,pending_immature,14.0,0,0
00-0035383,Nate Herbig,2024,OL,25-27,,,no_claim,,0,0
00-0035384,Iosua Opeta,2024,OL,28-30,,,no_claim,,0,0
00-0035400,Keaton Sutherland,2024,OL,28-30,,,no_claim,,0,0
00-0035468,Zack Bailey,2024,OL,28-30,1.0,17.0,no_claim,,0,0
00-0035526,Elgton Jenkins,2024,OL,28-30,18.0,17.0,no_claim,,0,0
00-0035537,Ty Johnson,2024,RB,25-27,17.0,17.0,no_claim,,0,0
00-0035567,Craig Reynolds,2024,RB,28-30,7.0,17.0,no_claim,,0,0
00-0035588,Garrett Bradbury,2024,OL,28-30,18.0,17.0,no_claim,,0,0
00-0035594,Travis Homer,2024,RB,25-27,4.0,17.0,pending_immature,13.0,0,0
00-0035628,D'Ernest Johnson,2024,RB,28-30,12.0,17.0,no_claim,,0,0
00-0035629,Jonah Williams,2024,OL,25-27,6.0,17.0,pending_immature,11.0,0,0
00-0035630,Chris Lindstrom,2024,OL,28-30,17.0,17.0,no_claim,,0,0
00-0035649,Nate Davis,2024,OL,28-30,5.0,17.0,no_claim,,0,0
00-0035668,David Edwards,2024,OL,28-30,19.0,17.0,no_claim,,0,0
00-0035679,Connor McGovern,2024,OL,25-27,25.0,17.0,no_claim,,0,0
00-0035685,David Montgomery,2024,RB,28-30,14.0,17.0,excluded_sub_threshold,3.0,0,0
00-0035686,Michael Deiter,2024,OL,28-30,11.0,17.0,no_claim,,0,0
00-0035688,Trey Pipkins,2024,OL,28-30,15.0,17.0,excluded_sub_threshold,2.0,0,0
00-0035698,Chuma Edoga,2024,OL,28-30,5.0,17.0,no_claim,,0,0
00-0035700,Josh Jacobs,2024,RB,25-27,17.0,17.0,no_claim,,0,0
00-0035702,Dalton Risner,2024,OL,28-30,9.0,17.0,no_claim,,0,0
00-0035704,Drew Lock,2024,QB,28-30,7.0,17.0,pending_immature,10.0,0,0
00-0035710,Daniel Jones,2024,QB,28-30,10.0,17.0,no_claim,,0,0
00-0035726,Jakob Johnson,2024,RB,28-30,,,no_claim,,0,0
00-0035743,Brett Toth,2024,OL,28-30,2.0,17.0,no_claim,,0,0
00-0035806,JaMycal Hasty,2024,RB,28-30,9.0,17.0,pending_immature,8.0,0,0
00-0035829,Austen Pleasants,2024,OL,28-30,2.0,17.0,no_claim,,0,0
00-0035831,James Robinson,2024,RB,25-27,,,no_claim,,0,0
00-0035853,Carter O'Donnell,2024,OL,25-27,,,no_claim,,0,0
00-0035860,Tony Jones,2024,RB,25-27,1.0,17.0,no_claim,,0,0
00-0035892,Darryl Williams,2024,OL,28-30,,,no_claim,,0,0
00-0035904,Nathan Gilliam,2024,OL,28-30,,,no_claim,,0,0
00-0035930,Cohl Cabral,2024,OL,25-27,,,no_claim,,0,0
00-0035973,Patrick Taylor,2024,RB,25-27,5.0,17.0,no_claim,,0,0
00-0035992,Trystan Colon,2024,OL,25-27,,,no_claim,,0,0
00-0035993,Tyler Huntley,2024,QB,25-27,5.0,17.0,no_claim,,0,0
00-0036036,Terence Steele,2024,OL,28-30,17.0,17.0,no_claim,,0,0
00-0036093,Bill Murray,2024,OL,28-30,3.0,17.0,no_claim,,0,0
00-0036096,J.J. Taylor,2024,RB,25-27,3.0,17.0,no_claim,,0,0
00-0036105,Nick Leverett,2024,OL,25-27,4.0,17.0,no_claim,,0,0
00-0036120,Alex Taylor,2024,OL,28-30,,,no_claim,,0,0
00-0036132,Ben Bredeson,2024,OL,25-27,18.0,17.0,no_claim,,0,0
00-0036139,Rico Dowdle,2024,RB,25-27,16.0,17.0,no_claim,,0,0
00-0036158,J.K. Dobbins,2024,RB,25-27,13.0,17.0,excluded_sub_threshold,4.0,0,0
00-0036163,Justin Herron,2024,OL,28-30,,,no_claim,,0,0
00-0036170,Mike Panasiuk,2024,OL,25-27,,,no_claim,,0,0
00-0036171,Aaron Brewer,2024,OL,25-27,17.0,17.0,no_claim,,0,0
00-0036187,Reggie Gilliam,2024,RB,28-30,2.0,17.0,pending_immature,15.0,0,0
00-0036195,Charlie Heck,2024,OL,28-30,7.0,17.0,no_claim,,0,0
00-0036198,Mike Onwenu,2024,OL,25-27,,,no_claim,,0,0
00-0036210,Badara Traore,2024,OL,28-30,,,no_claim,,0,0
00-0036212,Tua Tagovailoa,2024,QB,25-27,11.0,17.0,pending_immature,6.0,0,0
00-0036214,Tyre Phillips,2024,OL,28-30,1.0,17.0,no_claim,,0,0
00-0036215,Danny Pinter,2024,OL,28-30,2.0,17.0,no_claim,,0,0
00-0036223,Jonathan Taylor,2024,RB,25-27,14.0,17.0,excluded_sub_threshold,3.0,0,0
00-0036236,Nick Harris,2024,OL,25-27,5.0,17.0,no_claim,,0,0
00-0036246,Jon Runyan,2024,OL,28-30,,,no_claim,,0,0
00-0036248,Austin Jackson,2024,OL,25-27,8.0,17.0,pending_immature,9.0,0,0
00-0036251,Zack Moss,2024,RB,25-27,8.0,17.0,pending_immature,9.0,0,0
00-0036256,Colton McKivitz,2024,OL,28-30,17.0,17.0,no_claim,,0,0
00-0036258,Jonah Jackson,2024,OL,28-30,5.0,17.0,no_claim,,0,0
00-0036264,Jordan Love,2024,QB,25-27,15.0,17.0,no_claim,,0,0
00-0036265,AJ Dillon,2024,RB,25-27,,,no_claim,,0,0
00-0036267,Jedrick Wills,2024,OL,25-27,,,no_claim,,0,0
00-0036272,Ben Bartch,2024,OL,25-27,3.0,17.0,pending_immature,14.0,0,0
00-0036273,Jake Hanson,2024,OL,28-30,3.0,17.0,pending_immature,14.0,0,0
00-0036275,D'Andre Swift,2024,RB,25-27,17.0,17.0,no_claim,,0,0
00-0036284,Mekhi Becton,2024,OL,25-27,19.0,17.0,no_claim,,0,0
00-0036295,Matt Hennessy,2024,OL,25-27,2.0,17.0,no_claim,,0,0
00-0036297,Darrynton Evans,2024,RB,25-27,1.0,17.0,pending_immature,16.0,0,0
00-0036310,Hakeem Adeniji,2024,OL,25-27,,,no_claim,,0,0
00-0036317,Arlington Hambright,2024,OL,28-30,0.0,17.0,no_claim,,0,0
00-0036318,Lachavious Simmons,2024,OL,28-30,,,no_claim,,0,0
00-0036325,Robert Hunt,2024,OL,28-30,16.0,17.0,no_claim,,0,0
00-0036327,Ezra Cleveland,2024,OL,25-27,15.0,17.0,excluded_sub_threshold,2.0,0,0
00-0036328,Antonio Gibson,2024,RB,25-27,17.0,17.0,no_claim,,0,0
00-0036334,Saahdiq Charles,2024,OL,25-27,,,no_claim,,0,0
00-0036336,Anthony McFarland,2024,RB,25-27,,,no_claim,,0,0
00-0036339,Kevin Dotson,2024,OL,28-30,18.0,17.0,no_claim,,0,0
00-0036342,Keith Ismael,2024,OL,25-27,,,no_claim,,0,0
00-0036347,Blake Brandel,2024,OL,28-30,18.0,17.0,no_claim,,0,0
00-0036354,Kyle Hinton,2024,OL,25-27,6.0,17.0,no_claim,,0,0
00-0036355,Justin Herbert,2024,QB,25-27,17.0,17.0,no_claim,,0,0
00-0036360,Clyde Edwards-Helaire,2024,RB,25-27,2.0,17.0,pending_immature,15.0,0,0
00-0036363,Josh Jones,2024,OL,28-30,8.0,17.0,no_claim,,0,0
00-0036367,Lucas Niang,2024,OL,25-27,,,no_claim,,0,0
00-0036369,John Simpson,2024,OL,28-30,16.0,17.0,no_claim,,0,0
00-0036370,Joshua Kelley,2024,RB,25-27,1.0,17.0,no_claim,,0,0
00-0036376,Tyler Biadasz,2024,OL,25-27,18.0,17.0,no_claim,,0,0
00-0036386,Andrew Thomas,2024,OL,25-27,6.0,17.0,no_claim,,0,0
00-0036389,Jalen Hurts,2024,QB,25-27,15.0,17.0,excluded_sub_threshold,2.0,0,0
00-0036391,Lloyd Cushenberry,2024,OL,25-27,8.0,17.0,no_claim,,0,0
00-0036392,Matt Peart,2024,OL,28-30,17.0,17.0,no_claim,,0,0
00-0036396,Jack Driscoll,2024,OL,28-30,8.0,17.0,no_claim,,0,0
00-0036397,Shane Lemieux,2024,OL,28-30,6.0,17.0,pending_immature,11.0,0,0
00-0036399,Netane Muti,2024,OL,25-27,,,no_claim,,0,0
00-0036406,Tristan Wirfs,2024,OL,25-27,17.0,17.0,no_claim,,0,0
00-0036408,Cesar Ruiz,2024,OL,25-27,13.0,17.0,excluded_sub_threshold,4.0,0,0
00-0036414,Cam Akers,2024,RB,25-27,15.0,17.0,no_claim,,0,0
00-0036417,Damien Lewis,2024,OL,28-30,16.0,17.0,no_claim,,0,0
00-0036425,DeeJay Dallas,2024,RB,25-27,7.0,17.0,no_claim,,0,0
00-0036442,Joe Burrow,2024,QB,28-30,17.0,17.0,no_claim,,0,0
00-0036483,Will Fries,2024,OL,25-27,5.0,17.0,no_claim,,0,0
00-0036493,Deon Jackson,2024,RB,25-27,,,no_claim,,0,0
00-0036522,Devery Hamilton,2024,OL,25-27,,,no_claim,,0,0
00-0036543,Spencer Brown,2024,RB,25-27,,,no_claim,,0,0
00-0036551,Aaron Banks,2024,OL,25-27,13.0,17.0,excluded_sub_threshold,4.0,0,0
00-0036555,Chuba Hubbard,2024,RB,25-27,15.0,17.0,no_claim,,0,0
00-0036557,Jaylon Moore,2024,OL,25-27,10.0,17.0,no_claim,,0,0
00-0036560,Tommy Doyle,2024,OL,25-27,,,no_claim,,0,0
00-0036567,Elijah Mitchell,2024,RB,25-27,,,no_claim,,0,0
00-0036584,Foster Sarell,2024,OL,25-27,4.0,17.0,no_claim,,0,0
00-0036596,Robert Jones,2024,OL,25-27,17.0,17.0,no_claim,,0,0
00-0036603,Alaric Jackson,2024,OL,25-27,16.0,17.0,no_claim,,0,0
00-0036604,Jordan Meredith,2024,OL,25-27,9.0,17.0,pending_immature,8.0,0,0
00-0036609,Jake Burton,2024,OL,25-27,,,no_claim,,0,0
00-0036616,Christian Darrisaw,2024,OL,25-27,7.0,17.0,no_claim,,0,0
00-0036618,Samuel Cosmi,2024,OL,25-27,,,no_claim,,0,0
00-0036619,Dillon Radunz,2024,OL,25-27,15.0,17.0,excluded_sub_threshold,2.0,0,0
00-0036622,Josh Myers,2024,OL,25-27,17.0,17.0,no_claim,,0,0
00-0036623,Creed Humphrey,2024,OL,25-27,20.0,17.0,no_claim,,0,0
00-0036631,Royce Newman,2024,OL,28-30,1.0,17.0,no_claim,,0,0
00-0036636,Brenden Jaimes,2024,OL,25-27,1.0,17.0,no_claim,,0,0
00-0036653,Stone Forsythe,2024,OL,25-27,6.0,17.0,pending_immature,11.0,0,0
00-0036654,Demetric Felton,2024,RB,25-27,,,no_claim,,0,0
00-0036655,Cole Van Lanen,2024,OL,25-27,6.0,17.0,no_claim,,0,0
00-0036660,Trey Smith,2024,OL,25-27,20.0,17.0,no_claim,,0,0
00-0036663,Matt Farniok,2024,OL,25-27,,,no_claim,,0,0
00-0036679,Shane Buechele,2024,QB,25-27,,,no_claim,,0,0
00-0036727,Adam Prentice,2024,RB,28-30,4.0,17.0,no_claim,,0,0
00-0036736,Kayode Awosika,2024,OL,25-27,6.0,17.0,no_claim,,0,0
00-0036755,Jaret Patterson,2024,RB,25-27,,,no_claim,,0,0
00-0036783,Ryan McCollum,2024,OL,25-27,4.0,17.0,no_claim,,0,0
00-0036785,Coy Cronk,2024,OL,25-27,,,no_claim,,0,0
00-0036795,Jake Curhan,2024,OL,25-27,7.0,17.0,no_claim,,0,0
00-0036833,Ryan Neuzil,2024,OL,28-30,10.0,17.0,no_claim,,0,0
00-0036839,Kion Smith,2024,OL,25-27,,,no_claim,,0,0
00-0036842,Kene Nwangwu,2024,RB,25-27,1.0,17.0,pending_immature,16.0,0,0
00-0036852,D'Ante Smith,2024,OL,25-27,,,no_claim,,0,0
00-0036857,Chris Evans,2024,RB,25-27,,,no_claim,,0,0
00-0036860,Jake Funk,2024,RB,25-27,,,no_claim,,0,0
00-0036865,Jackson Carman,2024,OL,25-27,1.0,17.0,no_claim,,0,0
00-0036866,James Hudson,2024,OL,25-27,4.0,17.0,pending_immature,13.0,0,0
00-0036869,Dan Moore Jr.,2024,OL,25-27,,,no_claim,,0,0
00-0036875,Rhamondre Stevenson,2024,RB,25-27,15.0,17.0,excluded_sub_threshold,2.0,0,0
00-0036879,Sam Ehlinger,2024,QB,25-27,,,no_claim,,0,0
00-0036880,Penei Sewell,2024,OL,<=24,18.0,17.0,no_claim,,0,0
00-0036886,Josh Ball,2024,OL,25-27,,,no_claim,,0,0
00-0036892,Alex Leatherwood,2024,OL,25-27,,,no_claim,,0,0
00-0036893,Najee Harris,2024,RB,25-27,17.0,17.0,no_claim,,0,0
00-0036898,Davis Mills,2024,QB,25-27,4.0,17.0,no_claim,,0,0
00-0036905,Larry Borom,2024,OL,25-27,7.0,17.0,no_claim,,0,0
00-0036906,Khalil Herbert,2024,RB,25-27,8.0,17.0,no_claim,,0,0
00-0036919,Kenneth Gainwell,2024,RB,25-27,16.0,17.0,no_claim,,0,0
00-0036924,Michael Carter,2024,RB,25-27,3.0,17.0,no_claim,,0,0
00-0036928,Kyle Trask,2024,QB,25-27,3.0,17.0,no_claim,,0,0
00-0036930,Landon Young,2024,OL,28-30,11.0,17.0,no_claim,,0,0
00-0036945,Justin Fields,2024,QB,25-27,10.0,17.0,pending_immature,7.0,0,0
00-0036947,Jalen Mayfield,2024,OL,25-27,,,no_claim,,0,0
00-0036950,Avery Williams,2024,RB,25-27,,,no_claim,,0,0
00-0036953,Teven Jenkins,2024,OL,25-27,14.0,17.0,excluded_sub_threshold,3.0,0,0
00-0036957,Drew Dalman,2024,OL,25-27,9.0,17.0,no_claim,,0,0
00-0036968,Brady Christensen,2024,OL,28-30,12.0,17.0,no_claim,,0,0
00-0036971,Trevor Lawrence,2024,QB,25-27,10.0,17.0,pending_immature,7.0,0,0
00-0036972,Mac Jones,2024,QB,25-27,10.0,17.0,no_claim,,0,0
00-0036973,Travis Etienne,2024,RB,25-27,15.0,17.0,no_claim,,0,0
00-0036975,Walker Little,2024,OL,25-27,13.0,17.0,excluded_sub_threshold,4.0,0,0
00-0036976,Spencer Brown,2024,OL,25-27,18.0,17.0,no_claim,,0,0
00-0036977,Ben Cleveland,2024,OL,25-27,14.0,17.0,no_claim,,0,0
00-0036979,Alijah Vera-Tucker,2024,OL,25-27,15.0,17.0,excluded_sub_threshold,2.0,0,0
00-0036983,Kendrick Green,2024,OL,25-27,6.0,17.0,no_claim,,0,0
00-0036984,Trey Sermon,2024,RB,25-27,14.0,17.0,no_claim,,0,0
00-0036985,Robert Hainsey,2024,OL,25-27,6.0,17.0,no_claim,,0,0
00-0036997,Javonte Williams,2024,RB,25-27,17.0,17.0,no_claim,,0,0
00-0037001,Quinn Meinerz,2024,OL,25-27,18.0,17.0,no_claim,,0,0
00-0037002,Landon Dickerson,2024,OL,25-27,20.0,17.0,no_claim,,0,0
00-0037006,Wyatt Davis,2024,OL,25-27,,,no_claim,,0,0
00-0037009,Rashawn Slater,2024,OL,25-27,16.0,17.0,no_claim,,0,0
00-0037010,Liam Eichenberg,2024,OL,25-27,17.0,17.0,no_claim,,0,0
00-0037012,Trey Lance,2024,QB,25-27,4.0,17.0,no_claim,,0,0
00-0037013,Zach Wilson,2024,QB,25-27,,,no_claim,,0,0
00-0037068,E.J. Perry,2024,QB,25-27,,,no_claim,,0,0
00-0037076,Sean Rhyan,2024,OL,<=24,18.0,17.0,no_claim,,0,0
00-0037077,Sam Howell,2024,QB,<=24,1.0,17.0,no_claim,,0,0
00-0037081,Braxton Jones,2024,OL,25-27,12.0,17.0,excluded_sub_threshold,5.0,0,0
00-0037085,Tyler Badie,2024,RB,25-27,3.0,17.0,pending_immature,14.0,0,0
00-0037088,Doug Kramer,2024,OL,25-27,10.0,17.0,no_claim,,0,0
00-0037092,Chris Paul,2024,OL,25-27,2.0,17.0,no_claim,,0,0
00-0037120,Tyler Goodson,2024,RB,<=24,9.0,17.0,no_claim,,0,0
00-0037167,Tyrese Robinson,2024,OL,25-27,1.0,17.0,no_claim,,0,0
00-0037194,Darian Kinnard,2024,OL,25-27,2.0,17.0,no_claim,,0,0
00-0037196,Rasheed Walker,2024,OL,25-27,18.0,17.0,no_claim,,0,0
00-0037197,Isiah Pacheco,2024,RB,25-27,7.0,17.0,pending_immature,10.0,0,0
00-0037207,Mike Caliendo,2024,OL,25-27,15.0,17.0,no_claim,,0,0
00-0037225,Chris Glaser,2024,OL,25-27,1.0,17.0,no_claim,,0,0
00-0037228,Jaylen Warren,2024,RB,25-27,15.0,17.0,excluded_sub_threshold,2.0,0,0
00-0037229,Ikem Ekwonu,2024,OL,<=24,15.0,17.0,excluded_sub_threshold,2.0,0,0
00-0037241,Trevor Penning,2024,OL,25-27,17.0,17.0,no_claim,,0,0
00-0037243,Tyler Smith,2024,OL,<=24,16.0,17.0,no_claim,,0,0
00-0037248,James Cook,2024,RB,25-27,16.0,17.0,no_claim,,0,0
00-0037255,Dylan Parham,2024,OL,25-27,15.0,17.0,excluded_sub_threshold,2.0,0,0
00-0037256,Rachaad White,2024,RB,25-27,15.0,17.0,excluded_sub_threshold,2.0,0,0
00-0037258,Dameon Pierce,2024,RB,25-27,9.0,17.0,pending_immature,8.0,0,0
00-0037263,Tyler Allgeier,2024,RB,25-27,17.0,17.0,no_claim,,0,0
00-0037265,Snoop Conner,2024,RB,25-27,,,no_claim,,0,0
00-0037266,Matt Waletzko,2024,OL,25-27,3.0,17.0,no_claim,,0,0
00-0037267,Jerome Ford,2024,RB,25-27,14.0,17.0,excluded_sub_threshold,3.0,0,0
00-0037276,Ty Chandler,2024,RB,25-27,10.0,17.0,no_claim,,0,0
00-0037278,Luke Wattenberg,2024,OL,25-27,14.0,17.0,excluded_sub_threshold,3.0,0,0
00-0037279,Marcus McKethan,2024,OL,25-27,,,no_claim,,0,0
00-0037287,Vederian Lowe,2024,OL,25-27,14.0,17.0,excluded_sub_threshold,3.0,0,0
00-0037295,Jamaree Salyer,2024,OL,25-27,15.0,17.0,no_claim,,0,0
00-0037297,Cade Mays,2024,OL,25-27,9.0,17.0,no_claim,,0,0
00-0037302,Austin Deculus,2024,OL,25-27,3.0,17.0,no_claim,,0,0
00-0037305,Luke Tenuta,2024,OL,25-27,,,no_claim,,0,0
00-0037308,Lecitus Smith,2024,OL,25-27,2.0,17.0,no_claim,,0,0
00-0037322,Thayer Munford Jr.,2024,OL,25-27,,,no_claim,,0,0
00-0037327,Skylar Thompson,2024,QB,28-30,2.0,17.0,no_claim,,0,0
00-0037331,Zander Horvath,2024,RB,25-27,,,no_claim,,0,0
00-0037336,Brock Hoffman,2024,OL,25-27,12.0,17.0,no_claim,,0,0
00-0037349,Kellen Diesch,2024,OL,28-30,,,no_claim,,0,0
00-0037385,Michael Niese,2024,OL,25-27,5.0,17.0,no_claim,,0,0
00-0037396,Wesley French,2024,OL,28-30,,,no_claim,,0,0
00-0037404,Ryan Van Demark,2024,OL,25-27,9.0,17.0,no_claim,,0,0
00-0037410,Jashaun Corbin,2024,RB,25-27,,,no_claim,,0,0
00-0037413,Ben Brown,2024,OL,25-27,10.0,17.0,pending_immature,7.0,0,0
00-0037414,Devin Cochran,2024,OL,25-27,4.0,17.0,no_claim,,0,0
00-0037428,Alec Anderson,2024,OL,25-27,20.0,17.0,no_claim,,0,0
00-0037429,Raheem Blackshear,2024,RB,25-27,3.0,17.0,no_claim,,0,0
00-0037441,Kevin Jarvis,2024,OL,25-27,,,no_claim,,0,0
00-0037495,Bryant Koback,2024,RB,25-27,,,no_claim,,0,0
00-0037509,Sincere McCormick,2024,RB,<=24,4.0,17.0,no_claim,,0,0
00-0037525,Jordan Mason,2024,RB,25-27,12.0,17.0,excluded_sub_threshold,5.0,0,0
00-0037529,Jason Poe,2024,OL,25-27,,,no_claim,,0,0
00-0037537,Lewis Kidd,2024,OL,25-27,,,no_claim,,0,0
00-0037557,Ronnie Rivers,2024,RB,25-27,5.0,17.0,no_claim,,0,0
00-0037572,Alec Lindstrom,2024,OL,28-30,0.0,17.0,no_claim,,0,0
00-0037590,Tyler Vrabel,2024,OL,25-27,,,no_claim,,0,0
00-0037594,Julius Chestnut,2024,RB,<=24,7.0,17.0,no_claim,,0,0
00-0037601,Xavier Newman-Johnson,2024,OL,25-27,1.0,17.0,pending_immature,16.0,0,0
00-0037605,Andrew Rupcich,2024,OL,25-27,2.0,17.0,pending_immature,15.0,0,0
00-0037612,Evan Neal,2024,OL,<=24,9.0,17.0,pending_immature,8.0,0,0
00-0037613,Kenyon Green,2024,OL,<=24,11.0,17.0,no_claim,,0,0
00-0037617,Hassan Haskins,2024,RB,25-27,11.0,17.0,no_claim,,0,0
00-0037618,Zach Thomas,2024,OL,25-27,,,no_claim,,0,0
00-0037620,Andrew Stueber,2024,OL,25-27,2.0,17.0,no_claim,,0,0
00-0037625,Vitaliy Gurman,2024,OL,25-27,,,no_claim,,0,0
00-0037745,Velus Jones Jr.,2024,RB,28-30,2.0,17.0,no_claim,,0,0
00-0037746,Brian Robinson,2024,RB,25-27,14.0,17.0,excluded_sub_threshold,3.0,0,0
00-0037754,Nicholas Petit-Frere,2024,OL,25-27,11.0,17.0,no_claim,,0,0
00-0037757,Bernhard Raimann,2024,OL,25-27,14.0,17.0,excluded_sub_threshold,3.0,0,0
00-0037807,Joshua Ezeudu,2024,OL,25-27,10.0,17.0,no_claim,,0,0
00-0037812,Abraham Lucas,2024,OL,25-27,7.0,17.0,pending_immature,10.0,0,0
00-0037814,Luke Fortner,2024,OL,25-27,4.0,17.0,no_claim,,0,0
00-0037817,Zach Tom,2024,OL,25-27,18.0,17.0,no_claim,,0,0
00-0037818,Zion Johnson,2024,OL,25-27,18.0,17.0,no_claim,,0,0
00-0037821,Charles Cross,2024,OL,<=24,17.0,17.0,no_claim,,0,0
00-0037825,Tyler Linderbaum,2024,OL,25-27,19.0,17.0,no_claim,,0,0
00-0037829,Spencer Burford,2024,OL,25-27,5.0,17.0,pending_immature,12.0,0,0
00-0037831,Nick Zakelj,2024,OL,25-27,5.0,17.0,no_claim,,0,0
00-0037834,Brock Purdy,2024,QB,25-27,15.0,17.0,excluded_sub_threshold,2.0,0,0
00-0037835,Luke Goedeke,2024,OL,25-27,14.0,17.0,excluded_sub_threshold,3.0,0,0
00-0037836,Logan Bruss,2024,OL,25-27,3.0,17.0,pending_immature,14.0,0,0
00-0037840,Kyren Williams,2024,RB,25-27,16.0,17.0,no_claim,,0,0
00-0037845,A.J. Arcuri,2024,OL,28-30,,,no_claim,,0,0
00-0038040,Zamir White,2024,RB,25-27,8.0,17.0,pending_immature,9.0,0,0
00-0038073,Alex Akingbulu,2024,OL,25-27,,,no_claim,,0,0
00-0038095,Cordell Volson,2024,OL,25-27,15.0,17.0,no_claim,,0,0
00-0038098,Pierre Strong,2024,RB,25-27,11.0,17.0,pending_immature,6.0,0,0
00-0038102,Kenny Pickett,2024,QB,25-27,5.0,17.0,no_claim,,0,0
00-0038103,Cole Strange,2024,OL,25-27,2.0,17.0,pending_immature,15.0,0,0
00-0038108,Bailey Zappe,2024,QB,25-27,1.0,17.0,no_claim,,0,0
00-0038112,Cam Jurgens,2024,OL,25-27,20.0,17.0,no_claim,,0,0
00-0038114,Max Mitchell,2024,OL,25-27,7.0,17.0,no_claim,,0,0
00-0038118,Daniel Faalele,2024,OL,25-27,19.0,17.0,no_claim,,0,0
00-0038120,Breece Hall,2024,RB,<=24,16.0,17.0,no_claim,,0,0
00-0038122,Desmond Ridder,2024,QB,25-27,5.0,17.0,no_claim,,0,0
00-0038128,Malik Willis,2024,QB,25-27,6.0,17.0,no_claim,,0,0
00-0038131,Ed Ingram,2024,OL,25-27,9.0,17.0,no_claim,,0,0
00-0038132,Matt Corral,2024,QB,25-27,,,no_claim,,0,0
00-0038134,Kenneth Walker,2024,RB,<=24,11.0,17.0,pending_immature,6.0,0,0
00-0038150,Nathan Rourke,2024,QB,25-27,,,no_claim,,0,0
00-0038223,Liam Fornadel,2024,OL,25-27,,,no_claim,,0,0
00-0038304,Barry Wesley,2024,OL,25-27,,,no_claim,,0,0
00-0038358,Mike Mcallister,2024,OL,25-27,,,no_claim,,0,0
00-0038383,Andrew Vorhees,2024,OL,25-27,6.0,17.0,pending_immature,11.0,0,0
00-0038385,Dresser Winn,2024,QB,25-27,,,no_claim,,0,0
00-0038389,Israel Abanikanda,2024,RB,<=24,,,no_claim,,0,0
00-0038391,Sean Clifford,2024,QB,25-27,,,no_claim,,0,0
00-0038396,Eric Gray,2024,RB,25-27,10.0,17.0,no_claim,,0,0
00-0038400,Tanner McKee,2024,QB,25-27,2.0,17.0,no_claim,,0,0
00-0038409,Lew Nichols III,2024,RB,<=24,,,no_claim,,0,0
00-0038410,Jake Witt,2024,OL,25-27,,,no_claim,,0,0
00-0038416,Tyson Bagent,2024,QB,25-27,4.0,17.0,no_claim,,0,0
00-0038419,Robert Burns,2024,RB,25-27,,,no_claim,,0,0
00-0038454,Keaton Mitchell,2024,RB,<=24,2.0,17.0,pending_immature,15.0,0,0
00-0038458,Owen Wright,2024,RB,25-27,,,no_claim,,0,0
00-0038459,Tykeem Doss,2024,OL,25-27,,,no_claim,,0,0
00-0038464,Chuck Filiaga,2024,OL,25-27,,,no_claim,,0,0
00-0038471,Kadeem Telfort,2024,OL,25-27,5.0,17.0,no_claim,,0,0
00-0038476,Tommy DeVito,2024,QB,25-27,2.0,17.0,no_claim,,0,0
00-0038485,Chim Okorafor,2024,OL,25-27,,,no_claim,,0,0
00-0038500,Brent Laing,2024,OL,25-27,,,no_claim,,0,0
00-0038536,Chandler Zavala,2024,OL,25-27,13.0,17.0,no_claim,,0,0
00-0038537,J.D. DiRenzo,2024,OL,25-27,,,no_claim,,0,0
00-0038540,Paris Johnson Jr.,2024,OL,<=24,,,no_claim,,0,0
00-0038542,Bijan Robinson,2024,RB,<=24,17.0,17.0,no_claim,,0,0
00-0038548,O'Cyrus Torrence,2024,OL,25-27,19.0,17.0,no_claim,,0,0
00-0038550,Hendon Hooker,2024,QB,25-27,3.0,17.0,no_claim,,0,0
00-0038551,Kendre Miller,2024,RB,<=24,6.0,17.0,pending_immature,11.0,0,0
00-0038555,Tank Bigsby,2024,RB,<=24,15.0,17.0,excluded_sub_threshold,2.0,0,0
00-0038566,Nick Saldiveri,2024,OL,25-27,9.0,17.0,pending_immature,8.0,0,0
00-0038569,Sidy Sow,2024,OL,25-27,10.0,17.0,pending_immature,7.0,0,0
00-0038571,Jon Gaines,2024,OL,25-27,,,no_claim,,0,0
00-0038579,Aidan O'Connell,2024,QB,25-27,9.0,17.0,no_claim,,0,0
00-0038582,Clayton Tune,2024,QB,25-27,5.0,17.0,no_claim,,0,0
00-0038583,Dorian Thompson-Robinson,2024,QB,25-27,6.0,17.0,no_claim,,0,0
00-0038592,Colby Sorsdal,2024,OL,25-27,0.0,17.0,no_claim,,0,0
00-0038593,Olusegun Oluwatimi,2024,OL,25-27,,,no_claim,,0,0
00-0038595,Jordan McFadden,2024,OL,25-27,1.0,17.0,no_claim,,0,0
00-0038597,Chase Brown,2024,RB,25-27,16.0,17.0,no_claim,,0,0
00-0038598,Jaren Hall,2024,QB,25-27,,,no_claim,,0,0
00-0038601,Asim Richards,2024,OL,<=24,8.0,17.0,pending_immature,9.0,0,0
00-0038607,Jaelyn Duncan,2024,OL,25-27,4.0,17.0,pending_immature,13.0,0,0
00-0038609,Luke Wypler,2024,OL,<=24,,,no_claim,,0,0
00-0038611,Chris Rodriguez,2024,RB,25-27,6.0,17.0,no_claim,,0,0
00-0038614,Scott Matlock,2024,RB,25-27,5.0,17.0,no_claim,,0,0
00-0038615,Jarrett Patterson,2024,OL,25-27,12.0,17.0,excluded_sub_threshold,5.0,0,0
00-0038622,Deuce Vaughn,2024,RB,<=24,5.0,17.0,no_claim,,0,0
00-0038630,Cooper Hodges,2024,OL,25-27,3.0,17.0,no_claim,,0,0
00-0038633,Nick Broeker,2024,OL,<=24,1.0,17.0,no_claim,,0,0
00-0038636,Kenny McIntosh,2024,RB,25-27,7.0,17.0,no_claim,,0,0
00-0038637,Max Duggan,2024,QB,<=24,,,no_claim,,0,0
00-0038645,Spencer Anderson,2024,OL,25-27,15.0,17.0,no_claim,,0,0
00-0038649,Alex Forsyth,2024,OL,25-27,8.0,17.0,no_claim,,0,0
00-0038654,Connor Galvin,2024,OL,25-27,,,no_claim,,0,0
00-0038656,Mohamed Ibrahim,2024,RB,25-27,,,no_claim,,0,0
00-0038678,Jordan Mims,2024,RB,25-27,7.0,17.0,no_claim,,0,0
00-0038685,Chris Brooks,2024,RB,25-27,11.0,17.0,no_claim,,0,0
00-0038705,Emari Demercado,2024,RB,25-27,13.0,17.0,excluded_sub_threshold,4.0,0,0
00-0038721,Tyler Beach,2024,OL,25-27,,,no_claim,,0,0
00-0038731,TJ Bass,2024,OL,25-27,,,no_claim,,0,0
00-0038732,Earl Bostick Jr.,2024,OL,25-27,,,no_claim,,0,0
00-0038738,Hunter Luepke,2024,RB,25-27,13.0,17.0,excluded_sub_threshold,4.0,0,0
00-0038775,Nash Jensen,2024,OL,25-27,,,no_claim,,0,0
00-0038792,Demontrey Jacobs,2024,OL,25-27,15.0,17.0,no_claim,,0,0
00-0038794,Jaleel McLaughlin,2024,RB,<=24,16.0,17.0,no_claim,,0,0
00-0038796,Alex Palczewski,2024,OL,25-27,7.0,17.0,pending_immature,10.0,0,0
00-0038797,Emanuel Wilson,2024,RB,25-27,17.0,17.0,no_claim,,0,0
00-0038852,John Ojukwu,2024,OL,25-27,11.0,17.0,no_claim,,0,0
00-0038875,Jack Colletto,2024,RB,25-27,,,no_claim,,0,0
00-0038876,Joey Fisher,2024,OL,25-27,,,no_claim,,0,0
00-0038879,Corey Luciano,2024,OL,25-27,,,no_claim,,0,0
00-0038880,Ilm Manning,2024,OL,25-27,,,no_claim,,0,0
00-0038892,Jaxson Kirkland,2024,OL,25-27,1.0,17.0,no_claim,,0,0
00-0038896,Jacob Saylors,2024,RB,25-27,,,no_claim,,0,0
00-0038903,Mark Evans II,2024,OL,25-27,,,no_claim,,0,0
00-0038910,SaRodorick Thompson Jr.,2024,RB,25-27,,,no_claim,,0,0
00-0038924,Silas Dzansi,2024,OL,25-27,,,no_claim,,0,0
00-0038930,Carlos Washington,2024,RB,25-27,,,no_claim,,0,0
00-0038932,Darnell Wright,2024,OL,<=24,16.0,17.0,no_claim,,0,0
00-0038934,Anton Harrison,2024,OL,<=24,16.0,17.0,no_claim,,0,0
00-0038936,Juice Scruggs,2024,OL,25-27,14.0,17.0,excluded_sub_threshold,3.0,0,0
00-0038947,Grant Miller,2024,OL,25-27,,,no_claim,,0,0
00-0038951,Sean Tucker,2024,RB,<=24,11.0,17.0,no_claim,,0,0
00-0038981,Wanya Morris,2024,OL,<=24,15.0,17.0,no_claim,,0,0
00-0038998,Jake Haener,2024,QB,25-27,8.0,17.0,no_claim,,0,0
00-0039001,Tyler Steen,2024,OL,25-27,16.0,17.0,no_claim,,0,0
00-0039004,Carter Warren,2024,OL,25-27,3.0,17.0,no_claim,,0,0
00-0039005,Jaylon Thomas,2024,OL,25-27,,,no_claim,,0,0
00-0039010,Braeden Daniels,2024,OL,25-27,,,no_claim,,0,0
00-0039014,Dawand Jones,2024,OL,<=24,9.0,17.0,no_claim,,0,0
00-0039019,John Michael Schmitz,2024,OL,25-27,15.0,17.0,excluded_sub_threshold,2.0,0,0
00-0039020,Anthony Bradford,2024,OL,<=24,11.0,17.0,no_claim,,0,0
00-0039021,Roschon Johnson,2024,RB,<=24,12.0,17.0,excluded_sub_threshold,5.0,0,0
00-0039030,Jake Andrews,2024,OL,25-27,,,no_claim,,0,0
00-0039032,Tyjae Spears,2024,RB,<=24,12.0,17.0,excluded_sub_threshold,5.0,0,0
00-0039034,Peter Skoronski,2024,OL,<=24,17.0,17.0,no_claim,,0,0
00-0039040,De'Von Achane,2024,RB,<=24,17.0,17.0,no_claim,,0,0
00-0039042,Ryan Hayes,2024,OL,25-27,0.0,17.0,no_claim,,0,0
00-0039046,DeWayne McBride,2024,RB,<=24,,,no_claim,,0,0
00-0039048,Matthew Bergeron,2024,OL,25-27,17.0,17.0,no_claim,,0,0
00-0039058,Steve Avila,2024,OL,25-27,12.0,17.0,no_claim,,0,0
00-0039077,Warren McClendon Jr.,2024,OL,<=24,,,no_claim,,0,0
00-0039107,Stetson Bennett,2024,QB,25-27,,,no_claim,,0,0
00-0039109,Broderick Jones,2024,OL,<=24,18.0,17.0,no_claim,,0,0
00-0039139,Jahmyr Gibbs,2024,RB,<=24,17.0,17.0,no_claim,,0,0
00-0039145,Joe Tippmann,2024,OL,<=24,17.0,17.0,no_claim,,0,0
00-0039150,Bryce Young,2024,QB,<=24,14.0,17.0,no_claim,,0,0
00-0039152,Will Levis,2024,QB,25-27,12.0,17.0,no_claim,,0,0
00-0039157,Cody Mauch,2024,OL,25-27,18.0,17.0,no_claim,,0,0
00-0039158,Blake Freeland,2024,OL,<=24,2.0,17.0,no_claim,,0,0
00-0039163,C.J. Stroud,2024,QB,<=24,17.0,17.0,no_claim,,0,0
00-0039164,Anthony Richardson,2024,QB,<=24,11.0,17.0,pending_immature,6.0,0,0
00-0039165,Zach Charbonnet,2024,RB,<=24,17.0,17.0,no_claim,,0,0
00-0039230,Dante Miller,2024,RB,25-27,,,no_claim,,0,0
00-0039233,Roger Rosengarten,2024,OL,<=24,18.0,17.0,no_claim,,0,0
00-0039237,Nick Samac,2024,OL,<=24,,,no_claim,,0,0
00-0039244,Chris Collier,2024,RB,25-27,2.0,17.0,no_claim,,0,0
00-0039257,Darrell Simpson,2024,OL,25-27,,,no_claim,,0,0
00-0039264,Anim Dankwah,2024,OL,<=24,,,no_claim,,0,0
00-0039266,Kendall Milton,2024,RB,<=24,,,no_claim,,0,0
00-0039271,Jarveon Howard,2024,RB,25-27,,,no_claim,,0,0
00-0039283,Brady Latham,2024,OL,<=24,,,no_claim,,0,0
00-0039290,Willie Tyler,2024,OL,25-27,,,no_claim,,0,0
00-0039299,George Holani,2024,RB,25-27,2.0,17.0,no_claim,,0,0
00-0039302,Kobe Lewis,2024,RB,25-27,,,no_claim,,0,0
00-0039310,Trevor Keegan,2024,OL,25-27,1.0,17.0,pending_immature,16.0,0,0
00-0039317,Ethan Driskell,2024,OL,25-27,1.0,17.0,no_claim,,0,0
00-0039320,Griffin McDowell,2024,OL,25-27,,,no_claim,,0,0
00-0039321,McKade Mettauer,2024,OL,25-27,,,no_claim,,0,0
00-0039325,Carson Steele,2024,RB,<=24,12.0,17.0,no_claim,,0,0
00-0039326,Nick Torres,2024,OL,25-27,,,no_claim,,0,0
00-0039334,Andrew Peasley,2024,QB,25-27,,,no_claim,,0,0
00-0039339,Taliese Fuaga,2024,OL,<=24,17.0,17.0,no_claim,,0,0
00-0039341,Tyler Guyton,2024,OL,<=24,14.0,17.0,no_claim,,0,0
00-0039344,Jonathon Brooks,2024,RB,<=24,3.0,17.0,pending_immature,14.0,0,0
00-0039348,Cooper Beebe,2024,OL,<=24,16.0,17.0,no_claim,,0,0
00-0039349,DJ Glaze,2024,OL,<=24,,,no_claim,,0,0
00-0039350,Zak Zinter,2024,OL,<=24,8.0,17.0,no_claim,,0,0
00-0039351,Dominick Puni,2024,OL,25-27,17.0,17.0,no_claim,,0,0
00-0039358,Mason McCormick,2024,OL,25-27,15.0,17.0,no_claim,,0,0
00-0039361,Bucky Irving,2024,RB,<=24,17.0,17.0,no_claim,,0,0
00-0039362,Giovanni Manu,2024,OL,<=24,,,no_claim,,0,0
00-0039363,Isaac Guerendo,2024,RB,25-27,13.0,17.0,excluded_sub_threshold,4.0,0,0
00-0039364,Sione Vaki,2024,RB,<=24,4.0,17.0,pending_immature,13.0,0,0
00-0039373,Audric Estimé,2024,RB,<=24,13.0,17.0,no_claim,,0,0
00-0039376,Spencer Rattler,2024,QB,<=24,7.0,17.0,no_claim,,0,0
00-0039382,Christian Jones,2024,OL,25-27,2.0,17.0,no_claim,,0,0
00-0039384,Tyrone Tracy Jr.,2024,RB,25-27,17.0,17.0,no_claim,,0,0
00-0039385,Keilan Robinson,2024,RB,25-27,,,no_claim,,0,0
00-0039391,Kimani Vidal,2024,RB,<=24,9.0,17.0,no_claim,,0,0
00-0039393,Jase McClellan,2024,RB,<=24,2.0,17.0,pending_immature,15.0,0,0
00-0039398,Joe Milton III,2024,QB,25-27,1.0,17.0,no_claim,,0,0
00-0039407,Dylan Laube,2024,RB,25-27,1.0,17.0,no_claim,,0,0
00-0039408,Christian Mahogany,2024,OL,<=24,5.0,17.0,pending_immature,12.0,0,0
00-0039411,Elijah Klein,2024,OL,25-27,2.0,17.0,no_claim,,0,0
00-0039419,Michael Jurgens,2024,OL,25-27,0.0,17.0,no_claim,,0,0
00-0039422,Nathan Thomas,2024,OL,<=24,,,no_claim,,0,0
00-0039426,Matt Lee,2024,OL,<=24,8.0,17.0,no_claim,,0,0
00-0039434,LaDarius Henderson,2024,OL,<=24,,,no_claim,,0,0
00-0039438,Nick Gargiulo,2024,OL,25-27,,,no_claim,,0,0
00-0039441,Duke Clemens,2024,OL,<=24,,,no_claim,,0,0
00-0039455,Daijun Edwards,2024,RB,<=24,,,no_claim,,0,0
00-0039466,Ian Wheeler,2024,RB,<=24,,,no_claim,,0,0
00-0039467,Keaton Bills,2024,OL,25-27,,,no_claim,,0,0
00-0039468,Gunner Britton,2024,OL,25-27,,,no_claim,,0,0
00-0039485,Andrew Meyer,2024,OL,25-27,,,no_claim,,0,0
00-0039492,Jeremiah Crawford,2024,OL,<=24,,,no_claim,,0,0
00-0039501,Jack Plummer,2024,QB,25-27,,,no_claim,,0,0
00-0039503,Jaden Shirden,2024,RB,<=24,,,no_claim,,0,0
00-0039508,Jake Kubas,2024,OL,25-27,5.0,17.0,no_claim,,0,0
00-0039529,Nathaniel Peat,2024,RB,25-27,,,no_claim,,0,0
00-0039533,Clark Barrington,2024,OL,25-27,,,no_claim,,0,0
00-0039534,Carter Bradley,2024,QB,25-27,,,no_claim,,0,0
00-0039542,Jake Johanning,2024,OL,<=24,,,no_claim,,0,0
00-0039554,Jalen Jackson,2024,RB,25-27,,,no_claim,,0,0
00-0039557,Lorenzo Lingard,2024,RB,25-27,,,no_claim,,0,0
00-0039568,Frank Crum,2024,OL,25-27,3.0,17.0,pending_immature,14.0,0,0
00-0039573,Blake Watson,2024,RB,25-27,1.0,17.0,no_claim,,0,0
00-0039578,Dalton Tucker,2024,OL,25-27,8.0,17.0,no_claim,,0,0
00-0039584,Xavier Delgado,2024,OL,25-27,,,no_claim,,0,0
00-0039597,Zack Annexstad,2024,QB,25-27,,,no_claim,,0,0
00-0039603,British Brooks,2024,RB,25-27,1.0,17.0,no_claim,,0,0
00-0039617,Jacob Kibodi,2024,RB,25-27,1.0,17.0,no_claim,,0,0
00-0039624,Kyle Hergel,2024,OL,25-27,1.0,17.0,no_claim,,0,0
00-0039627,Noah Cain,2024,RB,<=24,,,no_claim,,0,0
00-0039629,Elijah Collins,2024,RB,25-27,,,no_claim,,0,0
00-0039633,Rocky Lombardi,2024,QB,25-27,,,no_claim,,0,0
00-0039635,Eric Miller,2024,OL,25-27,,,no_claim,,0,0
00-0039639,Brian Dooley,2024,OL,25-27,,,no_claim,,0,0
00-0039647,Dillon Johnson,2024,RB,<=24,,,no_claim,,0,0
00-0039651,Sam Schnee,2024,RB,25-27,,,no_claim,,0,0
00-0039653,Cole Spencer,2024,OL,25-27,,,no_claim,,0,0
00-0039657,Casey Bauman,2024,QB,25-27,,,no_claim,,0,0
00-0039669,Tyler McLellan,2024,OL,25-27,,,no_claim,,0,0
00-0039671,Willis Patrick,2024,OL,25-27,,,no_claim,,0,0
00-0039673,Tyler Smith,2024,OL,25-27,16.0,17.0,no_claim,,0,0
00-0039675,Bucky Williams,2024,OL,25-27,,,no_claim,,0,0
00-0039678,Austin Jones,2024,RB,<=24,,,no_claim,,0,0
00-0039680,David Nwaogwugwu,2024,OL,<=24,,,no_claim,,0,0
00-0039686,Colson Yankoff,2024,RB,25-27,,,no_claim,,0,0
00-0039689,Zuri Henry,2024,OL,25-27,,,no_claim,,0,0
00-0039693,Charles Turner III,2024,OL,<=24,,,no_claim,,0,0
00-0039698,Briason Mays,2024,OL,25-27,,,no_claim,,0,0
00-0039700,Drake Nugent,2024,OL,<=24,,,no_claim,,0,0
00-0039703,Cody Schrader,2024,RB,25-27,1.0,17.0,no_claim,,0,0
00-0039706,Jeremy Flax,2024,OL,25-27,,,no_claim,,0,0
00-0039721,Ryan Coll,2024,OL,<=24,,,no_claim,,0,0
00-0039723,John Paddock,2024,QB,25-27,,,no_claim,,0,0
00-0039731,JC Latham,2024,OL,<=24,17.0,17.0,no_claim,,0,0
00-0039732,Bo Nix,2024,QB,25-27,17.0,17.0,no_claim,,0,0
00-0039735,Jackson Powers-Johnson,2024,OL,<=24,15.0,17.0,excluded_sub_threshold,2.0,0,0
00-0039736,Matt Goncalves,2024,OL,<=24,10.0,17.0,no_claim,,0,0
00-0039738,Blake Corum,2024,RB,<=24,14.0,17.0,no_claim,,0,0
00-0039742,Javon Foster,2024,OL,25-27,0.0,17.0,no_claim,,0,0
00-0039744,Tanor Bortolini,2024,OL,<=24,8.0,17.0,pending_immature,9.0,0,0
00-0039746,Will Shipley,2024,RB,<=24,5.0,17.0,pending_immature,12.0,0,0
00-0039753,Beaux Limmer,2024,OL,<=24,17.0,17.0,no_claim,,0,0
00-0039755,KT Leveston,2024,OL,25-27,,,no_claim,,0,0
00-0039757,Terrell Jennings,2024,RB,<=24,2.0,17.0,no_claim,,0,0
00-0039758,Ryan Johnson,2024,OL,25-27,,,no_claim,,0,0
00-0039766,Ramon Jefferson,2024,RB,25-27,,,no_claim,,0,0
00-0039779,Blake Larson,2024,OL,25-27,,,no_claim,,0,0
00-0039784,Justin Dedich,2024,OL,25-27,4.0,17.0,no_claim,,0,0
00-0039790,Olumuyiwa Fashanu,2024,OL,<=24,11.0,17.0,no_claim,,0,0
00-0039794,Braelon Allen,2024,RB,<=24,17.0,17.0,no_claim,,0,0
00-0039796,Rasheen Ali,2024,RB,<=24,4.0,17.0,pending_immature,13.0,0,0
00-0039797,Jordan Travis,2024,QB,25-27,,,no_claim,,0,0
00-0039798,Isaiah Davis,2024,RB,<=24,9.0,17.0,no_claim,,0,0
00-0039799,Sataoa Laumea,2024,OL,<=24,6.0,17.0,no_claim,,0,0
00-0039808,Isaiah Adams,2024,OL,25-27,11.0,17.0,pending_immature,6.0,0,0
00-0039811,MarShawn Lloyd,2024,RB,<=24,1.0,17.0,pending_immature,16.0,0,0
00-0039817,Jacob Monk,2024,OL,<=24,0.0,17.0,no_claim,,0,0
00-0039819,Travis Glover,2024,OL,25-27,3.0,17.0,no_claim,,0,0
00-0039822,Kiran Amegadjie,2024,OL,<=24,5.0,17.0,pending_immature,12.0,0,0
00-0039827,Hunter Nourzad,2024,OL,<=24,1.0,17.0,no_claim,,0,0
00-0039828,Walter Rouse,2024,OL,<=24,0.0,17.0,no_claim,,0,0
00-0039830,Dylan McMahon,2024,OL,<=24,2.0,17.0,no_claim,,0,0
00-0039832,Jarrett Kingston,2024,OL,25-27,1.0,17.0,no_claim,,0,0
00-0039833,C.J. Hanson,2024,OL,<=24,1.0,17.0,no_claim,,0,0
00-0039839,Christian Haynes,2024,OL,25-27,9.0,17.0,no_claim,,0,0
00-0039842,Michael Jerrell,2024,OL,25-27,6.0,17.0,no_claim,,0,0
00-0039844,Kingsley Suamataia,2024,OL,<=24,10.0,17.0,no_claim,,0,0
00-0039851,Drake Maye,2024,QB,<=24,13.0,17.0,no_claim,,0,0
00-0039857,Blake Fisher,2024,OL,<=24,11.0,17.0,pending_immature,6.0,0,0
00-0039863,Caedan Wallace,2024,OL,25-27,6.0,17.0,pending_immature,11.0,0,0
00-0039871,Troy Fautanu,2024,OL,<=24,1.0,17.0,no_claim,,0,0
00-0039874,Jaylen Wright,2024,RB,<=24,13.0,17.0,no_claim,,0,0
00-0039875,Ray Davis,2024,RB,25-27,16.0,17.0,no_claim,,0,0
00-0039876,Sedrick Van Pran-Granger,2024,OL,<=24,9.0,17.0,no_claim,,0,0
00-0039882,Tylan Grable,2024,OL,25-27,4.0,17.0,pending_immature,13.0,0,0
00-0039887,Layden Robinson,2024,OL,<=24,12.0,17.0,excluded_sub_threshold,5.0,0,0
00-0039896,Zach Frazier,2024,OL,<=24,16.0,17.0,no_claim,,0,0
00-0039897,Joe Alt,2024,OL,<=24,17.0,17.0,no_claim,,0,0
00-0039899,Patrick Paul,2024,OL,<=24,9.0,17.0,no_claim,,0,0
00-0039904,Jordan Morgan,2024,OL,<=24,6.0,17.0,pending_immature,11.0,0,0
00-0039905,Graham Barton,2024,OL,<=24,17.0,17.0,no_claim,,0,0
00-0039910,Jayden Daniels,2024,QB,<=24,17.0,17.0,no_claim,,0,0
00-0039913,Brandon Coleman,2024,OL,<=24,19.0,17.0,no_claim,,0,0
00-0039917,Michael Penix Jr.,2024,QB,25-27,5.0,17.0,no_claim,,0,0
00-0039918,Caleb Williams,2024,QB,<=24,17.0,17.0,no_claim,,0,0
00-0039921,Trey Benson,2024,RB,<=24,12.0,17.0,excluded_sub_threshold,5.0,0,0
00-0039923,J.J. McCarthy,2024,QB,<=24,,,no_claim,,0,0
00-0039925,Amarius Mims,2024,OL,<=24,15.0,17.0,excluded_sub_threshold,2.0,0,0
00-0039926,Jalen Sundell,2024,OL,25-27,5.0,17.0,no_claim,,0,0
00-0039930,Travis Clayton,2024,OL,<=24,,,no_claim,,0,0
00-0039939,Oliver Jervis,2024,OL,25-27,,,no_claim,,0,0
00-0039940,Kairee Robinson,2024,RB,25-27,,,no_claim,,0,0
